run_id,algorithm,depth,budget_multiplier,parameterization,objective_kind,trace_evaluations_including_initial,initial_training_objective,final_training_objective,objective_improvement,initial_p_opt,final_p_opt,p_opt_change,training_objective_p_opt_pearson,objective_improved_but_p_opt_decreased
bfo-364e03eb9d75855b629a6bdc03fae3d9a50733285c9b8b912d5e514cefc3fa47,global_grover,21,25,DIRECT,cvar_0.10,1051,26.75178542977832,26.02564480739643,0.7261406223818909,0.0002141602545189,0.0002573401958283472,4.317994130944718e-05,-0.44927489474110155,False
bfo-c98ff20768b3d204c55911c8c4a8b4449883f0fecda03c7fd303cd97509f8d61,global_grover,21,25,DIRECT,cvar_0.25,1051,33.80251247434465,32.59691140312509,1.2056010712195615,0.0002141602545189,0.00025083043575782155,3.6670181238921535e-05,-0.24586997762404994,False
bfo-80de6bc433a1fa6c9fae35c1227c8b653566dcc3426d0adf3bd9b525b7744fde,global_grover,21,10,DIRECT,expectation,421,61.52287744777955,61.51671828402157,0.006159163757978092,0.0002141602545189,0.00021357094420650931,-5.893103123906962e-07,-0.0969577401591114,True
bfo-de53e2a9e84e83518a58fc93d6c825bee3dbfe0dd48cef267c99064ff6363b10,global_grover,21,25,DIRECT,expectation,1051,61.52287744777955,61.51396592192512,0.00891152585442967,0.0002141602545189,0.00021402307390140359,-1.371806174964253e-07,-0.2814444162538642,True
bfo-22d07ac0da0ea6fe26e8c5c2a6394b06a3a67be078fe535859e00d8c30c957f3,global_grover,21,50,DIRECT,expectation,2101,61.52287744777955,61.510510201093254,0.01236724668629563,0.0002141602545189,0.00021474354595552996,5.832914366299467e-07,-0.3121128059044486,False
bfo-35ce049857cc790fc216aae9a1165a26a94060ec50452b19c70c15a0afaae44c,global_grover,22,25,DIRECT,cvar_0.10,1101,26.75343967110482,26.046044466513724,0.7073952045910978,0.0002146925877941,0.00024788432247412447,3.319173468002446e-05,-0.3178016936476065,False
bfo-b4468b73aaba908259595c434d8a9488f707d56ab07b766e04c057f61e6a0ac2,global_grover,22,25,DIRECT,cvar_0.25,1101,33.802987852345744,32.592100996497436,1.2108868558483081,0.0002146925877941,0.0002567739453417958,4.208135754769579e-05,-0.585209699627716,False
bfo-f2afefbc154e6b14c9f5f5f70a9a46c4f73e5b69876d3265f1dab0796c46eb6e,global_grover,22,10,DIRECT,expectation,441,61.5214797807424,61.51642084195249,0.005058938789915146,0.0002146925877941,0.00021528225147425707,5.896636801570594e-07,-0.3241529222624624,False
bfo-164d0f4416cf2a01b27766204c9aeea1a15c7db2d157ddc068ef62d4c1dc96b3,global_grover,22,25,DIRECT,expectation,1101,61.5214797807424,61.51435136019376,0.007128420548646375,0.0002146925877941,0.0002156332194708184,9.406316767183933e-07,-0.4549340944733358,False
bfo-f75add189723df68f28e68886747ef9b02ef0cba3015093aa571ffeaa3cfcd1c,global_grover,22,50,DIRECT,expectation,2201,61.5214797807424,61.51098907601195,0.010490704730450773,0.0002146925877941,0.00021635883341572003,1.666245621620015e-06,-0.48918234271726857,False
bfo-27311e80c041cc78568a344fdd77623f94d1c593886d50d8d85088f3ee4a2425,global_grover,50,25,DIRECT,cvar_0.10,2501,22.08191033299239,20.67269885183377,1.4092114811586214,0.0005121472607479,0.0006426010168447439,0.00013045375609684398,-0.46224830066777517,False
bfo-9f24106a164c4fa21e6f26f6f44af53710e057caa1ad7c0bfbc849cc874200f3,global_grover,50,25,DIRECT,cvar_0.25,2501,26.868613236228605,25.64376040854724,1.2248528276813637,0.0005121472607479,0.0006574631058800084,0.00014531584513210842,-0.6062286960569164,False
bfo-6759d0e2ceeddb39d0cfc93266383e880147aba8e84ed9e481474fa39db9085f,global_grover,50,10,DIRECT,expectation,1001,44.88772841252191,44.486642963268665,0.4010854492532445,0.0005121472607479,0.000516635900098285,4.4886393503850005e-06,-0.3609802433473987,False
bfo-a94c8113cacb06509400fcb6650478fe96648e958dc381a93268083c398b99b7,global_grover,50,25,DIRECT,expectation,2501,44.88772841252191,44.451462791866476,0.4362656206554334,0.0005121472607479,0.0005157397424958093,3.592481747909321e-06,-0.45202614101065364,False
bfo-14b52023ba76258e7056cfed6371cb8c9959792ab898ec99f0f9cefeed2d0966,global_grover,50,50,DIRECT,expectation,5001,44.88772841252191,44.09135824736204,0.7963701651598711,0.0005121472607479,0.000506054813631391,-6.092447116508933e-06,-0.459479961745333,True
bfo-a1aa07723c7c371b0e94c92aca49468e75d17f02f53871b99a4556239f0f0e12,global_grover,100,25,DIRECT,cvar_0.10,5001,18.48275051807536,14.667684254079154,3.815066263996206,0.0008181440044389,0.0024859078521882625,0.0016677638477493625,-0.0943701812347945,False
bfo-a12bf94c5032a0bda460b344321de242cb376d1e39e626d9584626700ae9f3e0,global_grover,100,25,DIRECT,cvar_0.25,5001,22.920912947254735,19.341471778354038,3.579441168900697,0.0008181440044389,0.0022153272099064976,0.0013971832054675976,-0.15035694082599335,False
bfo-4887aeb79daed72d2e1052829da61b52d2be32f48431170cc7e34efec0143c8c,global_grover,100,10,DIRECT,expectation,2001,34.394311238587846,33.2135832505004,1.1807279880874475,0.0008181440044389,0.0009647613806980545,0.0001466173762591545,-0.39251993716511935,False
bfo-ae88c73ec36f8c4ba10fdb2fa15b188839e1f3acb84e8ebb28bf1929e317a265,global_grover,100,25,DIRECT,expectation,5001,34.394311238587846,33.069629132300186,1.3246821062876606,0.0008181440044389,0.0009792377030497395,0.0001610936986108395,-0.2903521339132678,False
bfo-c46fff4d57e9e9a29c051d9c2c58b8783c712530624dc971b9149809436d7657,global_grover,100,50,DIRECT,expectation,10001,34.394311238587846,33.027237466426214,1.367073772161632,0.0008181440044389,0.0009837414238639851,0.00016559741942508512,-0.2134371865281733,False
bfo-4f6bbe0499b0c06c4008bc1241aac18bb72841c1654f8c1a55272c1c1658730c,global_grover,100,25,FOURIER_Q10,cvar_0.10,5001,30.78322537846448,15.454329601226764,15.328895777237715,0.0002353286559485,0.0021612077005306518,0.0019258790445821517,-0.8995811147071613,False
bfo-13259d95360a04991394ed2018a8744ac83f1c302339fee489df6f9811c713a9,global_grover,100,25,FOURIER_Q10,cvar_0.25,5001,40.91575437575501,19.42344244537169,21.492311930383316,0.0002353286559485,0.0024699194694030903,0.0022345908134545904,-0.7908175274753714,False
bfo-086ebdcfeadacaa44ea3f9704be4389a4dbbd2ba34fff201db4f5f71d4166190,global_grover,100,25,FOURIER_Q10,expectation,5001,84.06221235929513,57.73975467378996,26.32245768550517,0.0002353286559485,0.0004961442469087208,0.0002608155909602208,-0.8855204156741788,False
bfo-ff334e22732fd2b3b794b6357a29b1f32faf53a8749933cf89df898700bcab59,global_grover,100,25,FOURIER_Q5,cvar_0.10,1053,33.20201776742106,17.833108457473223,15.368909309947838,0.0002094038172753,0.0010867531169298026,0.0008773492996545026,-0.7812477594953445,False
bfo-14dc8c4e8d5b2c68b0215d95988f745d2dd3a66e1dc4d5add9416f1296c740e5,global_grover,100,25,FOURIER_Q5,cvar_0.25,5001,54.141332571540175,23.90266415084813,30.238668420692047,0.0002094038172753,0.0008447076329056902,0.0006353038156303902,-0.8479709279747034,False
bfo-6fdfb4893d8fd460c72ada3bb176fa51725c12130e51e7058c3bd727cb757450,global_grover,100,25,FOURIER_Q5,expectation,5001,106.12279118001504,48.266154076628325,57.85663710338672,0.0002094038172753,0.0003827255122600034,0.0001733216949847034,-0.694933466855319,False
bfo-899a7f2b392e8392819dc013a10969eaf5211b86380e42d43031daad999a4192,global_grover,110,25,DIRECT,cvar_0.10,5501,17.85619225295922,15.148351736121496,2.7078405168377255,0.0010267936865692,0.002185719509074783,0.0011589258225055828,-0.08869868897732804,False
bfo-42dacfdf48d65667c41ff9b63e5f34d4f0a2a5e08c069ff1522170958ca48f4c,global_grover,110,25,DIRECT,cvar_0.25,5501,22.27320271746954,18.6226554317408,3.6505472857287415,0.0010267936865692,0.0025203352924884357,0.0014935416059192357,-0.11380944530233544,False
bfo-d458b5eb4d2a3119486840462d67e9663455db0a96420b5566bad67301604146,global_grover,110,10,DIRECT,expectation,2201,33.29381252240844,32.56057902928249,0.7332334931259439,0.0010267936865692,0.0011054023202573496,7.860863368814967e-05,-0.1164216378556219,False
bfo-a056f46a9a0de6b70e556fa6327c33f5bfff68dd1b436168d3c3cebb769fe273,global_grover,110,25,DIRECT,expectation,5501,33.29381252240844,32.485851217212584,0.8079613051958532,0.0010267936865692,0.0011152152122878508,8.842152571865089e-05,-0.08759291497231521,False
bfo-2614e20e73bbf9dfe9406777a4b2e18d3957f82d93433675162990d86f273647,global_grover,110,50,DIRECT,expectation,11001,33.29381252240844,32.44726901469621,0.8465435077122265,0.0010267936865692,0.0011174906580560388,9.069697148683881e-05,-0.06652253099486055,False
bfo-3bf8e833b11a151e0297259d5cd1aebc5e7494f5b2acdfce3331001e6f9dea72,global_grover,110,25,FOURIER_Q10,cvar_0.10,5501,35.386831413400614,20.51718730092386,14.869644112476752,7.278658624243813e-06,0.0007950022590300056,0.0007877236004057618,-0.8819849558481246,False
bfo-5ff9473dcfad929c0274afbeb79eb969609db0ed7b9d886de3942b5662c1e179,global_grover,110,25,FOURIER_Q10,cvar_0.25,5501,54.07083707365607,25.511826435625835,28.559010638030237,7.278658624243813e-06,0.0007873833899515354,0.0007801047313272916,-0.8335120782888998,False
bfo-2ff23a32b5279a307e29c06d3774a08fe94d98f1ab84fc9fa9eefe5b5c1cbff8,global_grover,110,25,FOURIER_Q10,expectation,5501,99.74586434502086,52.659523197124216,47.08634114789665,7.278658624243813e-06,0.0003578730057457709,0.00035059434712152713,-0.7184066988756636,False
bfo-51fa34c87024475fdf181c437ccfe2742cd50e3d03378bb207a81c1b7be29781,global_grover,110,25,FOURIER_Q5,cvar_0.10,5501,28.59474440417776,13.728698906705006,14.866045497472754,0.0002121956196959,0.003600832898817373,0.003388637279121473,-0.8460049140579181,False
bfo-8e175b9c5d00ce5e8f3c60e7efe595bb302c819b13b4cc08698eb569b418fb27,global_grover,110,25,FOURIER_Q5,cvar_0.25,5501,36.3639549661871,20.52112704678626,15.842827919400843,0.0002121956196959,0.0018075513018472463,0.0015953556821513464,-0.8632407340186582,False
bfo-8357ef3b8866a4a4d81aea693f27ac1d7eff986a2f25dd26d53ae8929eb4aa6b,global_grover,110,25,FOURIER_Q5,expectation,5501,87.12758523418668,56.40833572533028,30.7192495088564,0.0002121956196959,0.0009298750279987025,0.0007176794083028025,-0.844589459637195,False
bfo-3ed506cdc7713a779b325406e3f8d32c94d0d2e89746b5e238f3801e4f9cd867,penalty_x,21,25,DIRECT,cvar_0.10,1051,16.884048327046226,13.05453312291454,3.8295152041316864,0.0018219275080643,2.2698164996155294e-05,-0.0017992293430681447,-0.03545157713332952,True
bfo-b66e0dacd546502f670f1831cc393c6967ea6b652f4f20cfae3b888fa71f7a2d,penalty_x,21,25,DIRECT,cvar_0.25,1051,23.15085480858525,16.343360771965063,6.807494036620188,0.0018219275080643,3.642752869630763e-05,-0.0017854999793679924,0.12446854894915622,True
bfo-e97ef7ec006c58a81c6811a0b731e75e3820d2f54cbcd72dfffea7ad17adb25a,penalty_x,21,10,DIRECT,expectation,421,50.34839880946495,41.59617315070898,8.752225658755975,0.0018219275080643,0.0015553125239623543,-0.00026661498410194564,0.2988568969576603,True
bfo-c2fa97390e482f0f711dbbc213227618e76b888b4dbbbe88f2b7f992c334329d,penalty_x,21,25,DIRECT,expectation,1051,50.34839880946495,41.263956375274944,9.08444243419001,0.0018219275080643,0.0014149812340753492,-0.0004069462739889507,0.25265970067807525,True
bfo-f325626ae582d320993830eec19cf7c720be04f3c488d8fd060193d561e0532c,penalty_x,21,50,DIRECT,expectation,1155,50.34839880946495,41.26394221927525,9.084456590189703,0.0018219275080643,0.0014149746915549045,-0.0004069528165093954,0.24615414032691185,True
bfo-08c53844fa5e7a0578ff0fbefe6e36589dc6b89b31ffbd3e992070e465e49792,penalty_x,22,25,DIRECT,cvar_0.10,1101,16.220799562671154,13.670291574530658,2.5505079881404953,0.0027880592462267,1.8505511129693664e-05,-0.0027695537350970064,-0.05935869188615903,True
bfo-6bd6714d37eff8e4dc621a9e7d4c1ec29e0ee776e3f389d1d1e9a5ceb8fd861e,penalty_x,22,25,DIRECT,cvar_0.25,976,21.44689531026483,18.833183911519964,2.613711398744865,0.0027880592462267,5.478261008423764e-06,-0.002782580985218276,-0.09368050157348125,True
bfo-2a1a5a3fe7875c614a35721034b384f6d9218d60db90d607c897372d97a029d5,penalty_x,22,10,DIRECT,expectation,441,42.688138671716686,34.80038472213059,7.887753949586099,0.0027880592462267,5.87130149714678e-05,-0.002729346231255232,-0.10991549856033758,True
bfo-151b274c217da586fcf92adee70e3c483e519f8b1ddffced6f8a0ea1d04cc575,penalty_x,22,25,DIRECT,expectation,1101,42.688138671716686,32.792128065239844,9.896010606476842,0.0027880592462267,1.9269533303910562e-05,-0.002768789712922789,-0.04417283937594522,True
bfo-af2e7f108795eaf43d515429726fe1039f2edfa8ee287b5bf0081ceacd598622,penalty_x,22,50,DIRECT,expectation,2082,42.688138671716686,32.76657219911501,9.921566472601675,0.0027880592462267,1.9495761935075863e-05,-0.002768563484291624,-0.04695260176987496,True
bfo-8fafc7eccbbadc5a41ef796bf3876bd64a878a12717d259aa0c5478e5526b8ab,penalty_x,50,25,DIRECT,cvar_0.10,2501,12.091407326422852,11.944060042626846,0.14734728379600526,6.346238194978733e-05,0.0005951591122615027,0.0005316967303117153,-0.15915234348466553,False
bfo-cae79171c3895ff72bfa6314db8ae3ae3269d684b298ae12e42b59d69dd55a06,penalty_x,50,25,DIRECT,cvar_0.25,2501,13.26545419973522,12.913986148612953,0.35146805112226787,6.346238194978733e-05,9.514092115650042e-05,3.167853920671308e-05,-0.025425391195435028,False
bfo-c2de442298ef9d1bad6f2c15b55cfab9991818fb30fccbb896e46c60c11a9741,penalty_x,50,10,DIRECT,expectation,1001,26.38109657842864,24.92093544092623,1.4601611375024106,6.346238194978733e-05,4.569702951944359e-05,-1.7765352430343742e-05,-0.004230047500541301,True
bfo-c01d394905829b9aa817de3af2fd90c21c9b5260140f006965b213c4a33a6df5,penalty_x,50,25,DIRECT,expectation,2501,26.38109657842864,24.635879047412857,1.7452175310157827,6.346238194978733e-05,4.465714763223113e-05,-1.8805234317556203e-05,-0.007769769731838904,True
bfo-a7d84a931ad75b81180fb1321625d2044481cdc1305f26da0079240dfc24f3c7,penalty_x,50,50,DIRECT,expectation,4393,26.38109657842864,24.62793223685648,1.753164341572159,6.346238194978733e-05,4.4299058593429666e-05,-1.9163323356357667e-05,-0.006720234715377637,True
bfo-a6b1df7d03643528733ada74b6f27344d79be4d3b41af134253a49af49fb7376,penalty_x,100,25,DIRECT,cvar_0.10,5001,11.971131007107113,11.845083483216012,0.12604752389110097,0.0001917503116069,0.0008942219987794758,0.0007024716871725759,-0.18897591282079743,False
bfo-5c1d45c1c22a33fa7148f7cf6359f7a4951cde9abeacf2c5b3b930903b08605f,penalty_x,100,25,DIRECT,cvar_0.25,5001,12.235439566491184,11.835463450884557,0.39997611560662705,0.0001917503116069,0.003325365570659705,0.003133615259052805,-0.0070480444613186715,False
bfo-f8abb1ebb3c808a7a7407d5b83d8f34061bb56fcaedf0088e31b8bfdbd917edf,penalty_x,100,10,DIRECT,expectation,2001,19.306837112738037,18.27723878210647,1.0295983306315684,0.0001917503116069,0.00019224057799519843,4.902663882984273e-07,-0.030537246181032568,False
bfo-653b8be3d2a6b9a5aecee8af3dcb402148a6c9c3f170605d368251467de1e698,penalty_x,100,25,DIRECT,expectation,5001,19.306837112738037,17.983994409589585,1.3228427031484529,0.0001917503116069,0.00023062941055361386,3.887909894671385e-05,-0.07563621521492743,False
bfo-e3d600da7646920bdae2ed660958d7da1a20580b993484eb8813b0f3ae6137e0,penalty_x,100,50,DIRECT,expectation,10001,19.306837112738037,17.65457552908316,1.6522615836548766,0.0001917503116069,0.0003098777593561756,0.0001181274477492756,-0.023237631130640143,False
bfo-0a80f54d196a3d35410f7b5ab05cfc3126f9016741c166f95ec7df565fec15b8,penalty_x,100,25,FOURIER_Q10,cvar_0.10,5001,47.26980034111649,12.490914390019245,34.77888595109725,1.8985273225815e-05,0.005544115385466201,0.005525130112240386,-0.7389935811706208,False
bfo-33f5f8d28e9ef3f08b8672846e45c4db2c725a78621dc3197552972a015bc3fe,penalty_x,100,25,FOURIER_Q10,cvar_0.25,5001,60.14132725006359,22.986739655445017,37.154587594618576,1.8985273225815e-05,0.0013546037460676872,0.0013356184728418722,-0.790191859378628,False
bfo-9e05512e0c19e5f28069ed5b437fd46af4f97b8c075fa4091c302e3d433d81b6,penalty_x,100,25,FOURIER_Q10,expectation,5001,101.218172427081,52.931117038277016,48.287055388803985,1.8985273225815e-05,0.003099986936644442,0.003081001663418627,-0.6623749594279279,False
bfo-89b6eb1b4e6a76e3139f07f34edd4bc197c1fdf3ffb0dbfd68ea6d2933ad202f,penalty_x,100,25,FOURIER_Q5,cvar_0.10,3926,54.260736986613175,33.88473418338777,20.376002803225404,1.6085398280759208e-06,7.536096112082594e-06,5.927556284006673e-06,0.2142333947871353,False
bfo-0a4eb1759721da204f36cdfead51b3212b9d66e72612d717cdb089fff74f9cdc,penalty_x,100,25,FOURIER_Q5,cvar_0.25,5001,68.6605103344498,44.576004176126645,24.08450615832315,1.6085398280759208e-06,0.0001258540145020908,0.00012424547467401487,-0.2927560077871561,False
bfo-aa80ffe19ca9b3cf2d65629c349568144ee3d7ce9b39ffacde4690461dd599ea,penalty_x,100,25,FOURIER_Q5,expectation,5001,115.209680978055,84.71464548659286,30.495035491462147,1.6085398280759208e-06,3.653788954007003e-05,3.492934971199411e-05,-0.089625035080481,False
bfo-4df21966fd8ad7d401bad12a3419c58ad68467dfb4c3683a061b6c2f64c341b8,penalty_x,110,25,DIRECT,cvar_0.10,5501,11.966405052275643,11.421851348035851,0.5445537042397923,0.000366092135876,0.007741140949673221,0.007375048813797221,0.07959064633063449,False
bfo-84aa46afa49a9faa81a14cf1abf3c46cdab06bde561a874b22f0ee1d030321a2,penalty_x,110,25,DIRECT,cvar_0.25,5501,11.98656202091026,11.845246017971448,0.14131600293881164,0.000366092135876,0.002990435318282884,0.002624343182406884,-0.05125187982654574,False
bfo-63e471a5032e0a9170e0e902cd32dee78f4accc2074436cf7ece1f4bf50a82bd,penalty_x,110,10,DIRECT,expectation,2201,18.437183057142686,17.568994648603777,0.8681884085389093,0.000366092135876,0.0002686594069601772,-9.743272891582283e-05,0.007462957788588544,True
bfo-c48efee34122dc81650a3dd2f36f26200c71bdc9805103ef704365fe01a92385,penalty_x,110,25,DIRECT,expectation,5501,18.437183057142686,17.24238843683626,1.1947946203064248,0.000366092135876,0.00037276076543843863,6.668629562438624e-06,-0.02123025136345163,False
bfo-4572d9b6beeb20c9979431e5cb94e21dd52fcf96d102da5e18d6067ef8385838,penalty_x,110,50,DIRECT,expectation,11001,18.437183057142686,17.096658203527067,1.3405248536156193,0.000366092135876,0.0003815785263300749,1.5486390454074882e-05,-0.00532272412991135,False
bfo-ea46245cc6c10748528be261e0417e12e922fd0d6e642ea93e2f5e7dfd2dd526,penalty_x,110,25,FOURIER_Q10,cvar_0.10,5501,35.02073346837532,33.2092261381112,1.8115073302641207,3.929267551613145e-06,7.48865239569277e-05,7.095725640531456e-05,-0.2615431201030223,False
bfo-75eeb814f6a69bea370b28f4abda6dae1c1f6b4151460102bd2beb0455f46ad8,penalty_x,110,25,FOURIER_Q10,cvar_0.25,5501,46.06443063072453,44.02378434876755,2.040646281956981,3.929267551613145e-06,1.8328826124081498e-05,1.4399558572468354e-05,0.09406944313219498,False
bfo-4f044e6ef4d9c097092cdb8dd8a7ce628edcbcc6e49a45427538f3fc554f356b,penalty_x,110,25,FOURIER_Q10,expectation,5501,83.47789893616735,47.32461795219134,36.15328098397601,3.929267551613145e-06,9.179439732153156e-06,5.250172180540011e-06,0.40537382679776984,False
bfo-76ecde319c6b119d38ff726f672c41676b9dd3846be9b3331eb46ffeff48730b,penalty_x,110,25,FOURIER_Q5,cvar_0.10,5501,53.046677506554026,33.420574802571515,19.62610270398251,4.829283614267277e-07,2.825891261400831e-06,2.3429628999741036e-06,0.5166273237755097,False
bfo-a928578139a878e1cefcf625711741370fa7a2e876f14417692be788c1c462c9,penalty_x,110,25,FOURIER_Q5,cvar_0.25,5501,67.4468728929501,44.7462752617951,22.700597631155,4.829283614267277e-07,5.706422675129594e-05,5.6581298389869216e-05,-0.1949678153093454,False
bfo-05dc1e20d28e5213bb85b0c81ef118cfb6085fdcbe2fcb1641a527e30326265b,penalty_x,110,25,FOURIER_Q5,expectation,5501,113.93970544404355,84.64264039701288,29.29706504703067,4.829283614267277e-07,3.73107794624232e-05,3.6827851100996474e-05,-0.1534904142043173,False
