algorithm,gamma,beta,expected_normalized_objective,expected_hc,p_feas,p_opt,probability_sum
grover_global,0.0,0.0,0.38578680203045684,86.0,0.001220703125,6.103515625e-05,1.0
grover_global,0.0,0.1308996938995747,0.3857868020304568,85.99999999999999,0.0012207031249999998,6.1035156249999986e-05,0.9999999999999999
grover_global,0.0,0.2617993877991494,0.3857868020304568,85.99999999999999,0.0012207031249999998,6.1035156249999986e-05,0.9999999999999999
grover_global,0.0,0.39269908169872414,0.38578680203045684,86.0,0.001220703125,6.103515625e-05,1.0
grover_global,0.0,0.5235987755982988,0.38578680203045684,86.0,0.001220703125,6.103515625e-05,1.0
grover_global,0.0,0.6544984694978735,0.38578680203045684,86.0,0.001220703125,6.103515625e-05,1.0
grover_global,0.0,0.7853981633974483,0.38578680203045684,86.0,0.001220703125,6.103515625e-05,1.0
grover_global,0.0,0.916297857297023,0.38578680203045684,86.0,0.001220703125,6.103515625e-05,1.0
grover_global,0.0,1.0471975511965976,0.38578680203045684,86.0,0.001220703125,6.103515625e-05,1.0
grover_global,0.0,1.1780972450961724,0.38578680203045684,86.0,0.001220703125,6.103515625e-05,1.0
grover_global,0.0,1.308996938995747,0.38578680203045684,86.0,0.001220703125,6.103515625e-05,1.0
grover_global,0.0,1.4398966328953218,0.3857868020304568,85.99999999999999,0.0012207031249999998,6.1035156249999986e-05,0.9999999999999999
grover_global,0.0,1.5707963267948966,0.38578680203045684,86.0,0.001220703125,6.103515625e-05,1.0
grover_global,0.0,1.7016960206944711,0.38578680203045684,86.0,0.001220703125,6.103515625e-05,1.0
grover_global,0.0,1.832595714594046,0.3857868020304568,85.99999999999999,0.0012207031249999998,6.1035156249999986e-05,0.9999999999999999
grover_global,0.0,1.9634954084936205,0.38578680203045684,86.0,0.001220703125,6.103515625e-05,1.0
grover_global,0.0,2.0943951023931953,0.38578680203045684,86.0,0.001220703125,6.103515625e-05,1.0
grover_global,0.0,2.22529479629277,0.38578680203045684,86.0,0.001220703125,6.103515625e-05,1.0
grover_global,0.0,2.356194490192345,0.38578680203045684,86.0,0.001220703125,6.103515625e-05,1.0
grover_global,0.0,2.4870941840919194,0.38578680203045684,86.0,0.001220703125,6.103515625e-05,1.0
grover_global,0.0,2.617993877991494,0.3857868020304567,85.99999999999999,0.0012207031249999996,6.103515624999997e-05,0.9999999999999999
grover_global,0.0,2.748893571891069,0.38578680203045684,86.0,0.001220703125,6.103515625e-05,1.0
grover_global,0.0,2.8797932657906435,0.38578680203045684,86.0,0.001220703125,6.103515625e-05,1.0
grover_global,0.0,3.010692959690218,0.385786802030457,86.00000000000001,0.0012207031250000004,6.103515625000003e-05,1.0000000000000002
grover_global,0.0,3.141592653589793,0.38578680203045684,86.0,0.001220703125,6.103515625e-05,1.0
grover_global,0.2617993877991494,0.0,0.38578680203045684,86.0,0.001220703125,6.103515625e-05,1.0
grover_global,0.2617993877991494,0.1308996938995747,0.3877751170679259,86.39169806238141,0.0011896126727723346,5.943462752890842e-05,1.0
grover_global,0.2617993877991494,0.2617993877991494,0.3897321204157897,86.77722772191056,0.0011592130990113834,5.7870034135885206e-05,0.9999999999999999
grover_global,0.2617993877991494,0.39269908169872414,0.39162432720418244,87.14999245922395,0.001130024548852551,5.6368146697672205e-05,1.0
grover_global,0.2617993877991494,0.5235987755982988,0.3934193612503359,87.50361416631615,0.00110254644648165,5.495466292473909e-05,1.0
grover_global,0.2617993877991494,0.6544984694978735,0.39508650902404296,87.83204227773646,0.001077248949848616,5.365376791633252e-05,1.0
grover_global,0.2617993877991494,0.7853981633974483,0.3965972451646747,88.12965729744091,0.0010545649061346302,5.2487720346722566e-05,0.9999999999999999
grover_global,0.2617993877991494,0.916297857297023,0.3979257205580099,88.39136694992793,0.001034882445616845,5.147647161311472e-05,1.0
grover_global,0.2617993877991494,1.0471975511965976,0.3990492046217455,88.61269331048383,0.0010185383406517282,5.063732446171209e-05,0.9999999999999999
grover_global,0.2617993877991494,1.1780972450961724,0.3999484742320622,88.78984942371625,0.0010058122434066757,4.998463693293076e-05,0.9999999999999998
grover_global,0.2617993877991494,1.308996938995747,0.40060814263660316,88.91980409941081,0.0009969219009338902,4.952957669134731e-05,0.9999999999999998
grover_global,0.2617993877991494,1.4398966328953218,0.4010169227260721,89.00033377703619,0.0009920194294579506,4.9279929943861845e-05,1.0
grover_global,0.2617993877991494,1.5707963267948966,0.40116782015980246,89.03006057148107,0.000991188711625031,4.9239968215538886e-05,1.0
grover_global,0.2617993877991494,1.7016960206944711,0.4010582530408669,89.00847584905077,0.0009944439612475722,4.941037526262962e-05,1.0000000000000002
grover_global,0.2617993877991494,1.832595714594046,0.4006900960930478,88.9359489303304,0.0010017294801020053,4.9788235373312486e-05,0.9999999999999999
grover_global,0.2617993877991494,1.9634954084936205,0.40006964858379507,88.81372077100762,0.0010129206109408052,5.036708325633114e-05,0.9999999999999998
grover_global,0.2617993877991494,2.0943951023931953,0.3992075265420124,88.64388272877646,0.0010278258704125515,5.1137014663920165e-05,0.9999999999999998
grover_global,0.2617993877991494,2.22529479629277,0.3981184811148602,88.42934077962744,0.0010461902253951646,5.208485585623043e-05,1.0
grover_global,0.2617993877991494,2.356194490192345,0.39682114617153724,88.17376579579282,0.00106769945668333,5.31943890076702e-05,0.9999999999999996
grover_global,0.2617993877991494,2.4870941840919194,0.3953377194726134,87.88153073610484,0.0010919855353662225,5.4446629698397714e-05,0.9999999999999999
grover_global,0.2617993877991494,2.617993877991494,0.3936935828601903,87.55763582345749,0.0011186329199042039,5.582015174300785e-05,0.9999999999999998
grover_global,0.2617993877991494,2.748893571891069,0.3919168679675477,87.2076229896069,0.0011471856661597795,5.729145379850517e-05,1.0
grover_global,0.2617993877991494,2.8797932657906435,0.39003797487909697,86.83748105118212,0.0011771552287281987,5.8835361478798014e-05,1.0
grover_global,0.2617993877991494,3.010692959690218,0.3880890519765092,86.4535432393723,0.0012080288200847838,6.042545809542451e-05,1.0
grover_global,0.2617993877991494,3.141592653589793,0.386103445870991,86.06237883658522,0.001239278184521647,6.20345366544162e-05,1.0
grover_global,0.5235987755982988,0.0,0.38578680203045684,86.0,0.001220703125,6.103515625e-05,1.0
grover_global,0.5235987755982988,0.1308996938995747,0.389742977474708,86.77936656251747,0.0011591773576871832,5.7869090951493804e-05,0.9999999999999998
grover_global,0.5235987755982988,0.2617993877991494,0.39364224413907195,87.54752209539718,0.0010993360366807442,5.479118140797041e-05,1.0
grover_global,0.5235987755982988,0.39269908169872414,0.39741788448984045,88.29132324449856,0.0010422030635742513,5.185409150507722e-05,0.9999999999999999
grover_global,0.5235987755982988,0.5235987755982988,0.4010052962738064,88.99804336593986,0.0009887559993778103,4.910807566536792e-05,1.0
grover_global,0.5235987755982988,0.6544984694978735,0.4043430978807278,89.65559028250338,0.0009399093381781472,4.6600118981199345e-05,1.0
grover_global,0.5235987755982988,0.7853981633974483,0.4073741785996967,90.25271318414025,0.000896498859891241,4.4373133286774565e-05,0.9999999999999999
grover_global,0.5235987755982988,0.916297857297023,0.4100466757992373,90.77919513244974,0.00085926732983624,4.24652229247623e-05,0.9999999999999998
grover_global,0.5235987755982988,1.0471975511965976,0.4123148623113094,91.22602787532794,0.0008288517898149151,4.0909032770429285e-05,1.0
grover_global,0.5235987755982988,1.1780972450961724,0.41413992883583106,91.58556598065871,0.000805772658149812,3.97311896687735e-05,0.9999999999999998
grover_global,0.5235987755982988,1.308996938995747,0.4154906479785637,91.85165765177706,0.0007904248251824643,3.895184684182416e-05,0.9999999999999998
grover_global,0.5235987755982988,1.4398966328953218,0.4163439085604853,92.0197499864156,0.0007830708965901676,3.8584339061424996e-05,0.9999999999999999
grover_global,0.5235987755982988,1.5707963267948966,0.41668511105647055,92.08696687812467,0.0007838367001300294,3.863495448759104e-05,1.0
grover_global,0.5235987755982988,1.7016960206944711,0.4165084173972139,92.05215822725113,0.0007927091326911624,3.910282707634733e-05,0.9999999999999999
grover_global,0.5235987755982988,1.832595714594046,0.41581685086021375,91.9159196194621,0.0008095363844925422,3.997995139798146e-05,1.0
grover_global,0.5235987755982988,1.9634954084936205,0.41462224434065686,91.68058213510939,0.0008340305365904509,4.125131961216549e-05,0.9999999999999997
grover_global,0.5235987755982988,2.0943951023931953,0.4129450378873005,91.35017246379817,0.0008657724872514329,4.2895178256264826e-05,0.9999999999999997
grover_global,0.5235987755982988,2.22529479629277,0.4108139289675711,90.93034400661149,0.0009042191228991467,4.488340045311528e-05,1.0
grover_global,0.5235987755982988,2.356194490192345,0.4082653814459398,90.42828014485013,0.0009487126109382384,4.7181967169689315e-05,0.9999999999999997
grover_global,0.5235987755982988,2.4870941840919194,0.405343001677093,89.8525713303873,0.0009984916554524339,4.975154929218334e-05,0.9999999999999999
grover_global,0.5235987755982988,2.617993877991494,0.402096792389112,89.21306810065506,0.0010527045231887367,5.2548180558058656e-05,0.9999999999999993
grover_global,0.5235987755982988,2.748893571891069,0.39858229712293414,88.52071253321803,0.0011104236169495335,5.5524009830983554e-05,1.0
grover_global,0.5235987755982988,2.8797932657906435,0.3948596498669651,87.78735102379211,0.0011706613470378188,5.862811984704245e-05,0.9999999999999997
grover_global,0.5235987755982988,3.010692959690218,0.3909925461478677,87.02553159112996,0.0012323870291907294,6.180739842323872e-05,1.0
grover_global,0.5235987755982988,3.141592653589793,0.38704715318243915,86.24828917694053,0.0012945445198730358,6.500744722167114e-05,0.9999999999999997
grover_global,0.7853981633974483,0.0,0.38578680203045684,86.0,0.001220703125,6.103515625e-05,1.0
grover_global,0.7853981633974483,0.1308996938995747,0.39166759446235844,87.15851610908462,0.00112987750740469,5.636411893539456e-05,1.0
grover_global,0.7853981633974483,0.2617993877991494,0.3974718270649718,88.30194993179943,0.0010420127167382932,5.184866442912492e-05,1.0
grover_global,0.7853981633974483,0.39269908169872414,0.40310018780922874,89.41073699841806,0.0009586121439298343,4.756605340971385e-05,0.9999999999999999
grover_global,0.7853981633974483,0.5235987755982988,0.4084563738823188,90.46590565481681,0.0008811027959030731,4.3589562539067614e-05,1.0
grover_global,0.7853981633974483,0.6544984694978735,0.4134487394555159,91.44940167273666,0.0008108108790923986,3.998723067847445e-05,1.0
grover_global,0.7853981633974483,0.7853981633974483,0.4179918637697177,92.34439716263438,0.0007489391076830425,3.682069472482423e-05,1.0
grover_global,0.7853981633974483,0.916297857297023,0.422008012708316,93.13557850353826,0.0006965461248379153,3.4144134986213556e-05,1.0000000000000004
grover_global,0.7853981633974483,1.0471975511965976,0.4254284688494843,93.80940836334841,0.0006545283890195752,3.200334814185255e-05,1.0
grover_global,0.7853981633974483,1.1780972450961724,0.42819470724031794,94.35435732634267,0.0006236048353373924,3.043496364818652e-05,1.0
grover_global,0.7853981633974483,1.308996938995747,0.43025939677500363,94.76110116467572,0.0006043045743684969,2.946581699874042e-05,1.0
grover_global,0.7853981633974483,1.4398966328953218,0.4315872100431626,95.02268037850303,0.0005969578389291106,2.9112490561384488e-05,1.0
grover_global,0.7853981633974483,1.5707963267948966,0.4321554277916374,95.13461927495257,0.000601690333699501,2.9381029849422486e-05,1.0000000000000004
grover_global,0.7853981633974483,1.7016960206944711,0.4319543276572117,95.09500254847072,0.0006184210843820508,3.026684008118289e-05,1.0000000000000002
grover_global,0.7853981633974483,1.832595714594046,0.43098735051894127,94.90450805223142,0.0006468638231939416,3.175476479800732e-05,1.0000000000000002
grover_global,0.7853981633974483,1.9634954084936205,0.42927104162375834,94.56639519988038,0.0006865318869882851,3.381934519546023e-05,1.0000000000000002
grover_global,0.7853981633974483,2.0943951023931953,0.42683476749271027,94.08644919606394,0.0007367465441954939,3.642525573053135e-05,0.9999999999999998
grover_global,0.7853981633974483,2.22529479629277,0.4237202134516426,93.47288204997362,0.0007966486081086217,3.952790855147079e-05,1.0000000000000004
grover_global,0.7853981633974483,2.356194490192345,0.4199806703837149,92.73619206559184,0.0008652131378061232,4.3074216408294355e-05,1.0000000000000004
grover_global,0.7853981633974483,2.4870941840919194,0.41568012290761686,91.8889842128005,0.0009412669751751952,4.700350099034945e-05,1.0
grover_global,0.7853981633974483,2.617993877991494,0.4108921545830015,90.94575445285132,0.0010235088179723466,5.1248531149033706e-05,1.0000000000000004
grover_global,0.7853981633974483,2.748893571891069,0.4056986888753787,89.92264170844963,0.001110531485465572,5.573667324138729e-05,1.0000000000000007
grover_global,0.7853981633974483,2.8797932657906435,0.4001885874229062,88.83715172231253,0.001200845995686818,6.0391133911861904e-05,1.0
grover_global,0.7853981633974483,3.010692959690218,0.39445612958912535,87.70785752905769,0.001292907042326289,6.513227404792552e-05,1.0000000000000004
grover_global,0.7853981633974483,3.141592653589793,0.38859939931690896,86.55408166543107,0.0013851394353518384,6.987897142735763e-05,1.0000000000000004
grover_global,1.0471975511965976,0.0,0.3857868020304568,86.0,0.001220703125,6.103515625e-05,1.0
grover_global,1.0471975511965976,0.1308996938995747,0.39352697287448746,87.524813656274,0.00110216607183363,5.494378743257774e-05,0.9999999999999999
grover_global,1.0471975511965976,0.2617993877991494,0.40117699527337125,89.03186806885412,0.0009881222490894135,4.908917682584954e-05,1.0
grover_global,1.0471975511965976,0.39269908169872414,0.4086059752228763,90.4953771189066,0.0008805229781934238,4.3571498440501255e-05,1.0
grover_global,1.0471975511965976,0.5235987755982988,0.4156868008163642,91.89029976082375,0.0007812093125028457,3.848516128349562e-05,1.0
grover_global,1.0471975511965976,0.6544984694978735,0.42229831716475463,93.19276848145667,0.0006918805363725949,3.391719399378811e-05,1.0
grover_global,1.0471975511965976,0.7853981633974483,0.4283273993902682,94.38049767988284,0.0006140650899288761,2.9945755758185395e-05,1.0000000000000002
grover_global,1.0471975511965976,0.916297857297023,0.43367088822444877,95.43316498021639,0.0005490944170348582,2.6638798985989347e-05,1.0
grover_global,1.0471975511965976,1.0471975511965976,0.4382373550918485,96.33275895309416,0.0004980801839170323,2.4052906624433882e-05,1.0000000000000002
grover_global,1.0471975511965976,1.1780972450961724,0.4419486664783022,97.06388729622554,0.0004618952582478615,2.2232324008770002e-05,0.9999999999999999
grover_global,1.0471975511965976,1.308996938995747,0.44474132081701845,97.61404020095263,0.00044115877413790225,2.1208201812312603e-05,1.0
grover_global,1.0471975511965976,1.4398966328953218,0.44656753501799096,97.97380439854422,0.00043622553857951534,2.099806304978337e-05,1.0
grover_global,1.0471975511965976,1.5707963267948966,0.4473960620499193,98.1370242238341,0.0004471799606008562,2.1605503253670664e-05,1.0
grover_global,1.0471975511965976,1.7016960206944711,0.44721272558557607,98.10090694035847,0.0004738346070039999,2.302012895367172e-05,1.0
grover_global,1.0471975511965976,1.832595714594046,0.44602066256269635,97.86607052485118,0.0005157334093989249,2.5217735511851175e-05,1.0
grover_global,1.0471975511965976,1.9634954084936205,0.44384026951010425,97.43653309349055,0.000572159467660111,2.816072127070695e-05,1.0
grover_global,1.0471975511965976,2.0943951023931953,0.4407088535574486,96.81964415081737,0.0006421473162864505,3.17987309279552e-05,1.0
grover_global,1.0471975511965976,2.22529479629277,0.43667999409987196,96.02595883767476,0.0007244994437836493,3.606951712971359e-05,1.0000000000000002
grover_global,1.0471975511965976,2.356194490192345,0.4318226260397042,95.06905732982173,0.0008178067824179069,4.090000553998436e-05,0.9999999999999999
grover_global,1.0471975511965976,2.4870941840919194,0.4262198602911717,93.96531247736084,0.0009204728177555096,4.620754516280344e-05,1.0
grover_global,1.0471975511965976,2.617993877991494,0.4199675617296121,92.73360966073358,0.001030740905467428,5.190132252369633e-05,0.9999999999999997
grover_global,1.0471975511965976,2.748893571891069,0.41317270891687846,91.39502365662506,0.0011467243280008238,5.788391551340494e-05,1.0000000000000004
grover_global,1.0471975511965976,2.8797932657906435,0.40595156366848517,89.97245804269158,0.0012664385768394672,6.405296030718711e-05,1.0
grover_global,1.0471975511965976,3.010692959690218,0.39842768178171273,88.4902533109974,0.001387835307994671,7.030290283823892e-05,1.0000000000000002
grover_global,1.0471975511965976,3.141592653589793,0.39072979896165716,86.97377039544645,0.0015088373897388365,7.652680485704266e-05,0.9999999999999999
grover_global,1.308996938995747,0.0,0.38578680203045684,86.0,0.001220703125,6.103515625e-05,1.0
grover_global,1.308996938995747,0.1308996938995747,0.39530031071873245,87.87416121159029,0.0010764579889174274,5.36300966073321e-05,0.9999999999999998
grover_global,1.308996938995747,0.2617993877991494,0.4047161454398333,89.72908065164717,0.0009384615591021281,4.655492272696663e-05,0.9999999999999999
grover_global,1.308996938995747,0.39269908169872414,0.41387319865111877,91.5330201342704,0.0008090749927280804,3.993069279560548e-05,1.0
grover_global,1.308996938995747,0.5235987755982988,0.42261479063332874,93.25511375476579,0.0006905121298186775,3.387074922395771e-05,0.9999999999999999
grover_global,1.308996938995747,0.6544984694978735,0.4307913503240209,94.86589601383213,0.0005848016138301351,2.8478779326668022e-05,1.0
grover_global,1.308996938995747,0.7853981633974483,0.4382629745199163,96.3378059804235,0.0004937521809995091,2.3847041203615488e-05,1.0
grover_global,1.308996938995747,0.916297857297023,0.444901821659498,97.64565886692111,0.00041892171236620335,2.0054785178245987e-05,1.0
grover_global,1.308996938995747,1.0471975511965976,0.4505942992275715,98.76707694783161,0.00036159057799545956,1.716689780256557e-05,1.0
grover_global,1.308996938995747,1.1780972450961724,0.455243007354694,99.6828724488747,0.0003227397294915541,1.523279163024577e-05,1.0
grover_global,1.308996938995747,1.308996938995747,0.45876840535594515,100.37737585512117,0.00030303391564387926,1.4285559754130549e-05,0.9999999999999998
grover_global,1.308996938995747,1.4398966328953218,0.4611101726940986,100.83870402073742,0.00030281030839085266,1.4341409574242506e-05,0.9999999999999999
grover_global,1.308996938995747,1.5707963267948966,0.46222824108073773,101.05896349290533,0.0003220727337145686,1.5399385484675027e-05,0.9999999999999998
grover_global,1.308996938995747,1.7016960206944711,0.46210348005578045,101.03438557098875,0.000360491606177186,1.7441385224274285e-05,1.0
grover_global,1.308996938995747,1.832595714594046,0.4607380243149537,100.7653907900459,0.000417409568219145,2.0432469611346453e-05,1.0
grover_global,1.308996938995747,1.9634954084936205,0.4581552371845589,100.2565817253581,0.0004918527377292673,2.432146036274345e-05,0.9999999999999999
grover_global,1.308996938995747,2.0943951023931953,0.4543993108684812,99.51666424109078,0.0005825473714376888,2.9041815768476935e-05,0.9999999999999998
grover_global,1.308996938995747,2.22529479629277,0.44953451030732816,98.55829853054367,0.0006879416590163563,3.4512769238825074e-05,1.0000000000000002
grover_global,1.308996938995747,2.356194490192345,0.4436440735874784,97.39788249673326,0.0008062322749839804,4.0640711243075304e-05,0.9999999999999999
grover_global,1.308996938995747,2.4870941840919194,0.4368287877143464,96.05527117972625,0.0009353952341050012,4.732079099454839e-05,0.9999999999999998
grover_global,1.308996938995747,2.617993877991494,0.4292052641187758,94.5534370313988,0.001073220522338121,5.443871047662869e-05,1.0
grover_global,1.308996938995747,2.748893571891069,0.4209039434031261,92.91807685041582,0.0012173499107892799,6.187268011351762e-05,0.9999999999999998
grover_global,1.308996938995747,2.8797932657906435,0.4120668634664041,91.17717210288163,0.0013653173056618658,6.949550262364233e-05,1.0000000000000004
grover_global,1.308996938995747,3.010692959690218,0.4028452291964277,89.36051015169625,0.0015145909438052934,7.717674940040884e-05,1.0000000000000002
grover_global,1.308996938995747,3.141592653589793,0.3933968253122764,87.49917458651842,0.0016626167118844592,8.478499218182276e-05,0.9999999999999998
grover_global,1.5707963267948966,0.0,0.38578680203045684,86.0,0.001220703125,6.103515625e-05,1.0
grover_global,1.5707963267948966,0.1308996938995747,0.3969683697803082,88.20276884672072,0.0010531207205241174,5.2442456794531756e-05,0.9999999999999998
grover_global,1.5707963267948966,0.2617993877991494,0.4080506880914648,90.38598555401857,0.0008937273917077225,4.4282640597674137e-05,1.0
grover_global,1.5707963267948966,0.39269908169872414,0.41884413542502363,92.51229467872965,0.000745250402599043,3.6695324376883833e-05,1.0
grover_global,1.5707963267948966,0.5235987755982988,0.42916403290459865,94.54531448220595,0.0006102302356473271,2.9810329216300045e-05,1.0
grover_global,1.5707963267948966,0.6544984694978735,0.43883380422309815,96.45025943195033,0.000490977123343781,2.3745459292001625e-05,1.0
grover_global,1.5707963267948966,0.7853981633974483,0.4476879969122953,98.1945353917222,0.00038953151950312735,1.860448620989295e-05,1.0
grover_global,1.5707963267948966,0.916297857297023,0.45557511328043226,99.74829731624519,0.00030762918653311493,1.4475373444755921e-05,1.0
grover_global,1.5707963267948966,1.0471975511965976,0.46236020257972826,101.08495990820646,0.00024667149605847745,1.1428771260808372e-05,1.0
grover_global,1.5707963267948966,1.1780972450961724,0.4679271700510904,102.18165250006479,0.00020770145106390053,9.516807866095345e-06,1.0
grover_global,1.5707963267948966,1.308996938995747,0.4721807633376283,103.01961037751276,0.000191385839823779,8.772197484396781e-06,1.0
grover_global,1.5707963267948966,1.4398966328953218,0.47504820227889066,103.58449584894147,0.0001980038269699736,9.20768060578854e-06,1.0
grover_global,1.5707963267948966,1.5707963267948966,0.47648042419958836,103.86664356731889,0.00022744217690756003,1.0815805993324881e-05,0.9999999999999998
grover_global,1.5707963267948966,1.7016960206944711,0.4764529233855711,103.8612259069575,0.0002791971913072538,1.3569058175768468e-05,1.0
grover_global,1.5707963267948966,1.832595714594046,0.47496617038339145,103.56833556552813,0.0003523833275234754,1.7420328244931977e-05,1.0
grover_global,1.5707963267948966,1.9634954084936205,0.47204560394912254,102.99298397797716,0.00044574835047453426,2.2303719902158214e-05,1.0
grover_global,1.5707963267948966,2.0943951023931953,0.4677411957841887,102.1450155694852,0.0005576947587320639,2.81356769622601e-05,1.0
grover_global,1.5707963267948966,2.22529479629277,0.46212659550569934,101.03893931462275,0.000686307118213369,3.4816413023015305e-05,1.0
grover_global,1.5707963267948966,2.356194490192345,0.4552978704810806,99.6936804847729,0.0008293848357896424,4.223161883817437e-05,1.0
grover_global,1.5707963267948966,2.4870941840919194,0.44737186208878427,98.1322568314905,0.0009844798120445166,5.0254418180356415e-05,1.0
grover_global,1.5707963267948966,2.617993877991494,0.43848418652990684,96.38138474639163,0.0011489383289338187,5.874753872847655e-05,0.9999999999999998
grover_global,1.5707963267948966,2.748893571891069,0.4287869143973902,94.47102213628588,0.0013199464556370593,6.756566083521859e-05,1.0
grover_global,1.5707963267948966,2.8797932657906435,0.41844596870601325,92.43385583508463,0.001494578195693934,7.655790398649076e-05,0.9999999999999998
grover_global,1.5707963267948966,3.010692959690218,0.40763828590360746,90.30474232301067,0.001669845551615005,8.5570408408854e-05,1.0
grover_global,1.5707963267948966,3.141592653589793,0.3965487884393776,88.12011132255738,0.0018427496503471727,9.444896765290348e-05,0.9999999999999998
grover_global,1.832595714594046,0.0,0.38578680203045684,86.0,0.001220703125,6.103515625e-05,1.0
grover_global,1.832595714594046,0.1308996938995747,0.39851380857085994,88.50722028845941,0.00103246623941928,5.1397255322921276e-05,1.0
grover_global,1.832595714594046,0.2617993877991494,0.41114571816107526,90.99570647773183,0.0008545013651859389,4.2302797016776486e-05,1.0
grover_global,1.832595714594046,0.39269908169872414,0.4234663953257875,93.42287987918013,0.0006898535306392935,3.3907390034643965e-05,1.0
grover_global,1.832595714594046,0.5235987755982988,0.435265029862771,95.7472108829659,0.000541339905877441,2.6354682117634568e-05,1.0
grover_global,1.832595714594046,0.6544984694978735,0.44633974386389885,97.92892954118808,0.00041150160019581236,1.9773902192214537e-05,1.0
grover_global,1.832595714594046,0.7853981633974483,0.45650104590212065,99.93070604271777,0.00030256018300259957,1.4277649227444726e-05,1.0
grover_global,1.832595714594046,0.916297857297023,0.4655750732823174,101.71828943661652,0.00021637967215024561,9.95996563540155e-06,0.9999999999999999
grover_global,1.832595714594046,1.0471975511965976,0.4734065668802182,103.26109367540299,0.0001544346400731859,6.894728179432929e-06,0.9999999999999998
grover_global,1.832595714594046,1.1780972450961724,0.4798615276690629,104.53272095080541,0.00011778498344466645,5.134383922254846e-06,1.0
grover_global,1.832595714594046,1.308996938995747,0.48482950948010095,105.51141336757988,0.00010705778805080562,4.7090528421672545e-06,0.9999999999999998
grover_global,1.832595714594046,1.4398966328953218,0.4882255087671607,106.18042522713068,0.00012243659917893305,5.626012471874518e-06,0.9999999999999999
grover_global,1.832595714594046,1.5707963267948966,0.48999141904089194,106.52830955105568,0.00016365828110683422,7.869573377883091e-06,0.9999999999999999
grover_global,1.832595714594046,1.7016960206944711,0.49009702508690794,106.5491139421209,0.00023001751942791355,1.1401347611058576e-05,1.0
grover_global,1.832595714594046,1.832595714594046,0.4885405199564821,106.24248243142696,0.00032037888917624074,1.616090553507854e-05,1.0
grover_global,1.832595714594046,1.9634954084936205,0.4853485358839405,105.6136615691363,0.0004331962822625167,2.206680979426423e-05,1.0
grover_global,1.832595714594046,2.0943951023931953,0.4805756886017497,104.67341065454468,0.000566539361812145,2.9018008729314962e-05,0.9999999999999999
grover_global,1.832595714594046,2.22529479629277,0.4743036428501914,103.4378176414877,0.0007181265907643453,3.68955653992156e-05,0.9999999999999998
grover_global,1.832595714594046,2.356194490192345,0.4666397150710141,101.92802386898975,0.0008853642696038265,4.5564692625272816e-05,1.0
grover_global,1.832595714594046,2.4870941840919194,0.4577150371933617,100.16986232709225,0.0010653909152785988,5.487705923711256e-05,0.9999999999999998
grover_global,1.832595714594046,2.617993877991494,0.44768231293010907,98.19341564723149,0.0012551262219683522,6.467332806013054e-05,0.9999999999999994
grover_global,1.832595714594046,2.748893571891069,0.4367132049749974,96.03250138007446,0.0014513237659710603,7.478588221872607e-05,0.9999999999999996
grover_global,1.832595714594046,2.8797932657906435,0.4249953978063497,93.72409336785088,0.0016506265529126,8.504169310751584e-05,0.9999999999999998
grover_global,1.832595714594046,3.010692959690218,0.41272938635361145,91.30768911166147,0.0018496244568512298,9.526528095874473e-05,1.0
grover_global,1.832595714594046,3.141592653589793,0.40012504547351974,88.82463395828339,0.0020449125684779187,0.00010528171734976411,0.9999999999999998
grover_global,2.0943951023931953,0.0,0.38578680203045684,86.0,0.001220703125,6.103515625e-05,1.0
grover_global,2.0943951023931953,0.1308996938995747,0.3999214699624426,88.78452958260118,0.0010147446954537323,5.0507516783236304e-05,0.9999999999999999
grover_global,2.0943951023931953,0.2617993877991494,0.4139705973821353,91.55220768428065,0.0008212384938509858,4.0638973454176066e-05,1.0
grover_global,2.0943951023931953,0.39269908169872414,0.42769379982422984,94.25567856537332,0.0006434954649512371,3.1598379775256597e-05,1.0
grover_global,2.0943951023931953,0.5235987755982988,0.4408562694901518,96.8486850895599,0.0004845568412586402,2.3540422810850372e-05,0.9999999999999999
grover_global,2.0943951023931953,0.6544984694978735,0.45323279287459095,99.28686019629443,0.00034714210669068563,1.660297643870607e-05,1.0
grover_global,2.0943951023931953,0.7853981633974483,0.4646116042310189,101.52848603351075,0.00023360246545439366,1.0904742289674611e-05,0.9999999999999998
grover_global,2.0943951023931953,0.916297857297023,0.47479800894232504,103.53520776163802,0.0001458806122904529,6.543218729894896e-06,0.9999999999999998
grover_global,2.0943951023931953,1.0471975511965976,0.4836177147996937,105.27268981553965,8.547749242759106e-05,3.5930326367175538e-06,1.0
grover_global,2.0943951023931953,1.1780972450961724,0.4909198141906208,106.71120339555233,5.342661999357021e-05,2.1046625121429477e-06,1.0
grover_global,2.0943951023931953,1.308996938995747,0.4965793661700032,107.82613513549063,5.027639430191699e-05,2.103574781656703e-06,0.9999999999999998
grover_global,2.0943951023931953,1.4398966328953218,0.5004995342343497,108.59840824416688,7.608071658762338e-05,3.5897880566290293e-06,0.9999999999999998
grover_global,2.0943951023931953,1.5707963267948966,0.502613243221203,109.014808914577,0.00013039806774207095,6.537872815868972e-06,0.9999999999999998
grover_global,2.0943951023931953,1.7016960206944711,0.5028843269837675,109.0682124158022,0.00021229906282739248,1.0897386511782426e-05,1.0
grover_global,2.0943951023931953,1.832595714594046,0.5013081472037069,108.75770499913025,0.00032038235311043225,1.6593736656346764e-05,0.9999999999999997
grover_global,2.0943951023931953,1.9634954084936205,0.4979116727540578,108.0885995325494,0.00045279860352809834,2.3529457119261888e-05,0.9999999999999998
grover_global,2.0943951023931953,2.0943951023931953,0.4927530182543343,107.07234459610383,0.0006072821353230235,3.158587580046227e-05,1.0
grover_global,2.0943951023931953,2.22529479629277,0.4859204497132755,105.72632859351529,0.0007811896924352698,4.062514514265134e-05,0.9999999999999997
grover_global,2.0943951023931953,2.356194490192345,0.47753087427296526,104.07358223177414,0.0009715456683463641,5.049260074122537e-05,0.9999999999999994
grover_global,2.0943951023931953,2.4870941840919194,0.4677278398952172,102.1423844593578,0.0011750930195318183,6.1019407695117134e-05,0.9999999999999998
grover_global,2.0943951023931953,2.617993877991494,0.45667907921614864,99.96577860558126,0.0013883489943788633,7.20254494187633e-05,0.9999999999999997
grover_global,2.0943951023931953,2.748893571891069,0.4445736395942739,97.58100700007193,0.0016076647240321398,8.332240948682112e-05,0.9999999999999997
grover_global,2.0943951023931953,2.8797932657906435,0.43161864845778525,95.02887374618368,0.0018292876555514714,9.471699378041688e-05,0.9999999999999996
grover_global,2.0943951023931953,3.010692959690218,0.41803576929683023,92.35304655147556,0.002049425759133078,0.00010601423780311173,1.0
grover_global,2.0943951023931953,3.141592653589793,0.40405740893973785,89.59930956112836,0.0022643124107908654,0.00011702084257748947,0.9999999999999998
grover_global,2.356194490192345,0.0,0.38578680203045684,86.0,0.0012207031250000002,6.103515625e-05,1.0
grover_global,2.356194490192345,0.1308996938995747,0.40117861716584724,89.03218758167192,0.001000139928445423,4.978266587759095e-05,1.0
grover_global,2.356194490192345,0.2617993877991494,0.41649943561874947,92.05038881689364,0.0007942594740501644,3.930746202255063e-05,1.0
grover_global,2.356194490192345,0.39269908169872414,0.4314871139377007,95.00296144572702,0.000606584433469774,2.9788778327113965e-05,1.0
grover_global,2.356194490192345,0.5235987755982988,0.4458852087912944,97.83938613188499,0.0004403259786819339,2.13894821083876e-05,1.0
grover_global,2.356194490192345,0.6544984694978735,0.45944736478467946,100.51113086258184,0.0002983288379436153,1.4253287653398785e-05,1.0
grover_global,2.356194490192345,0.7853981633974483,0.47194152966866904,102.97248134472781,0.0001830226217018961,8.502297227799259e-06,1.0
grover_global,2.356194490192345,0.916297857297023,0.48315392481806113,105.18132318915804,9.638025128559519e-05,4.2349118722468285e-06,0.9999999999999999
grover_global,2.356194490192345,1.0471975511965976,0.4928927030431866,107.09986249950775,3.988420167433892e-05,1.5241477333177347e-06,1.0
grover_global,2.356194490192345,1.1780972450961724,0.5009912311485137,108.69527253625722,1.4501135940639822e-05,4.1638673699485677e-07,1.0000000000000002
grover_global,2.356194490192345,1.308996938995747,0.5073109410728246,109.94025539134641,2.0665365376716888e-05,9.305829810546493e-07,0.9999999999999999
grover_global,2.356194490192345,1.4398966328953218,0.5117437008271594,110.8135090629504,5.8271418307871704e-05,3.0579384251991255e-06,1.0
grover_global,2.356194490192345,1.5707963267948966,0.5142136646631282,111.30009193863626,0.0001266758447420843,6.762053427964605e-06,1.0
grover_global,2.356194490192345,1.7016960206944711,0.5146785708146946,111.39167845049482,0.00022470822597777564,1.197954955467908e-05,1.0000000000000002
grover_global,2.356194490192345,1.832595714594046,0.5131304646087086,111.0867015279156,0.000350691200792292,1.8621154000051257e-05,1.0000000000000004
grover_global,2.356194490192345,1.9634954084936205,0.5095958345715706,110.3903794105994,0.0005024691655574772,2.6573227070620158e-05,1.0
grover_global,2.356194490192345,2.0943951023931953,0.5041351592032008,109.31462636303057,0.0006774451572153969,3.569970659141719e-05,0.9999999999999996
grover_global,2.356194490192345,2.22529479629277,0.496841872173138,107.87784881810819,0.0008726252880362755,4.584443596750338e-05,1.0000000000000002
grover_global,2.356194490192345,2.356194490192345,0.4878407636445464,106.10463043797563,0.0010846699718676106,5.683383606660348e-05,0.9999999999999998
grover_global,2.356194490192345,2.4870941840919194,0.4772858450799301,104.02531148074621,0.0013099510653791556,6.847987520618462e-05,1.0
grover_global,2.356194490192345,2.617993877991494,0.46535771406230514,101.67546967027408,0.0015446139466012082,8.058328642767643e-05,0.9999999999999998
grover_global,2.356194490192345,2.748893571891069,0.4522604642204865,99.09531145143585,0.0017846434685752197,9.293697700937976e-05,1.0000000000000004
grover_global,2.356194490192345,2.8797932657906435,0.4382181931305106,96.3289840467106,0.002025932659631454,0.00010532957188035142,0.9999999999999999
grover_global,2.356194490192345,3.010692959690218,0.423471167943981,93.42382008496425,0.00226435299481294,0.00011754903030647281,1.0000000000000007
grover_global,2.356194490192345,3.141592653589793,0.40827171435048587,90.42952772704572,0.0024958250360821175,0.00012938627396619898,1.0000000000000002
grover_global,2.617993877991494,0.0,0.38578680203045684,86.0,0.001220703125,6.103515625e-05,1.0
grover_global,2.617993877991494,0.1308996938995747,0.4022751131918014,89.24819729878489,0.000988766929263784,4.922839824867286e-05,1.0
grover_global,2.617993877991494,0.2617993877991494,0.4187114611239928,92.4861578414266,0.0007737468940331372,3.831707859667291e-05,1.0
grover_global,2.617993877991494,0.39269908169872414,0.4348146153568947,95.65847922530827,0.0005793220717256718,2.84878929984352e-05,0.9999999999999999
grover_global,2.617993877991494,0.5235987755982988,0.4503090464569443,98.71088215201803,0.00040881912495581283,1.99090215447107e-05,1.0
grover_global,2.617993877991494,0.6544984694978735,0.4649296404121516,101.59113916119388,0.00026515540641514063,1.2727251104585125e-05,1.0
grover_global,2.617993877991494,0.7853981633974483,0.47842623480634894,104.24996825685072,0.00015078904215899344,7.065463761451968e-06,1.0
grover_global,2.617993877991494,0.916297857297023,0.49056789916748844,106.6418761359952,6.767687238814094e-05,3.020534266496261e-06,0.9999999999999999
grover_global,2.617993877991494,1.0471975511965976,0.5011468862520457,108.72593659165301,1.7240969370409146e-05,6.616724848430195e-07,1.0
grover_global,2.617993877991494,1.1780972450961724,0.5099821866579547,110.4664907716171,3.443053899054427e-07,2.9239195576367553e-08,1.0
grover_global,2.617993877991494,1.308996938995747,0.5169226259456622,111.83375731129546,1.7275987051976574e-05,1.1340555076192922e-06,0.9999999999999998
grover_global,2.617993877991494,1.4398966328953218,0.5218494512747022,112.80434190111633,6.774630858903552e-05,3.957217707559792e-06,0.9999999999999997
grover_global,2.617993877991494,1.5707963267948966,0.5246783632977209,113.36163756965101,0.00015089170880656634,8.45042070742844e-06,0.9999999999999998
grover_global,2.617993877991494,1.7016960206944711,0.5253609585456819,113.49610883349933,0.0002652895468545873,1.453678455814627e-05,1.0
grover_global,2.617993877991494,1.832595714594046,0.5238855576246411,113.20545485205433,0.0004089824440070241,2.2112169886768652e-05,1.0
grover_global,2.617993877991494,1.9634954084936205,0.5202774050534162,112.494648795523,0.0005795117749544001,3.104695975002921e-05,0.9999999999999998
grover_global,2.617993877991494,2.0943951023931953,0.5145982373228697,111.37585275260531,0.000773959735564544,4.118827741617585e-05,0.9999999999999996
grover_global,2.617993877991494,2.22529479629277,0.5069452265674342,109.86820963378456,0.0009889992673202557,5.236260212823635e-05,1.0000000000000002
grover_global,2.617993877991494,2.356194490192345,0.4974493179229501,107.99751563082117,0.001220950984212974,6.437873809227926e-05,0.9999999999999996
grover_global,2.617993877991494,2.4870941840919194,0.4862729890190885,105.79577883676045,0.0014658461280574993,7.703108589045745e-05,0.9999999999999999
grover_global,2.617993877991494,2.617993877991494,0.4736074699420577,103.30067157858537,0.0017194944750448886,9.010316034405057e-05,0.9999999999999999
grover_global,2.617993877991494,2.748893571891069,0.45966947123481117,100.55488583325779,0.0019775560316335813,0.000103371294634894,0.9999999999999998
grover_global,2.617993877991494,2.8797932657906435,0.4446974759195733,97.60540275615593,0.0022356152930421654,0.00011660846730664953,0.9999999999999998
grover_global,2.617993877991494,3.010692959690218,0.42894765898720905,94.5026888204802,0.002489256793760394,0.00012958818666486575,1.0
grover_global,2.617993877991494,3.141592653589793,0.41268950417210515,91.29983232190474,0.0027341406573882696,0.00014208836611266575,1.0000000000000002
grover_global,2.8797932657906435,0.0,0.38578680203045684,86.0,0.001220703125,6.103515625e-05,1.0
grover_global,2.8797932657906435,0.1308996938995747,0.40320354053413426,89.43109748522446,0.0009806712820145116,4.884666080968231e-05,1.0
grover_global,2.8797932657906435,0.2617993877991494,0.42059127287103076,92.85648075559303,0.0007597453907641766,3.766919392880866e-05,1.0
grover_global,2.8797932657906435,0.39269908169872414,0.43765249012007124,96.21754055365403,0.000561705554500517,2.76940051646901e-05,0.9999999999999999
grover_global,2.8797932657906435,0.5235987755982988,0.454095270123862,99.45676821440082,0.0003899402897290196,1.9091772762725497e-05,1.0
grover_global,2.8797932657906435,0.6544984694978735,0.46963827235773825,102.51873965447443,0.0002473885477522531,1.2009683304301858e-05,1.0
grover_global,2.8797932657906435,0.7853981633974483,0.48401555174414396,105.35106369359637,0.0001364894283982494,6.568913303578966e-06,0.9999999999999999
grover_global,2.8797932657906435,0.916297857297023,0.49698110904664283,107.90527848218862,5.914044634620062e-05,2.8625558437356286e-06,1.0
grover_global,2.8797932657906435,1.0471975511965976,0.5083130999850574,110.13768069705631,1.6665064124206362e-05,9.540277285061802e-07,1.0
grover_global,2.8797932657906435,1.1780972450961724,0.5178176310526101,112.01007331736417,9.790047298485774e-06,8.759844030861613e-07,0.9999999999999999
grover_global,2.8797932657906435,1.308996938995747,0.525332077087581,113.49041918625343,3.8633029313041626e-05,2.6297612104112005e-06,0.9999999999999997
grover_global,2.8797932657906435,1.4398966328953218,0.5307278638349141,114.55338917547809,0.00010270049874881973,6.185350543069187e-06,0.9999999999999998
grover_global,2.8797932657906435,1.5707963267948966,0.5339126678873676,115.18079557381142,0.00020089624344091526,1.1481915281782724e-05,0.9999999999999999
grover_global,2.8797932657906435,1.7016960206944711,0.5348319963646093,115.36190328382804,0.0003315401069726427,1.8428829735387254e-05,0.9999999999999998
grover_global,2.8797932657906435,1.832595714594046,0.5334701193015081,115.0936135023971,0.0004923967366176526,2.6907230271533065e-05,1.0
grover_global,2.8797932657906435,1.9634954084936205,0.5298503387921969,114.38051674206278,0.0006807138308448354,3.6772049106389954e-05,1.0
grover_global,2.8797932657906435,2.0943951023931953,0.5240345902847827,113.23481428610222,0.0008932692319606005,4.7854496454649e-05,0.9999999999999998
grover_global,2.8797932657906435,2.22529479629277,0.5161223828486581,111.67610942118563,0.0011264260581203684,5.996494856954666e-05,1.0
grover_global,2.8797932657906435,2.356194490192345,0.5062490965467329,109.73107201970637,0.00137619493138526,7.289619225774537e-05,1.0
grover_global,2.8797932657906435,2.4870941840919194,0.49458366604502524,107.43298221086995,0.0016383022370846966,8.642697035452185e-05,0.9999999999999999
grover_global,2.8797932657906435,2.617993877991494,0.4813256900936878,104.82116094845651,0.0019082632465482897,0.00010032576749520003,1.0
grover_global,2.8797932657906435,2.748893571891069,0.4667020163370533,101.94029721839951,0.0021814588520567843,0.00011435477140722825,0.9999999999999998
grover_global,2.8797932657906435,2.8797932657906435,0.45096285988754636,98.8396833978466,0.0024532146010557976,0.00012827394194409692,0.9999999999999998
grover_global,2.8797932657906435,3.010692959690218,0.43437752207573654,95.57237184892008,0.0027188806773350287,0.00014184511823879715,1.0000000000000002
grover_global,2.8797932657906435,3.141592653589793,0.41722978262990784,92.19426717809185,0.00297391146067279,0.00015483609370228575,1.0
grover_global,3.141592653589793,0.0,0.38578680203045684,86.0,0.001220703125,6.103515625e-05,1.0
grover_global,3.141592653589793,0.1308996938995747,0.40395925948370437,89.57997411828977,0.0009758305517264654,4.8635739237224654e-05,0.9999999999999999
grover_global,3.141592653589793,0.2617993877991494,0.4221289714016888,93.15940736613268,0.0007521656411258355,3.735797575526436e-05,1.0
grover_global,3.141592653589793,0.39269908169872414,0.4399850489758976,96.67705464825183,0.0005535353618301161,2.7394831464082188e-05,1.0
grover_global,3.141592653589793,0.5235987755982988,0.457221969768396,100.072728044374,0.0003833383329887739,1.8916778524805756e-05,1.0
grover_global,3.141592653589793,0.6544984694978735,0.4735448052854472,103.28832664123307,0.0002444866729528156,1.206887877378639e-05,1.0
grover_global,3.141592653589793,0.7853981633974483,0.4886742672858091,106.26883065530438,0.00013935617212240944,6.968301674360563e-06,0.9999999999999998
grover_global,3.141592653589793,0.916297857297023,0.5023514864799767,108.96324283655542,6.974564251444524e-05,3.7023195148465713e-06,1.0
grover_global,3.141592653589793,1.0471975511965976,0.5143424418554959,111.32546104553269,3.684613959020036e-05,2.3268141554950324e-06,1.0
grover_global,3.141592653589793,1.1780972450961724,0.5244419648413707,113.31506707375003,4.122058296617391e-05,2.8653208743665802e-06,1.0000000000000002
grover_global,3.141592653589793,1.308996938995747,0.532477249799196,114.89801821044162,8.279412470337812e-05,5.308625672199046e-06,1.0
grover_global,3.141592653589793,1.4398966328953218,0.5383108107755418,116.04722972278172,0.00016085542997632638,9.614922926489466e-06,1.0000000000000002
grover_global,3.141592653589793,1.5707963267948966,0.5418428339247336,116.74303828317254,0.00027406884820911555,1.571053069728576e-05,1.0
grover_global,3.141592653589793,1.7016960206944711,0.5430128853514274,116.9735384142312,0.0004204972664270933,2.3491151445607854e-05,1.0
grover_global,3.141592653589793,1.832595714594046,0.5418009451513129,116.73478619480869,0.0005976352537969227,3.282365659325634e-05,1.0000000000000004
grover_global,3.141592653589793,1.9634954084936205,0.5382277499572272,116.03086674157373,0.0008024519302427772,4.354836438969567e-05,1.0000000000000002
grover_global,3.141592653589793,2.0943951023931953,0.5323544381296179,114.87382431153472,0.0010314428256447581,5.5481772111078056e-05,1.0000000000000002
grover_global,3.141592653589793,2.22529479629277,0.5242815036622452,113.28345622146233,0.0012806898422942656,6.841969584272491e-05,1.0000000000000004
grover_global,3.141592653589793,2.356194490192345,0.5141470767020861,111.28697411031098,0.0015459282946321002,8.214076412251771e-05,1.0000000000000002
grover_global,3.141592653589793,2.4870941840919194,0.502124560104223,108.91853834053195,0.0018226198792007675,9.641020566799028e-05,1.0000000000000004
grover_global,3.141592653589793,2.617993877991494,0.4884196624609166,106.21867350480056,0.002106030326274899,0.00011098386637806303,1.0000000000000002
grover_global,3.141592653589793,2.748893571891069,0.47326687837055925,103.23357503900017,0.002391310404528836,0.0001256123868774045,1.0000000000000004
grover_global,3.141592653589793,2.8797932657906435,0.45692547617008245,100.01431880550625,0.0026735788927290706,0.00014004546912447878,1.0
grover_global,3.141592653589793,3.010692959690218,0.4396750617818293,96.61598717102038,0.002948006098782889,0.00015403615908043207,1.0000000000000004
grover_global,3.141592653589793,3.141592653589793,0.4218107945787008,93.09672653200404,0.003209896497109115,0.00016734507216116602,1.0
grover_global,3.4033920413889422,0.0,0.38578680203045684,86.0,0.001220703125,6.103515625e-05,1.0
grover_global,3.4033920413889422,0.1308996938995747,0.40454040516702405,89.69445981790375,0.0009741575162653243,4.8590446604764605e-05,1.0
grover_global,3.4033920413889422,0.2617993877991494,0.4233201679802405,93.39407309210739,0.0007507919465283481,3.7370827692899214e-05,1.0
grover_global,3.4033920413889422,0.39269908169872414,0.44180476352163806,97.0355384137627,0.0005544282626159065,2.7568270304651865e-05,0.9999999999999999
grover_global,3.4033920413889422,0.5235987755982988,0.4596779152366055,100.55654930161128,0.00038842630160204047,1.9350498914717864e-05,1.0
grover_global,3.4033920413889422,0.6544984694978735,0.47663380854392556,103.89686028315333,0.0002556264030641354,1.2858121869975625e-05,0.9999999999999999
grover_global,3.4033920413889422,0.7853981633974483,0.4923823234080485,106.99931771138554,0.00015830081008526276,8.202225541687677e-06,0.9999999999999998
grover_global,3.4033920413889422,0.916297857297023,0.5066539983733359,109.81083767954718,9.811479054504317e-05,5.462473606889349e-06,1.0
grover_global,3.4033920413889422,1.0471975511965976,0.5192046411242759,112.28331430148236,7.60981439245272e-05,4.685743980787802e-06,0.9999999999999998
grover_global,3.4033920413889422,1.1780972450961724,0.5298195066837044,114.37444281668975,9.262758115155927e-05,5.8853267226357604e-06,1.0
grover_global,3.4033920413889422,1.308996938995747,0.5383169717589026,116.04844343650379,0.0001474202789723591,9.040696639133029e-06,1.0
grover_global,3.4033920413889422,1.4398966328953218,0.5445516423664915,117.2766735461988,0.0002395387191358072,1.4097864476174544e-05,0.9999999999999998
grover_global,3.4033920413889422,1.5707963267948966,0.5484168415637983,118.03811778806826,0.0003674067295906502,2.0970300689956696e-05,1.0
grover_global,3.4033920413889422,1.7016960206944711,0.5498464347209209,118.31974764002142,0.000528836453226295,2.9540415991462365e-05,0.9999999999999999
grover_global,3.4033920413889422,1.832595714594046,0.5488159611025833,118.11674433720893,0.0007210657827145619,3.9661573331797984e-05,0.9999999999999996
grover_global,3.4033920413889422,1.9634954084936205,0.5453430523980966,117.43258132242502,0.0009408056209318669,5.116059690275539e-05,0.9999999999999999
grover_global,3.4033920413889422,2.0943951023931953,0.5394871310382662,116.27896481453845,0.0011842961583229188,6.384073522290389e-05,0.9999999999999999
grover_global,3.4033920413889422,2.22529479629277,0.5313483934611275,114.67563351184211,0.0014473712042846266,7.748502760998725e-05,1.0
grover_global,3.4033920413889422,2.356194490192345,0.5210660957231092,112.65002085745252,0.0017255294718424034,9.186001643834997e-05,1.0
grover_global,3.4033920413889422,2.4870941840919194,0.5088161707893006,110.23678564549222,0.002014011595918292,0.00010671974166363873,0.9999999999999997
grover_global,3.4033920413889422,2.617993877991494,0.4948082182716401,107.4772189995131,0.002307881567387002,0.00012180994926735492,1.0
grover_global,3.4033920413889422,2.748893571891069,0.4792819181214427,104.41853786992421,0.0026021111895605524,0.00013687244161360296,1.0
grover_global,3.4033920413889422,2.8797932657906435,0.46250292963898215,101.11307713887948,0.002891666112027691,0.00015164949528222643,0.9999999999999999
grover_global,3.4033920413889422,3.010692959690218,0.444758345969208,97.61739415593397,0.003171591969785216,0.0001658882707879822,1.0
grover_global,3.4033920413889422,3.141592653589793,0.42635178185843753,93.99130102611218,0.0034370991537967847,0.00017934513873423227,1.0
grover_global,3.665191429188092,0.0,0.38578680203045684,86.0,0.001220703125,6.103515625e-05,1.0
grover_global,3.665191429188092,0.1308996938995747,0.40494782505070986,89.77472153498982,0.0009755050808797482,4.87024037687915e-05,1.0
grover_global,3.665191429188092,0.2617993877991494,0.42416587512001025,93.56067739864201,0.0007552930536257927,3.7689004246476696e-05,1.0
grover_global,3.665191429188092,0.39269908169872414,0.4431121260734221,97.29308883646416,0.0005638349320787564,2.8183400002373585e-05,0.9999999999999999
grover_global,3.665191429188092,0.5235987755982988,0.4614624023042394,100.90809325393518,0.0004044066177805295,2.0348234560550222e-05,1.0
grover_global,3.665191429188092,0.6544984694978735,0.4789027254984952,104.34383692320355,0.00027973597339063364,1.4317569774034428e-05,1.0
grover_global,3.665191429188092,0.7853981633974483,0.49513468689096474,107.54153331752005,0.0001919561481998129,1.0194591989339657e-05,1.0
grover_global,3.665191429188092,0.916297857297023,0.5098805531218729,110.44646896500895,0.00014256907935424737,8.049846499467426e-06,1.0
grover_global,3.665191429188092,1.0471975511965976,0.522888018331682,113.00893961134136,0.00013241979329456737,7.920030494385255e-06,0.9999999999999999
grover_global,3.665191429188092,1.1780972450961724,0.5339345211843021,115.18510067330749,0.0001616819471191675,9.80736516193189e-06,1.0
grover_global,3.665191429188092,1.308996938995747,0.5428310529532552,116.93771743179128,0.00022985485726310695,1.3679557682677565e-05,1.0
grover_global,3.665191429188092,1.4398966328953218,0.5494253915133902,118.2368021281379,0.0003357720663327221,1.947035376901777e-05,0.9999999999999999
grover_global,3.665191429188092,1.5707963267948966,0.5536047059036472,119.06012706301848,0.0004776213015150325,2.7080671294403188e-05,1.0
grover_global,3.665191429188092,1.7016960206944711,0.5552974868960838,119.39360491852852,0.0006529754830680315,3.6380295615995855e-05,1.0000000000000002
grover_global,3.665191429188092,1.832595714594046,0.554474770538592,119.23152979610259,0.0008588342523279843,4.72101075833104e-05,1.0
grover_global,3.665191429188092,1.9634954084936205,0.5511506337361484,118.5766748460212,0.0010916753086780172,5.9384806110994815e-05,0.9999999999999999
grover_global,3.665191429188092,2.0943951023931953,0.5453819533910675,117.44024481804028,0.001347514677088245,7.26960787317764e-05,0.9999999999999998
grover_global,3.665191429188092,2.22529479629277,0.5372674332234346,115.84168434501663,0.0016219748750330976,8.691616588053154e-05,1.0
grover_global,3.665191429188092,2.356194490192345,0.5269459149230875,113.80834523984821,0.0019103598124309937,0.00010180175792359208,1.0
grover_global,3.665191429188092,2.4870941840919194,0.5145940025298106,111.37501849837268,0.0022077351430476433,0.00011709815825403529,0.9999999999999998
grover_global,3.665191429188092,2.617993877991494,0.5004230406892501,108.58333901578227,0.0025090126925281795,0.00013254364122124407,0.9999999999999997
grover_global,3.665191429188092,2.748893571891069,0.4846754984874309,105.48107320202391,0.002809037518471077,0.0001478739303293526,1.0
grover_global,3.665191429188092,2.8797932657906435,0.4676208207374696,102.12130168528151,0.0031026761129218493,0.00016282672008136184,1.0
grover_global,3.665191429188092,3.010692959690218,0.449550817704118,98.56151108771125,0.003384904238117449,0.0001771461640989186,1.0000000000000002
grover_global,3.665191429188092,3.141592653589793,0.430774672149228,94.86261041339793,0.003650892892587357,0.0001905872527247823,0.9999999999999999
grover_global,3.926990816987241,0.0,0.38578680203045684,86.0,0.001220703125,6.103515625e-05,1.0
grover_global,3.926990816987241,0.1308996938995747,0.4051849602109705,89.82143716156119,0.0009796726610895282,4.896039920198226e-05,0.9999999999999999
grover_global,3.926990816987241,0.2617993877991494,0.4246722846648938,93.66044007898408,0.000765235753971909,3.828837573287969e-05,1.0
grover_global,3.926990816987241,0.39269908169872414,0.44391534186791287,97.45132234797885,0.0005810614785810686,2.920168712309254e-05,1.0
grover_global,3.926990816987241,0.5235987755982988,0.4625848777761006,101.12922092189184,0.0004303011078317003,2.1855809134040345e-05,0.9999999999999999
grover_global,3.926990816987241,0.6544984694978735,0.48036145145389497,104.63120593641733,0.0003155341934659967,1.6376431774777885e-05,1.0
grover_global,3.926990816987241,0.7853981633974483,0.4969409007970713,107.89735745702303,0.0002387244292081554,1.2857308711092575e-05,0.9999999999999998
grover_global,3.926990816987241,0.916297857297023,0.5120395468306762,110.8717907256432,0.00020118605142031783,1.1358653114289303e-05,1.0
grover_global,3.926990816987241,1.0471975511965976,0.5253990475349388,113.50361236438296,0.00020356135215403857,1.190610739713522e-05,0.9999999999999999
grover_global,3.926990816987241,1.1780972450961724,0.5367908181488565,115.74779117532472,0.0002458096893552057,1.4490304465067812e-05,0.9999999999999998
grover_global,3.926990816987241,1.308996938995747,0.546019942318829,117.56592863680932,0.00032720818226085544,1.906702798977997e-05,1.0
grover_global,3.926990816987241,1.4398966328953218,0.5529285071715118,118.92691591278785,0.0004463640800894463,2.555796896285639e-05,1.0
grover_global,3.926990816987241,1.5707963267948966,0.5573983052468594,119.8074661336313,0.0006012385923928745,3.38520655846189e-05,0.9999999999999999
grover_global,3.926990816987241,1.7016960206944711,0.5593528570605403,120.19251284092644,0.0007891817733263017,4.380740356231112e-05,1.0
grover_global,3.926990816987241,1.832595714594046,0.5587587196891184,120.07546777875635,0.0010069778629562636,5.525364430299363e-05,0.9999999999999999
grover_global,3.926990816987241,1.9634954084936205,0.5556260589877449,119.45833362058575,0.001250900309804706,6.799493945409579e-05,1.0
grover_global,3.926990816987241,2.0943951023931953,0.5500084756495576,118.35166970296284,0.0015167755331779748,8.181328192302797e-05,1.0000000000000002
grover_global,3.926990816987241,2.22529479629277,0.5420020880829615,116.77441135234339,0.001800054334289614,9.647223603897827e-05,1.0
grover_global,3.926990816987241,2.356194490192345,0.5317438877990107,114.7535458964051,0.0020958897343128827,0.00011172098303279305,1.0
grover_global,3.926990816987241,2.4870941840919194,0.5194093954486744,112.32365090338887,0.002399219907532314,0.00012729861261565653,1.0
grover_global,3.926990816987241,2.617993877991494,0.5052096576158341,109.5263025503193,0.00270485479058511,0.00014293858722647126,0.9999999999999998
grover_global,3.926990816987241,2.748893571891069,0.48938763575172084,106.409364243089,0.0030075648858842426,0.00015837330256342598,1.0
grover_global,3.926990816987241,2.8797932657906435,0.4722140490371225,103.02616766031315,0.003302170739772044,0.00017333866636779378,0.9999999999999998
grover_global,3.926990816987241,3.010692959690218,0.45398274230214436,99.43460023352243,0.003583631564408325,0.00018757861711569927,1.0000000000000002
grover_global,3.926990816987241,3.141592653589793,0.43500565825969406,95.69611467715973,0.0038471314870478727,0.0002008495053017855,1.0
grover_global,4.1887902047863905,0.0,0.38578680203045684,86.0,0.001220703125,6.103515625e-05,1.0
grover_global,4.1887902047863905,0.1308996938995747,0.40525767508916216,89.83576199256495,0.0009864137764467927,4.935081360384745e-05,1.0
grover_global,4.1887902047863905,0.2617993877991494,0.42485044246247905,93.69553716510839,0.0007801007255644522,3.914031257453274e-05,1.0
grover_global,4.1887902047863905,0.39269908169872414,0.44422986646850854,97.51328369429619,0.0006052940458543595,3.057835766555321e-05,0.9999999999999999
grover_global,4.1887902047863905,0.5235987755982988,0.46306435978951616,101.22367887853468,0.0004649847280719228,2.3811446299223838e-05,1.0
grover_global,4.1887902047863905,0.6544984694978735,0.4810316590228713,104.76323682750566,0.00036157350354549096,1.8955362205164808e-05,1.0
grover_global,4.1887902047863905,0.7853981633974483,0.4978243386972148,108.07139472335135,0.00029682976699771965,1.6093194328586314e-05,1.0
grover_global,4.1887902047863905,0.916297857297023,0.5131550714075084,111.09154906727915,0.00027186130171129633,1.527391515539951e-05,0.9999999999999998
grover_global,4.1887902047863905,1.0471975511965976,0.5267615440665968,113.77202418111955,0.00028709532504983765,1.651154277940468e-05,1.0
grover_global,4.1887902047863905,1.1780972450961724,0.5384109461548557,116.06695639250658,0.0003422711786503526,1.9784901048819927e-05,0.9999999999999998
grover_global,4.1887902047863905,1.308996938995747,0.5479039531727311,117.937078775028,0.0004364447883600992,2.503798189610917e-05,0.9999999999999998
grover_global,4.1887902047863905,1.4398966328953218,0.5550781371381882,119.3503930162231,0.0005680048176070865,3.218090365154612e-05,1.0
grover_global,4.1887902047863905,1.5707963267948966,0.5598107457745183,120.28271691758007,0.0007347002378155672,4.109144894350319e-05,0.9999999999999999
grover_global,4.1887902047863905,1.7016960206944711,0.5620208028358269,120.7180981586579,0.0009336788441290727,5.161715587156515e-05,1.0
grover_global,4.1887902047863905,1.832595714594046,0.5616704936330513,120.64908724571114,0.0011615360574262872,6.357792667191557e-05,1.0
grover_global,4.1887902047863905,1.9634954084936205,0.5587658120537753,120.07686497459376,0.0014143731776137397,7.676910924000826e-05,0.9999999999999999
grover_global,4.1887902047863905,2.0943951023931953,0.5533564580051501,119.01122222701457,0.0016878640914653308,9.096499878481639e-05,0.9999999999999999
grover_global,4.1887902047863905,2.22529479629277,0.5455349870347039,117.47039244583668,0.001977329293619054,0.00010592269970038421,1.0000000000000002
grover_global,4.1887902047863905,2.356194490192345,0.5354352266792622,115.48073965581466,0.00227781595421114,0.0001213862815769881,0.9999999999999996
grover_global,4.1887902047863905,2.4870941840919194,0.5232299866386898,113.07630736782188,0.002584182663168219,0.00013709115824140462,0.9999999999999998
grover_global,4.1887902047863905,2.617993877991494,0.5091281019540125,110.29823608494044,0.002891187401159139,0.0001527686148996911,1.0
grover_global,4.1887902047863905,2.748893571891069,0.4933708597819657,107.19405937704724,0.0031935772319990757,0.0001681504059218121,1.0
grover_global,4.1887902047863905,2.8797932657906435,0.47622787090484675,103.81689056825482,0.0034861781818440614,0.000182973344598741,1.0
grover_global,4.1887902047863905,3.010692959690218,0.4579924566152773,100.22451395320962,0.0037639837673179373,0.00019698380634002052,1.0000000000000002
grover_global,4.1887902047863905,3.141592653589793,0.43897662990756353,96.47839609179002,0.004022240657830987,0.00020994206826082347,0.9999999999999999
grover_global,4.45058959258554,0.0,0.3857868020304568,86.0,0.001220703125,6.103515625e-05,1.0
grover_global,4.45058959258554,0.1308996938995747,0.40517404169838855,89.81928621458256,0.0009954445654913391,4.985809288975598e-05,0.9999999999999999
grover_global,4.45058959258554,0.2617993877991494,0.4247158311763143,93.66901874173391,0.0007993000219414128,4.0212655365334484e-05,1.0
grover_global,4.45058959258554,0.39269908169872414,0.4440778050282591,97.48332759056704,0.0006356255818719012,3.226387978699889e-05,1.0
grover_global,4.45058959258554,0.5235987755982988,0.462928674513463,101.19694887915222,0.0005072217603315221,2.6147771908711425e-05,1.0
grover_global,4.45058959258554,0.6544984694978735,0.48094589602858545,104.74634151763136,0.000416285582307096,2.1968980031975075e-05,1.0000000000000002
grover_global,4.45058959258554,0.7853981633974483,0.4978211899181855,108.07077441388253,0.00036437299101689275,1.97990044443808e-05,1.0
grover_global,4.45058959258554,0.916297857297023,0.5132658152250966,111.11336559934402,0.00035237222529077724,1.967497402986321e-05,1.0
grover_global,4.45058959258554,1.0471975511965976,0.5270155101282583,113.8220554952669,0.0003804886215575639,2.1599010983202426e-05,1.0
grover_global,4.45058959258554,1.1780972450961724,0.538835013535742,116.15049766654118,0.00044824110048179015,2.5538194498683007e-05,1.0
grover_global,4.45058959258554,1.308996938995747,0.5485220904672603,118.05885182205027,0.000554470398364527,3.142512405420705e-05,1.0
grover_global,4.45058959258554,1.4398966328953218,0.5559109923507495,119.51446549309763,0.000697358902466675,3.915907265291437e-05,1.0
grover_global,4.45058959258554,1.5707963267948966,0.5608752930263927,120.49243272619937,0.0008744617508668688,4.860771029002539e-05,1.0
grover_global,4.45058959258554,1.7016960206944711,0.5633300519332652,120.97602023085327,0.0010827486647267944,5.960936815591187e-05,0.9999999999999999
grover_global,4.45058959258554,1.832595714594046,0.5632332674658831,120.95695369077897,0.001318655797202267,7.197580483425272e-05,0.9999999999999999
grover_global,4.45058959258554,1.9634954084936205,0.5605865956333167,120.4355593397634,0.0015781467118508171,8.549542716485748e-05,1.0
grover_global,4.45058959258554,2.0943951023931953,0.5554353217244175,119.42075837971024,0.0018567814471783341,9.99369106613021e-05,1.0
grover_global,4.45058959258554,2.22529479629277,0.5478675854639695,117.929914336402,0.002149792485611221,0.00011505315753702668,1.0000000000000002
grover_global,4.45058959258554,2.356194490192345,0.538012872917562,115.98853596475969,0.002452166327043885,0.00013058552461697227,1.0
grover_global,4.45058959258554,2.4870941840919194,0.5260398009491064,113.62984078697394,0.0027587292712155445,0.00014626824879401516,1.0000000000000002
grover_global,4.45058959258554,2.617993877991494,0.5121532321395458,110.89418673149052,0.0030642359411561172,0.0001618329943094136,1.0000000000000002
grover_global,4.45058959258554,2.748893571891069,0.49659076953129566,107.82838159766526,0.003363459033040469,0.00017701344405203647,1.0
grover_global,4.45058959258554,2.8797932657906435,0.4796186911743136,104.48488216133977,0.0036512787568061447,0.0001915498563179716,1.0000000000000002
grover_global,4.45058959258554,3.010692959690218,0.4615273940348362,100.92089662486273,0.00392277043718081,0.00020519350906309387,1.0
grover_global,4.45058959258554,3.141592653589793,0.4426264252227752,97.19740576888668,0.004173288776241541,0.00021771095560619932,1.0
grover_global,4.71238898038469,0.0,0.38578680203045684,86.0,0.001220703125,6.103515625e-05,1.0
grover_global,4.71238898038469,0.1308996938995747,0.40494408527758535,89.77398479968431,0.0010064529119312561,5.046525211469486e-05,0.9999999999999999
grover_global,4.71238898038469,0.2617993877991494,0.42428787488170194,93.58471135169528,0.0008221955814005885,4.1470735451684796e-05,1.0
grover_global,4.71238898038469,0.39269908169872414,0.44348719323956864,97.36697706819501,0.0006710838274191618,3.4205504934824986e-05,1.0
grover_global,4.71238898038469,0.5235987755982988,0.46221353469102566,101.05606633413205,0.0005557032139936906,2.8793870672561426e-05,1.0
grover_global,4.71238898038469,0.6544984694978735,0.4801464863419157,104.58885780935742,0.000478027935409434,2.5328427227509902e-05,0.9999999999999999
grover_global,4.71238898038469,0.7853981633974483,0.4969792104175388,107.90490445225514,0.0004393870372186249,2.3868469297817647e-05,1.0
grover_global,4.71238898038469,0.916297857297023,0.512423694342048,110.94746778538347,0.0004404416759025892,2.4438977168438554e-05,1.0
grover_global,4.71238898038469,1.0471975511965976,0.5262156787134752,113.66448870655461,0.00048117380630104275,2.7030189291531587e-05,0.9999999999999999
grover_global,4.71238898038469,1.1780972450961724,0.5381191788553648,116.00947823450684,0.000560886490369788,3.159776930925094e-05,1.0
grover_global,4.71238898038469,1.308996938995747,0.5479305225800151,117.94231294826295,0.0006782158219838774,3.806356466112098e-05,0.9999999999999998
grover_global,4.71238898038469,1.4398966328953218,0.5554818350760791,119.4299215099876,0.000831154263749558,4.631694379601411e-05,0.9999999999999998
grover_global,4.71238898038469,1.5707963267948966,0.5606439112931298,120.44685052474661,0.0010170849965256714,5.6216689108663224e-05,1.0
grover_global,4.71238898038469,1.7016960206944711,0.5633284266758958,120.97570005515146,0.001232826693924681,6.7593413212041e-05,0.9999999999999999
grover_global,4.71238898038469,1.832595714594046,0.5634894484218891,121.00742133911213,0.0014746879556891905,8.02524572025149e-05,0.9999999999999998
grover_global,4.71238898038469,1.9634954084936205,0.5611242214043926,120.54147161666535,0.0017385304685737985,9.397722132765775e-05,1.0
grover_global,4.71238898038469,2.0943951023931953,0.5562732153134403,119.58582341674773,0.002019839814032086,0.00010853287106806478,0.9999999999999998
grover_global,4.71238898038469,2.22529479629277,0.5490194322082015,118.15682814501565,0.0023138027111695753,0.0001236703552210893,1.0
grover_global,4.71238898038469,2.356194490192345,0.5394869863287349,116.27893630676077,0.0026153893733143314,0.0001391306672359694,0.9999999999999996
grover_global,4.71238898038469,2.4870941840919194,0.5278389804669322,113.98427915198566,0.0029194395690614375,0.0001546492768877223,0.9999999999999997
grover_global,4.71238898038469,2.617993877991494,0.514274715232526,111.31211890080762,0.0032207509152630234,0.00016996065646263496,0.9999999999999998
grover_global,4.71238898038469,2.748893571891069,0.49902627896440177,108.30817695598715,0.00351416789124629,0.0001848028240110644,0.9999999999999998
grover_global,4.71238898038469,2.8797932657906435,0.4823545766347721,105.02385159705007,0.003794670051201608,0.0001989218259312304,0.9999999999999994
grover_global,4.71238898038469,3.010692959690218,0.46454486569276654,101.515338541475,0.0040574579254022535,0.00021207608218575246,1.0000000000000002
grover_global,4.71238898038469,3.141592653589793,0.4459018752303869,97.84266942038622,0.004298035140462086,0.00022404051980306645,0.9999999999999998
grover_global,4.974188368183839,0.0,0.38578680203045684,86.0,0.001220703125,6.103515625e-05,1.0
grover_global,4.974188368183839,0.1308996938995747,0.4045794991818694,89.70216133882829,0.0010191078641334774,5.115439254859613e-05,1.0
grover_global,4.974188368183839,0.2617993877991494,0.42358938071756236,93.44710800135978,0.0008481181205467181,4.2878410520396924e-05,1.0
grover_global,4.974188368183839,0.39269908169872414,0.44249118229392465,97.17076291190315,0.0007106595761598054,3.63488145124406e-05,1.0
grover_global,4.974188368183839,0.5235987755982988,0.46096148884541555,100.80941330254689,0.000609084184777907,3.167732772276926e-05,1.0
grover_global,4.974188368183839,0.6544984694978735,0.47868426830600286,104.30080085628256,0.0005451299295095867,2.8943880585535026e-05,0.9999999999999999
grover_global,4.974188368183839,0.7853981633974483,0.4953562790054326,107.58518696407019,0.0005198910853939548,2.819524313911073e-05,0.9999999999999999
grover_global,4.974188368183839,0.916297857297023,0.5106922582182833,110.60637486900183,0.0005337994960513589,2.9444224777766178e-05,0.9999999999999999
grover_global,4.974188368183839,1.0471975511965976,0.5244298030882864,113.31267120839243,0.0005866171847193115,3.2669455079380844e-05,1.0
grover_global,4.974188368183839,1.1780972450961724,0.5363338604139488,115.65777050154793,0.0006774404261008737,3.781574945929137e-05,1.0
grover_global,4.974188368183839,1.308996938995747,0.5462007484740006,117.60154744937813,0.0008047152093550472,4.479505339383502e-05,0.9999999999999999
grover_global,4.974188368183839,1.4398966328953218,0.5538616420781157,119.1107434893888,0.0009662638276531172,5.348794905766328e-05,0.9999999999999998
grover_global,4.974188368183839,1.5707963267948966,0.5591854612127272,120.15953585890722,0.001159322139346264,6.374569859584192e-05,1.0
grover_global,4.974188368183839,1.7016960206944711,0.5620811138563999,120.72997942971077,0.0013805868631955422,7.539278906978729e-05,0.9999999999999999
grover_global,4.974188368183839,1.832595714594046,0.5624990545895743,120.8123137541461,0.0016262720984297203,8.822993553230665e-05,0.9999999999999999
grover_global,4.974188368183839,1.9634954084936205,0.5604321323304304,120.4051300690948,0.0018921741025571229,0.00010203749084829682,0.9999999999999998
grover_global,4.974188368183839,2.0943951023931953,0.5559157126918817,119.5153954003007,0.00217374321856517,0.00011657920391812376,0.9999999999999998
grover_global,4.974188368183839,2.22529479629277,0.5490270728661316,118.15833335462793,0.002466161720813255,0.0001316062619994381,0.9999999999999998
grover_global,4.974188368183839,2.356194490192345,0.5398840793904904,116.3571636399266,0.002764426247654188,0.000146861547962181,0.9999999999999998
grover_global,4.974188368183839,2.4870941840919194,0.5286431714182432,114.14270476939392,0.0030634334103391697,0.00016208403963396557,0.9999999999999996
grover_global,4.974188368183839,2.617993877991494,0.5154966840013636,111.55284674826864,0.0033580671134142144,0.0001770132759618155,0.9999999999999996
grover_global,4.974188368183839,2.748893571891069,0.5006695571844494,108.63190276533655,0.003643286092531815,0.0001913938135729952,1.0
grover_global,4.974188368183839,2.8797932657906435,0.4844154872181939,105.42985098198417,0.003914210171881625,0.0002049795974819388,0.9999999999999998
grover_global,4.974188368183839,3.010692959690218,0.4670125857461994,102.0014793920013,0.004166203765351622,0.00021753817115927358,1.0
grover_global,4.974188368183839,3.141592653589793,0.44875862123764754,98.40544838381656,0.0043949551926917175,0.0002288546539274858,0.9999999999999998
grover_global,5.235987755982988,0.0,0.38578680203045684,86.0,0.001220703125,6.103515625e-05,1.0
grover_global,5.235987755982988,0.1308996938995747,0.4040933373333201,89.60638745466406,0.0010330690342953465,5.190721447456564e-05,0.9999999999999998
grover_global,5.235987755982988,0.2617993877991494,0.4226459339890478,93.26124899584242,0.0008763857921985749,4.439908080463469e-05,1.0
grover_global,5.235987755982988,0.39269908169872414,0.4411271519251088,96.90204892924643,0.0007533342924227628,3.863922148894753e-05,0.9999999999999999
grover_global,5.235987755982988,0.5235987755982988,0.4592207723786558,100.4664921585952,0.0006660199802453951,3.47261893173303e-05,1.0
grover_global,5.235987755982988,0.6544984694978735,0.47661720848722905,103.89359007198411,0.0006159368277559277,3.272693735513685e-05,1.0
grover_global,5.235987755982988,0.7853981633974483,0.49301880240580737,107.12470407394406,0.0006039417715791284,3.267567335773765e-05,1.0
grover_global,5.235987755982988,0.916297857297023,0.5081449183150635,110.10454890806749,0.0006302400504518397,3.457327446634127e-05,1.0
grover_global,5.235987755982988,1.0471975511965976,0.5217367441780377,112.78213860307345,0.00069438169353129,3.838727219986512e-05,1.0
grover_global,5.235987755982988,1.1780972450961724,0.5335617200858493,115.1116588569123,0.0007952692195209657,4.405240799964862e-05,1.0
grover_global,5.235987755982988,1.308996938995747,0.543417517422212,117.05325093217579,0.0009311764148798778,5.147174982148511e-05,1.0
grover_global,5.235987755982988,1.4398966328953218,0.5511355007621582,118.57369365014517,0.0010997778698148418,6.051835066977278e-05,0.9999999999999999
grover_global,5.235987755982988,1.5707963267948966,0.5565836132709117,119.64697181436959,0.0012981887666867658,7.103742069580583e-05,1.0
grover_global,5.235987755982988,1.7016960206944711,0.5596686362329457,120.25472133789032,0.0015230142400402768,8.284897569500163e-05,1.0
grover_global,5.235987755982988,1.832595714594046,0.5603377840500499,120.3865434578598,0.0017704074636929015,9.575091668654232e-05,1.0
grover_global,5.235987755982988,1.9634954084936205,0.5585796074175506,120.04018266125748,0.0020361354709975818,0.00010952248788296866,1.0000000000000002
grover_global,5.235987755982988,2.0943951023931953,0.5544241892250887,119.22156527734248,0.0023156515820756123,0.00012392805388290891,1.0
grover_global,5.235987755982988,2.22529479629277,0.5479426298300369,117.94469807651728,0.002604173198769941,0.00013872113145812676,1.0
grover_global,5.235987755982988,2.356194490192345,0.5392458305106721,116.23142861060242,0.0028967636362256253,0.00015364860694989428,1.0
grover_global,5.235987755982988,2.4870941840919194,0.5284825959145572,114.11107139516773,0.0031884165909364004,0.00016845506711386907,0.9999999999999999
grover_global,5.235987755982988,2.617993877991494,0.5158370879697637,111.61990633004345,0.003474141799985691,0.00018288716931151935,0.9999999999999999
grover_global,5.235987755982988,2.748893571891069,0.5015256748232244,108.80055794017522,0.003749050425828673,0.0001966979762729087,1.0
grover_global,5.235987755982988,2.8797932657906435,0.4857932287217501,105.70126605818477,0.004008438705658096,0.0002096511812618485,0.9999999999999998
grover_global,5.235987755982988,3.010692959690218,0.46890893617999496,102.37506042745902,0.0042478684340900635,0.00022152515134967122,1.0
grover_global,5.235987755982988,3.141592653589793,0.45116169212455876,98.87885334853807,0.004463242902088645,0.00023211671961608768,1.0
grover_global,5.497787143782138,0.0,0.38578680203045684,86.0,0.001220703125,6.103515625e-05,1.0
grover_global,5.497787143782138,0.1308996938995747,0.40349969282612064,89.48943948674575,0.001047995679563667,5.270550928930826e-05,0.9999999999999999
grover_global,5.497787143782138,0.2617993877991494,0.421485263712467,93.03259695135603,0.0009063220261763016,4.599665391088892e-05,1.0
grover_global,5.497787143782138,0.39269908169872414,0.43943577658508853,96.56884798726244,0.0007981062403267198,4.1023380490312905e-05,0.9999999999999999
grover_global,5.497787143782138,0.5235987755982988,0.45704409319191214,100.0376863588067,0.0007251999241138918,3.7870783114658124e-05,1.0
grover_global,5.497787143782138,0.6544984694978735,0.4740089303538474,103.37975927970794,0.0006888505248216686,3.659280359908716e-05,1.0
grover_global,5.497787143782138,0.7853981633974483,0.490040015003512,106.53788295569186,0.0006896799907498976,3.7211308527434286e-05,0.9999999999999999
grover_global,5.497787143782138,0.916297857297023,0.5048630508378941,109.45802101506513,0.0007276741295065754,3.971571510889352e-05,1.0
grover_global,5.497787143782138,1.0471975511965976,0.5182244116041453,112.09020908601663,0.0008021828508436097,4.406317225250342e-05,1.0000000000000002
grover_global,5.497787143782138,1.1780972450961724,0.529895480715086,114.38940970087194,0.0009119312898812043,5.017929376119399e-05,1.0
grover_global,5.497787143782138,1.308996938995747,0.5396765629423962,116.31628289965204,0.0010550416203994092,5.795943110024226e-05,1.0
grover_global,5.497787143782138,1.4398966328953218,0.5474003012573385,117.83785934769568,0.001229065184965379,6.727046396271559e-05,1.0
grover_global,5.497787143782138,1.5707963267948966,0.5529345403559194,118.9281044501161,0.0014310243921409425,7.795307799483099e-05,1.0
grover_global,5.497787143782138,1.7016960206944711,0.5561845878727811,119.56836381093787,0.0016574636638976546,8.982449070871882e-05,1.0
grover_global,5.497787143782138,1.832595714594046,0.5570948345938267,119.74768241498386,0.0019045085615149318,0.00010268157894146709,1.0
grover_global,5.497787143782138,1.9634954084936205,0.5556497059452913,119.4629920712224,0.0021679320783007565,0.00011630435434875511,1.0000000000000002
grover_global,5.497787143782138,2.0943951023931953,0.5518739284790162,118.71916391036619,0.002443226964848126,0.00013045972746641724,1.0
grover_global,5.497787143782138,2.22529479629277,0.5458321067942932,117.52892503847576,0.0027256828493220538,0.00014490549593579958,1.0000000000000002
grover_global,5.497787143782138,2.356194490192345,0.537627618135257,115.91264077264563,0.0030104668332276248,0.00015939448865326728,1.0000000000000002
grover_global,5.497787143782138,2.4870941840919194,0.5274008435775778,113.89796618478282,0.003292706183643175,0.0001736787949363165,1.0
grover_global,5.497787143782138,2.617993877991494,0.515326766069335,111.519372915659,0.0035675717070315655,0.00018751400634408672,0.9999999999999999
grover_global,5.497787143782138,2.748893571891069,0.5016119764242617,108.81755935557956,0.003830360378080503,0.0002006633985735456,1.0000000000000004
grover_global,5.497787143782138,2.8797932657906435,0.4864911384956424,105.83875428364158,0.004076575809769551,0.00021290198187794664,1.0
grover_global,5.497787143782138,3.010692959690218,0.470222974012725,102.63392588050682,0.004302005187798698,0.00022402035070377541,1.0000000000000004
grover_global,5.497787143782138,3.141592653589793,0.4530858357801989,99.25790964869918,0.0045027913530090325,0.0002338282666778277,1.0
grover_global,5.759586531581287,0.0,0.38578680203045684,86.0,0.001220703125,6.103515625e-05,1.0
grover_global,5.759586531581287,0.1308996938995747,0.4028133712847132,89.35423414308849,0.0010635551937773502,5.3531616079051455e-05,1.0
grover_global,5.759586531581287,0.2617993877991494,0.4201365956647902,92.76690934596368,0.0009372720301927073,4.763642978514603e-05,1.0
grover_global,5.759586531581287,0.39269908169872414,0.43746006999863984,96.17963378973205,0.0008440143741873125,4.3450465640226876e-05,1.0
grover_global,5.759586531581287,0.5235987755982988,0.45448738483743545,99.53401481297477,0.0007853778901113259,4.104534665138209e-05,1.0
grover_global,5.759586531581287,0.6544984694978735,0.47092719810342143,102.77265802637402,0.000762365864464391,4.046222507133575e-05,1.0
grover_global,5.759586531581287,0.7853981633974483,0.4864982200336397,105.84014934662702,0.0007753720393854667,4.1711078271994315e-05,1.0
grover_global,5.759586531581287,0.916297857297023,0.5009340261257612,108.68400314677496,0.0008241738756156603,4.4770538028847006e-05,1.0
grover_global,5.759586531581287,1.0471975511965976,0.5139876157351881,111.25556029983206,0.0009079363602066475,4.958825613721152e-05,1.0
grover_global,5.759586531581287,1.1780972450961724,0.5254356383245645,113.51082074993923,0.001025226293823729,5.608180010452999e-05,1.0
grover_global,5.759586531581287,1.308996938995747,0.5350822150533946,115.41119636551873,0.0011740368131838027,6.414006359317103e-05,1.0
grover_global,5.759586531581287,1.4398966328953218,0.5427622903193118,116.92417119290441,0.0013518217290425483,7.362516748067135e-05,1.0000000000000002
grover_global,5.759586531581287,1.5707963267948966,0.548344455905197,118.0238578133238,0.0015555390921983294,8.43748190097481e-05,1.0
grover_global,5.759586531581287,1.7016960206944711,0.551733199410207,118.69144028381078,0.00178170324208643,9.620508866237234e-05,1.0000000000000002
grover_global,5.759586531581287,1.832595714594046,0.552870538493434,118.9154960832065,0.0020264444473977144,0.00010891355724481735,1.0000000000000002
grover_global,5.759586531581287,1.9634954084936205,0.5517370129678342,118.69219155466335,0.0022855751182542256,0.00012228277933618427,1.0
grover_global,5.759586531581287,2.0943951023931953,0.5483520177694228,118.02534750057629,0.0025546614570330127,0.00013608400383984117,1.0
grover_global,5.759586531581287,2.22529479629277,0.542773471104543,116.92637380759497,0.002829099321872744,0.00015008108797810816,1.0
grover_global,5.759586531581287,2.356194490192345,0.535096823453296,115.41407422029931,0.0031041930048174605,0.00016403453776065474,1.0
grover_global,5.759586531581287,2.4870941840919194,0.5254534243853635,113.51432460391662,0.0033752355766816003,0.00017770560579307413,1.0000000000000002
grover_global,5.759586531581287,2.617993877991494,0.514008275132453,111.25963020109324,0.0036375894239133694,0.0001908603763109956,1.0
grover_global,5.759586531581287,2.748893571891069,0.5009572053714773,108.68856945818104,0.0038867655994484053,0.0002032737675436663,1.0000000000000002
grover_global,5.759586531581287,2.8797932657906435,0.486523522524486,105.84513393732374,0.004118500629838614,0.00021473338292545273,1.0
grover_global,5.759586531581287,3.010692959690218,0.4709541909067646,102.77797560863263,0.004328829464464932,0.00022504314525996703,1.0000000000000002
grover_global,5.759586531581287,3.141592653589793,0.4545156060989262,99.53957440148847,0.004514153318652732,0.00023402665165525932,1.0
grover_global,6.021385919380436,0.0,0.38578680203045684,86.0,0.001220703125,6.103515625e-05,1.0
grover_global,6.021385919380436,0.1308996938995747,0.40204956732281477,89.20376476259452,0.0010794307739316665,5.436882993398801e-05,0.9999999999999999
grover_global,6.021385919380436,0.2617993877991494,0.4186300095614848,92.47011188361249,0.0009686175037764602,4.928588178232598e-05,1.0
grover_global,6.021385919380436,0.39269908169872414,0.43524443278279606,95.74315325821085,0.0008901593603099802,4.5873282447148385e-05,1.0
grover_global,6.021385919380436,0.5235987755982988,0.4516085595990438,98.96688624101162,0.0008453987841196442,4.418942244923133e-05,1.0
grover_global,6.021385919380436,0.6544984694978735,0.4674423952634085,102.08615186689148,0.0008351016410740462,4.4263113099993393e-05,1.0
grover_global,6.021385919380436,0.7853981633974483,0.4824750184577048,105.04757863616784,0.0008594441181456021,4.609309353196915e-05,1.0
grover_global,6.021385919380436,0.916297857297023,0.49644921683124754,107.80049571575576,0.0009180097088026099,4.9648052272601025e-05,1.0
grover_global,6.021385919380436,1.0471975511965976,0.5091258879754852,110.2977999311706,0.0010097963395514773,5.4867162992216046e-05,1.0
grover_global,6.021385919380436,1.1780972450961724,0.5202881305325034,112.49676171490316,0.0011332335156920299,6.16611252593908e-05,1.0
grover_global,6.021385919380436,1.308996938995747,0.5297449554373929,114.35975622116636,0.001286209192917252,6.99136924960916e-05,1.0
grover_global,6.021385919380436,1.4398966328953218,0.5373345537941039,115.85490709743843,0.0014661059149769502,7.94836609888547e-05,1.0
grover_global,6.021385919380436,1.5707963267948966,0.5429270654705184,116.95663189769215,0.0016698455990798884,9.020728592347236e-05,1.0
grover_global,6.021385919380436,1.7016960206944711,0.5464268010413165,117.64607980513937,0.0018939422027437528,0.00010190108310416274,1.0000000000000002
grover_global,6.021385919380436,1.832595714594046,0.5477738790605715,117.91145417493257,0.0021345613709485385,0.0001143649684190311,0.9999999999999999
grover_global,6.021385919380436,1.9634954084936205,0.5469452506498933,117.748214378029,0.0023875860430140248,0.0001273856813346983,1.0
grover_global,6.021385919380436,2.0943951023931953,0.5439550938711278,117.15915349261216,0.002648686896649479,0.00014074043384315347,0.9999999999999998
grover_global,6.021385919380436,2.22529479629277,0.538854571135788,116.15435051375026,0.0029133964238583646,0.00015420072242634022,1.0
grover_global,6.021385919380436,2.356194490192345,0.5317309538020074,114.75099789899545,0.0031771853712387935,0.00016753623781470305,0.9999999999999998
grover_global,6.021385919380436,2.4870941840919194,0.522706128937407,112.97310740066916,0.0034355402367649713,0.00018051880564264378,0.9999999999999999
grover_global,6.021385919380436,2.617993877991494,0.511934513797574,110.85109921812209,0.003684040497058245,0.00019292629057517845,0.9999999999999998
grover_global,6.021385919380436,2.748893571891069,0.4996004137040073,108.42128149968944,0.003918434243767708,0.0002045463971051068,1.0
grover_global,6.021385919380436,2.8797932657906435,0.48591486852896604,105.72522910020633,0.004134710934900938,0.0002151803019879995,1.0
grover_global,6.021385919380436,3.010692959690218,0.4711120417447453,102.80907222371482,0.004329170016309417,0.00022464605616303484,1.0
grover_global,6.021385919380436,3.141592653589793,0.4554452138217419,99.72270712288314,0.004498484239196003,0.00023278169795187497,1.0
grover_global,6.283185307179586,0.0,0.38578680203045684,86.0,0.001220703125,6.103515625e-05,1.0
grover_global,6.283185307179586,0.1308996938995747,0.4012235519626889,89.04103973664972,0.0010953280680677825,5.520175174131759e-05,1.0
grover_global,6.283185307179586,0.2617993877991494,0.41699581607226877,92.14817576623693,0.000999789207043852,5.091531495434854e-05,1.0
grover_global,6.283185307179586,0.39269908169872414,0.4328337265473833,95.26824412983451,0.000935721238328704,4.824918801094269e-05,1.0
grover_global,6.283185307179586,0.5235987755982988,0.44846629234870516,98.34785959269493,0.0009042203826300517,4.724898908229176e-05,1.0
grover_global,6.283185307179586,0.6544984694978735,0.4636260359412079,101.33432908041794,0.0009058256283225854,4.7931831849372465e-05,1.0
grover_global,6.283185307179586,0.7853981633974483,0.4780535699089485,104.17655327206285,0.0009405095092074491,5.0286032683120315e-05,1.0
grover_global,6.283185307179586,0.916297857297023,0.4915020351456709,106.82590092369716,0.0010076785744665136,5.427131055456207e-05,1.0
grover_global,6.283185307179586,1.0471975511965976,0.5037413246825557,109.23704096246348,0.0011061835427704125,5.981947625438962e-05,1.0
grover_global,6.283185307179586,1.1780972450961724,0.5145620208822549,111.3687181138042,0.00123433896680073,6.683559912923676e-05,1.0
grover_global,6.283185307179586,1.308996938995747,0.5237789786327276,113.18445879064734,0.0013899520717209112,7.519963137147804e-05,1.0
grover_global,6.283185307179586,1.4398966328953218,0.5312344932314399,114.65319516659369,0.0015703602741616682,8.476846207050104e-05,0.9999999999999998
grover_global,6.283185307179586,1.5707963267948966,0.5368009987565489,115.74979675504011,0.001772476739760636,9.537836588006421e-05,1.0
grover_global,6.283185307179586,1.7016960206944711,0.5403832507551926,116.45550039877293,0.001992843199754145,0.00010684780440436495,1.0
grover_global,6.283185307179586,1.832595714594046,0.5419199559024865,116.75823131278985,0.002227689122914582,0.00011898053237032332,0.9999999999999998
grover_global,6.283185307179586,1.9634954084936205,0.5413848207473055,116.6528096872192,0.00247299623038508,0.0001315689554386141,1.0
grover_global,6.283185307179586,2.0943951023931953,0.538787001600522,116.14103931530283,0.0027245672495448403,0.0001443976822003686,1.0
grover_global,6.283185307179586,2.22529479629277,0.534170947867989,115.2316767299938,0.002978097730507376,0.00015724720958389812,1.0
grover_global,6.283185307179586,2.356194490192345,0.527615641508882,113.94028137724975,0.003229249696451486,0.00016989767861310849,0.9999999999999998
grover_global,6.283185307179586,2.4870941840919194,0.5192332456324796,112.28894938959851,0.0034737258676073913,0.00018213263625553727,0.9999999999999999
grover_global,6.283185307179586,2.617993877991494,0.5091671853562666,110.30593551518453,0.003707343188905011,0.00019374273899375142,0.9999999999999999
grover_global,6.283185307179586,2.748893571891069,0.4975896937624078,108.02516967119433,0.0039261044032059865,0.00020452933475097144,0.9999999999999999
grover_global,6.283185307179586,2.8797932657906435,0.48469886494196124,105.48567639356637,0.0041262664454815605,0.00021430786188318196,1.0
grover_global,6.283185307179586,3.010692959690218,0.4707152645500578,102.73090711636141,0.004304404487692993,0.00022291100708003096,1.0
grover_global,6.283185307179586,3.141592653589793,0.45587815586638936,99.80799670567868,0.004457470538548856,0.00023019156814195796,0.9999999999999998
