run_id,evaluation_index,training_objective,expected_energy,cvar_0.10,cvar_0.25,p_opt,p_feas,p_opt_given_feas
bfo-2a1a5a3fe7875c614a35721034b384f6d9218d60db90d607c897372d97a029d5,0,42.688138671716686,42.688138671716686,16.220799562671154,21.44689531026483,0.0027880592462267884,0.01661805279083194,0.16777292028852747
bfo-2a1a5a3fe7875c614a35721034b384f6d9218d60db90d607c897372d97a029d5,1,42.688138671716686,42.688138671716686,16.220799562671154,21.44689531026483,0.0027880592462267884,0.01661805279083194,0.16777292028852747
bfo-2a1a5a3fe7875c614a35721034b384f6d9218d60db90d607c897372d97a029d5,2,95.36644865004018,95.36644865004018,45.017610091701435,56.225553443569524,5.9694747646969145e-09,0.00019181077136442497,3.112168687000062e-05
bfo-2a1a5a3fe7875c614a35721034b384f6d9218d60db90d607c897372d97a029d5,3,49.057438655998595,49.057438655998595,18.20963949862616,24.381695203379124,0.0010908101929607305,0.018659988076898143,0.058457175238562975
bfo-2a1a5a3fe7875c614a35721034b384f6d9218d60db90d607c897372d97a029d5,4,85.8235205565932,85.8235205565932,45.899507449910665,53.678468055252395,1.1338766846485465e-05,0.0001626719318432393,0.06970327774438802
bfo-2a1a5a3fe7875c614a35721034b384f6d9218d60db90d607c897372d97a029d5,5,87.42248618948821,87.42248618948821,45.77246142715007,53.82577664598575,1.1975921655693811e-05,0.0001366225484585374,0.08765699213500103
bfo-2a1a5a3fe7875c614a35721034b384f6d9218d60db90d607c897372d97a029d5,6,87.29410922196271,87.29410922196271,45.95032272958541,53.93513367062327,9.295902428604783e-06,0.00012648159532113585,0.07349608775096925
bfo-2a1a5a3fe7875c614a35721034b384f6d9218d60db90d607c897372d97a029d5,7,87.25513605057405,87.25513605057405,45.97744769798942,53.946021962723066,8.777311921074193e-06,0.0001249139104190158,0.0702668893450798
bfo-2a1a5a3fe7875c614a35721034b384f6d9218d60db90d607c897372d97a029d5,8,87.15524855005002,87.15524855005002,46.00274624473539,53.93889245461647,7.948070729846212e-06,0.0001236523724496039,0.06427754334503812
bfo-2a1a5a3fe7875c614a35721034b384f6d9218d60db90d607c897372d97a029d5,9,86.64715424912657,86.64715424912657,45.97615390509885,53.78125117392612,5.488572081990738e-06,0.00012480243172335642,0.04397808605329897
bfo-2a1a5a3fe7875c614a35721034b384f6d9218d60db90d607c897372d97a029d5,10,86.49967338646154,86.49967338646154,45.93199696157488,53.708116437446186,5.04135767936073e-06,0.00012734350042449487,0.0395886532296941
bfo-2a1a5a3fe7875c614a35721034b384f6d9218d60db90d607c897372d97a029d5,11,86.23237380621286,86.23237380621286,45.797454607066406,53.534826915590024,4.011294130714205e-06,0.00013663553062427886,0.029357621054983744
bfo-2a1a5a3fe7875c614a35721034b384f6d9218d60db90d607c897372d97a029d5,12,86.23195950234786,86.23195950234786,45.79664724242972,53.53409910677676,3.998956124492624e-06,0.0001367336008162183,0.029246330825936227
bfo-2a1a5a3fe7875c614a35721034b384f6d9218d60db90d607c897372d97a029d5,13,86.23195950234786,86.23195950234786,45.796647242429756,53.53409910677679,3.998956124492641e-06,0.00013673360081621773,0.029246330825936473
bfo-2a1a5a3fe7875c614a35721034b384f6d9218d60db90d607c897372d97a029d5,14,85.99850453764897,85.99850453764897,45.03510742147952,52.96456632150928,8.831122985837691e-07,0.00019982759108623326,0.004419371187848991
bfo-2a1a5a3fe7875c614a35721034b384f6d9218d60db90d607c897372d97a029d5,15,85.99905439000914,85.99905439000914,45.032639343175944,52.963180550976006,8.7889463161778e-07,0.00020005118973451225,0.004393348686324536
bfo-2a1a5a3fe7875c614a35721034b384f6d9218d60db90d607c897372d97a029d5,16,85.99905439000914,85.99905439000914,45.03263934317595,52.96318055097603,8.788946316177958e-07,0.00020005118973451144,0.0043933486863246335
bfo-2a1a5a3fe7875c614a35721034b384f6d9218d60db90d607c897372d97a029d5,17,86.15646327270429,86.15646327270429,45.05812358140887,53.07220636817227,1.3693146820523615e-06,0.00020940177827799192,0.006539174085878697
bfo-2a1a5a3fe7875c614a35721034b384f6d9218d60db90d607c897372d97a029d5,18,86.40224790989019,86.40224790989019,45.01592785550469,53.11819252175993,1.8268725040433016e-06,0.00020541610293566562,0.00889352138383942
bfo-2a1a5a3fe7875c614a35721034b384f6d9218d60db90d607c897372d97a029d5,19,84.97050300947467,84.97050300947467,44.060647679858185,51.79322814329589,3.807005693879445e-06,0.00026692813579600204,0.014262287047885137
bfo-2a1a5a3fe7875c614a35721034b384f6d9218d60db90d607c897372d97a029d5,20,46.18986801732418,46.18986801732418,17.67387089908262,23.677941953846933,0.002210767660075885,0.014843652611135835,0.14893690373872995
bfo-2a1a5a3fe7875c614a35721034b384f6d9218d60db90d607c897372d97a029d5,21,45.621657974426995,45.621657974426995,17.475526003052806,23.342058269771513,0.002231729022145867,0.01584332976941352,0.1408623726594615
bfo-2a1a5a3fe7875c614a35721034b384f6d9218d60db90d607c897372d97a029d5,22,45.624775071962375,45.624775071962375,17.476542470144334,23.34361586528286,0.002232667651306685,0.015846959455100795,0.14088933953749957
bfo-2a1a5a3fe7875c614a35721034b384f6d9218d60db90d607c897372d97a029d5,23,43.92264714691547,43.92264714691547,16.712405395730134,22.213864668915786,0.0025436868223149916,0.016576836656035113,0.1534482648949137
bfo-2a1a5a3fe7875c614a35721034b384f6d9218d60db90d607c897372d97a029d5,24,59.83326488310642,59.83326488310642,23.439326474102796,30.38665398369342,0.00025924801067728226,0.006273021230238749,0.04132745628654844
bfo-2a1a5a3fe7875c614a35721034b384f6d9218d60db90d607c897372d97a029d5,25,42.61531310200342,42.61531310200342,15.375103915406243,20.74983560137474,3.2784319833118054e-06,0.012046789940419484,0.00027214154140033477
bfo-2a1a5a3fe7875c614a35721034b384f6d9218d60db90d607c897372d97a029d5,26,73.47827929963472,73.47827929963472,31.09445045547827,39.26316876468053,3.96947302391891e-06,0.0022709489809229454,0.0017479358000837436
bfo-2a1a5a3fe7875c614a35721034b384f6d9218d60db90d607c897372d97a029d5,27,59.63530025434264,59.63530025434264,20.7955883758908,27.83226702372241,0.0001087825064771936,0.006740002686278385,0.016139831323607357
bfo-2a1a5a3fe7875c614a35721034b384f6d9218d60db90d607c897372d97a029d5,28,60.778212166331464,60.778212166331464,20.991809958844925,28.118318844281433,0.00010567828561451525,0.006687176282296073,0.015803125437906074
bfo-2a1a5a3fe7875c614a35721034b384f6d9218d60db90d607c897372d97a029d5,29,64.41887096625875,64.41887096625875,21.867185255851666,29.390041953016095,8.990333429229912e-05,0.00606502035753855,0.014823253508218366
bfo-2a1a5a3fe7875c614a35721034b384f6d9218d60db90d607c897372d97a029d5,30,66.86992673246871,66.86992673246871,22.71519782608115,30.599274140542484,8.464737338181862e-05,0.005350420730961324,0.01582069478984876
bfo-2a1a5a3fe7875c614a35721034b384f6d9218d60db90d607c897372d97a029d5,31,71.1516018631535,71.1516018631535,25.220777920226894,33.88293324782943,0.00012208268418338917,0.003707871860037118,0.03292527055726436
bfo-2a1a5a3fe7875c614a35721034b384f6d9218d60db90d607c897372d97a029d5,32,73.50280137444955,73.50280137444955,27.620290751177098,36.54468522189367,0.00015240730121176052,0.0026085643391917145,0.0584257397534558
bfo-2a1a5a3fe7875c614a35721034b384f6d9218d60db90d607c897372d97a029d5,33,75.63124350761707,75.63124350761707,29.693990129755335,38.75852311481505,0.00011301609849129128,0.0017240112123056786,0.06555415514968982
bfo-2a1a5a3fe7875c614a35721034b384f6d9218d60db90d607c897372d97a029d5,34,75.63124350761714,75.63124350761714,29.69399012975528,38.75852311481501,0.00011301609849129169,0.0017240112123056805,0.06555415514968999
bfo-2a1a5a3fe7875c614a35721034b384f6d9218d60db90d607c897372d97a029d5,35,75.70716966678128,75.70716966678128,29.735537044185836,38.80702986712841,0.00011207522945232914,0.0017093398237246823,0.06556638293731155
bfo-2a1a5a3fe7875c614a35721034b384f6d9218d60db90d607c897372d97a029d5,36,76.80234614714776,76.80234614714776,30.13229260474505,39.34049082837852,0.0001039255268892909,0.0016500658570741422,0.06298265396119958
bfo-2a1a5a3fe7875c614a35721034b384f6d9218d60db90d607c897372d97a029d5,37,76.80234614714767,76.80234614714767,30.132292604745054,39.340490828378535,0.00010392552688929079,0.0016500658570741413,0.06298265396119955
bfo-2a1a5a3fe7875c614a35721034b384f6d9218d60db90d607c897372d97a029d5,38,80.63268631572433,80.63268631572433,31.49576309721646,41.67542401608172,7.3505682378073455e-06,0.002091160933274089,0.003515065780374305
bfo-2a1a5a3fe7875c614a35721034b384f6d9218d60db90d607c897372d97a029d5,39,80.8432558569312,80.8432558569312,31.65485953345563,41.71578531859279,4.0027266281305926e-05,0.0014839617380441362,0.026973246853427585
bfo-2a1a5a3fe7875c614a35721034b384f6d9218d60db90d607c897372d97a029d5,40,67.13744228303783,67.13744228303783,28.161789327654187,35.0676611435545,8.132133925410676e-05,0.0026294799487365564,0.030926776716126318
bfo-2a1a5a3fe7875c614a35721034b384f6d9218d60db90d607c897372d97a029d5,41,67.86461927443204,67.86461927443204,24.905765742032514,32.90600716863462,2.4653504205027084e-05,0.003210658782406746,0.007678643504603917
bfo-2a1a5a3fe7875c614a35721034b384f6d9218d60db90d607c897372d97a029d5,42,55.3145300227374,55.3145300227374,21.247703817491168,27.406418088801033,0.0016989387136687078,0.012523337089716863,0.13566182092660725
bfo-2a1a5a3fe7875c614a35721034b384f6d9218d60db90d607c897372d97a029d5,43,64.68262693572036,64.68262693572036,28.20724076547556,34.30531662936538,2.0989297731583636e-06,0.0005147681731696742,0.004077427243091288
bfo-2a1a5a3fe7875c614a35721034b384f6d9218d60db90d607c897372d97a029d5,44,71.84720804130173,71.84720804130173,25.408851542698685,33.509709909962105,2.3839543773334057e-06,0.0027517024185228357,0.0008663561732860474
bfo-2a1a5a3fe7875c614a35721034b384f6d9218d60db90d607c897372d97a029d5,45,72.1568425009923,72.1568425009923,25.620267444436962,33.71343238562185,4.410342151869538e-06,0.0026675388021178696,0.0016533375815819377
bfo-2a1a5a3fe7875c614a35721034b384f6d9218d60db90d607c897372d97a029d5,46,1000000.0,86.46358122079972,35.239887305223775,46.62680378143049,4.81132884756372e-05,0.0014086504399786718,0.03415559113186781
bfo-2a1a5a3fe7875c614a35721034b384f6d9218d60db90d607c897372d97a029d5,47,84.84897312926368,84.84897312926368,34.77273981282332,45.37237749135818,0.00021606744137151422,0.0015873398871679074,0.1361192036552527
bfo-2a1a5a3fe7875c614a35721034b384f6d9218d60db90d607c897372d97a029d5,48,71.40955720458913,71.40955720458913,29.052505505364348,37.436597986932256,2.175370509119987e-05,0.0025786652509917113,0.008436032975910215
bfo-2a1a5a3fe7875c614a35721034b384f6d9218d60db90d607c897372d97a029d5,49,1000000.0,86.26160182110856,35.2944526890068,46.43548081035598,2.8302187080794383e-05,0.0013692939231813674,0.020669183293414547
bfo-2a1a5a3fe7875c614a35721034b384f6d9218d60db90d607c897372d97a029d5,50,1000000.0047051987,47.42974087874961,17.106720276258578,23.403015020029155,3.197750703686192e-05,0.010549226751556121,0.0030312654936670977
bfo-2a1a5a3fe7875c614a35721034b384f6d9218d60db90d607c897372d97a029d5,51,83.4509506543856,83.4509506543856,33.38942682757486,44.21544808933384,2.2213996624984834e-06,0.0006269002068379428,0.003543466150223695
bfo-2a1a5a3fe7875c614a35721034b384f6d9218d60db90d607c897372d97a029d5,52,42.49830058604287,42.49830058604287,15.231369068458742,20.47167202716773,1.9314254398996787e-05,0.013140567256858488,0.0014698189219278987
bfo-2a1a5a3fe7875c614a35721034b384f6d9218d60db90d607c897372d97a029d5,53,1000000.0,43.322488043910695,14.851681650245167,19.715622267583456,2.8218413270862972e-05,0.01887156634538781,0.0014952872885275641
bfo-2a1a5a3fe7875c614a35721034b384f6d9218d60db90d607c897372d97a029d5,54,1000000.0001306492,43.09933767059218,15.571167508285756,21.18326294728957,1.302079935922566e-05,0.011452446656961428,0.001136944772522551
bfo-2a1a5a3fe7875c614a35721034b384f6d9218d60db90d607c897372d97a029d5,55,1000000.0,59.84876280291632,23.719759483485216,30.6114153034565,3.898826138589335e-06,0.0029684441501948437,0.0013134241175915074
bfo-2a1a5a3fe7875c614a35721034b384f6d9218d60db90d607c897372d97a029d5,56,1000000.0002749537,42.81665078888663,15.544815810645114,21.105826392100145,1.3331008774685243e-05,0.011536569692125345,0.00115554355674588
bfo-2a1a5a3fe7875c614a35721034b384f6d9218d60db90d607c897372d97a029d5,57,1000000.0,54.59860117806187,21.52225579995444,28.379417387843638,9.197767094122416e-06,0.0035582062239102774,0.0025849449175586467
bfo-2a1a5a3fe7875c614a35721034b384f6d9218d60db90d607c897372d97a029d5,58,1000000.0127585662,42.85688516844136,15.118216842949982,20.223954600702957,2.7065467156501727e-05,0.014554098944968456,0.0018596456749978751
bfo-2a1a5a3fe7875c614a35721034b384f6d9218d60db90d607c897372d97a029d5,59,1000000.0,50.656983100064785,19.096004415762582,25.934549672978363,2.089527701779976e-06,0.007091083893642883,0.00029466971948438316
bfo-2a1a5a3fe7875c614a35721034b384f6d9218d60db90d607c897372d97a029d5,60,1000000.0154377372,43.002798463307734,15.12302341801169,20.244618522827373,2.745880584695081e-05,0.014574315721227414,0.0018840545499475632
bfo-2a1a5a3fe7875c614a35721034b384f6d9218d60db90d607c897372d97a029d5,61,1000000.0,66.7350988819741,26.96108813522319,34.798863378194035,8.576816613050958e-07,0.0018547442875936559,0.00046242582712997674
bfo-2a1a5a3fe7875c614a35721034b384f6d9218d60db90d607c897372d97a029d5,62,1000000.0038119425,43.42678816058289,15.143311450537821,20.32173060642616,2.801595470307701e-05,0.014552257804117322,0.0019251964252001057
bfo-2a1a5a3fe7875c614a35721034b384f6d9218d60db90d607c897372d97a029d5,63,1000000.0,76.76989421425846,28.872680029306345,39.33392673123261,2.7903748263869638e-05,0.0027355485968838782,0.010200421332545652
bfo-2a1a5a3fe7875c614a35721034b384f6d9218d60db90d607c897372d97a029d5,64,1000000.0073296676,43.812959022788874,15.182435523515002,20.411343378930766,3.05180694364114e-05,0.014751677641546588,0.002068786356235198
bfo-2a1a5a3fe7875c614a35721034b384f6d9218d60db90d607c897372d97a029d5,65,1000000.0,64.78041248148156,25.452947933390988,32.89531252365271,1.6107439084144157e-06,0.0019823478679108094,0.0008125435169519333
bfo-2a1a5a3fe7875c614a35721034b384f6d9218d60db90d607c897372d97a029d5,66,1000000.0008383146,44.08550740201957,15.210599138348995,20.475864382062152,3.189341467228205e-05,0.014850295194479363,0.002147661999617254
bfo-2a1a5a3fe7875c614a35721034b384f6d9218d60db90d607c897372d97a029d5,67,1000000.0,71.82597877669374,28.186995293074705,36.515444340661844,1.2555867381645934e-06,0.0013017973911053293,0.0009645024231447419
bfo-2a1a5a3fe7875c614a35721034b384f6d9218d60db90d607c897372d97a029d5,68,1000000.0063625444,44.39121465360263,15.258385065484603,20.56570640146895,3.7920132733996886e-05,0.015230254895579583,0.0024897897634663223
bfo-2a1a5a3fe7875c614a35721034b384f6d9218d60db90d607c897372d97a029d5,69,1000000.0,57.159483509573946,22.52059601636222,29.345613536616185,1.0928308443911372e-06,0.002607492710723725,0.00041911175432886083
bfo-2a1a5a3fe7875c614a35721034b384f6d9218d60db90d607c897372d97a029d5,70,44.61786739791019,44.61786739791019,15.290118549048248,20.633825390729047,3.947766962525021e-05,0.015281740817524965,0.0025833228096616826
bfo-2a1a5a3fe7875c614a35721034b384f6d9218d60db90d607c897372d97a029d5,71,1000000.0,75.80332953268939,30.309228732302355,39.385719592123664,5.587122919311555e-06,0.0010131510286345317,0.0055146002534701725
bfo-2a1a5a3fe7875c614a35721034b384f6d9218d60db90d607c897372d97a029d5,72,45.03579406680296,45.03579406680296,15.344185546870266,20.743199607436676,4.022744880292011e-05,0.015361539640907603,0.002618712039501228
bfo-2a1a5a3fe7875c614a35721034b384f6d9218d60db90d607c897372d97a029d5,73,72.24525726463338,72.24525726463338,28.42069785211122,36.99045314827432,9.511544384477996e-07,0.0010921406803740513,0.0008709083504901908
bfo-2a1a5a3fe7875c614a35721034b384f6d9218d60db90d607c897372d97a029d5,74,45.710765668936766,45.710765668936766,15.460558915997524,20.977846722614395,4.4711440575576726e-05,0.015322925733240894,0.0029179440893968215
bfo-2a1a5a3fe7875c614a35721034b384f6d9218d60db90d607c897372d97a029d5,75,1000000.0,72.27670362156155,28.336232231060617,36.84893377558656,9.0684043949083e-07,0.0010978196690880555,0.0008260377045750424
bfo-2a1a5a3fe7875c614a35721034b384f6d9218d60db90d607c897372d97a029d5,76,47.235436700417,47.235436700417,15.774993872969402,21.579073727341587,4.895241065574075e-05,0.014927958441336231,0.0032792434979045213
bfo-2a1a5a3fe7875c614a35721034b384f6d9218d60db90d607c897372d97a029d5,77,1000000.0,67.60741137924224,26.651119849457693,34.58790682670138,1.9115266390102855e-06,0.0014772066735315554,0.0012940143537534948
bfo-2a1a5a3fe7875c614a35721034b384f6d9218d60db90d607c897372d97a029d5,78,42.939877047991004,42.939877047991004,15.316131260992222,20.61700175436891,1.9142998438627657e-05,0.013029759769087223,0.0014691750867152546
bfo-2a1a5a3fe7875c614a35721034b384f6d9218d60db90d607c897372d97a029d5,79,1000000.0,54.919652458511955,21.45696677789389,28.387294713878166,7.657793216221896e-08,0.0028936006119058113,2.646458251603094e-05
bfo-2a1a5a3fe7875c614a35721034b384f6d9218d60db90d607c897372d97a029d5,80,42.37718333939857,42.37718333939857,15.223336317595347,20.410905824130403,1.9947502813352407e-05,0.013605025467672716,0.0014661863633221583
bfo-2a1a5a3fe7875c614a35721034b384f6d9218d60db90d607c897372d97a029d5,81,1000000.0,48.75244101968951,18.651722530551908,25.55169893020864,4.289815300576778e-07,0.004394649213576815,9.761451010296424e-05
bfo-2a1a5a3fe7875c614a35721034b384f6d9218d60db90d607c897372d97a029d5,82,41.871954265611635,41.871954265611635,15.242686272955002,20.388629756481986,2.0759562339473173e-05,0.014171707513816094,0.0014648596380665163
bfo-2a1a5a3fe7875c614a35721034b384f6d9218d60db90d607c897372d97a029d5,83,42.93029449185672,42.93029449185672,15.096265624118015,19.93534464989774,1.9423047456118245e-05,0.015024867889925677,0.0012927266714365983
bfo-2a1a5a3fe7875c614a35721034b384f6d9218d60db90d607c897372d97a029d5,84,42.512655396605936,42.512655396605936,15.408742789627178,20.764595337373095,1.9382146760119098e-05,0.014042967761393453,0.0013802030375234479
bfo-2a1a5a3fe7875c614a35721034b384f6d9218d60db90d607c897372d97a029d5,85,1000000.0,40.387435057539896,14.961799039896523,19.574085220191442,5.695682524867568e-06,0.013107412480511303,0.00043453904676732857
bfo-2a1a5a3fe7875c614a35721034b384f6d9218d60db90d607c897372d97a029d5,86,42.02994883049256,42.02994883049256,15.191788629681167,20.318840478847726,1.5190228867957362e-05,0.01383994575384877,0.0010975641912276347
bfo-2a1a5a3fe7875c614a35721034b384f6d9218d60db90d607c897372d97a029d5,87,1000000.0,43.085300126471516,15.10192979399359,20.057643438239605,2.6012719891157405e-05,0.015987462167973473,0.001627069988835802
bfo-2a1a5a3fe7875c614a35721034b384f6d9218d60db90d607c897372d97a029d5,88,41.52786108108268,41.52786108108268,15.163135172275565,20.232869768662606,2.4894425587777726e-05,0.014485393184143477,0.0017185881854438413
bfo-2a1a5a3fe7875c614a35721034b384f6d9218d60db90d607c897372d97a029d5,89,1000000.0,73.59617456996236,24.572968414567924,34.39984284903938,2.0060651550606198e-07,0.0054080343227965715,3.709416463213671e-05
bfo-2a1a5a3fe7875c614a35721034b384f6d9218d60db90d607c897372d97a029d5,90,40.652006104427,40.652006104427,14.889415329339736,19.540157570703133,3.6194327232854616e-05,0.015546528989855443,0.0023281291442271428
bfo-2a1a5a3fe7875c614a35721034b384f6d9218d60db90d607c897372d97a029d5,91,1000000.0,42.349721682992126,14.703243520263861,19.245638412201167,3.952722319666787e-05,0.018126991942135604,0.0021805726688049177
bfo-2a1a5a3fe7875c614a35721034b384f6d9218d60db90d607c897372d97a029d5,92,1000000.010904555,41.00717812362694,15.0088704821332,19.775785677956453,2.2476859218498196e-05,0.014490909711827225,0.00155110063242979
bfo-2a1a5a3fe7875c614a35721034b384f6d9218d60db90d607c897372d97a029d5,93,1000000.0,56.896307764614704,22.45929470078363,29.47420769500156,4.368768834043657e-06,0.0035157272860759765,0.001242635869780386
bfo-2a1a5a3fe7875c614a35721034b384f6d9218d60db90d607c897372d97a029d5,94,40.28584120627043,40.28584120627043,14.832563582577293,19.394831373369986,4.5915011478953906e-05,0.016116397292464092,0.002848962497370515
bfo-2a1a5a3fe7875c614a35721034b384f6d9218d60db90d607c897372d97a029d5,95,1000000.0,40.45008552070034,14.92325522135242,19.710933084791048,1.5947328417400122e-05,0.014639859343090861,0.0010893088549328385
bfo-2a1a5a3fe7875c614a35721034b384f6d9218d60db90d607c897372d97a029d5,96,1000000.0037130876,40.01343580371001,14.78603302371858,19.238362514990495,4.516366996138456e-05,0.016777825818130785,0.0026918666608505915
bfo-2a1a5a3fe7875c614a35721034b384f6d9218d60db90d607c897372d97a029d5,97,1000000.0,42.92807939436693,15.343313105611994,20.729882509491926,2.1366822349052164e-05,0.015067777760395489,0.0014180473516946365
bfo-2a1a5a3fe7875c614a35721034b384f6d9218d60db90d607c897372d97a029d5,98,1000000.0206537036,39.90026847585206,14.753953263787286,19.159687301550335,4.675558672242573e-05,0.017016843254325776,0.002747606358220418
bfo-2a1a5a3fe7875c614a35721034b384f6d9218d60db90d607c897372d97a029d5,99,51.44357038121639,51.44357038121639,15.940499647912382,22.174221811118016,0.0001020164455418798,0.016897871630023292,0.006037236391393937
bfo-2a1a5a3fe7875c614a35721034b384f6d9218d60db90d607c897372d97a029d5,100,1000000.0179498573,39.8351866544499,14.790205959261028,19.230414950592756,4.4908989826264265e-05,0.01677728722276968,0.0026767730223581677
bfo-2a1a5a3fe7875c614a35721034b384f6d9218d60db90d607c897372d97a029d5,101,1000000.0,55.87888601041891,22.59525136792055,29.451847254899,1.2651502140058981e-05,0.0033353711879972963,0.0037931316866880714
bfo-2a1a5a3fe7875c614a35721034b384f6d9218d60db90d607c897372d97a029d5,102,1000000.0004963459,39.74602451565404,14.745602881083672,19.129114302438275,4.6881991833850605e-05,0.017163860646769138,0.002731436289228758
bfo-2a1a5a3fe7875c614a35721034b384f6d9218d60db90d607c897372d97a029d5,103,1000000.0,42.976043533945436,14.57430744689469,19.25160809554736,8.109860953648727e-05,0.01883875871817273,0.004304880738148413
bfo-2a1a5a3fe7875c614a35721034b384f6d9218d60db90d607c897372d97a029d5,104,1000000.0193528828,39.640368174831735,14.725925691043422,19.074832271622636,4.7701685217372923e-05,0.017340099241205765,0.0027509464942402444
bfo-2a1a5a3fe7875c614a35721034b384f6d9218d60db90d607c897372d97a029d5,105,1000000.0,40.264951589814636,14.95966185608649,19.61484255605301,6.296517846329924e-05,0.01578157199273348,0.003989791288997771
bfo-2a1a5a3fe7875c614a35721034b384f6d9218d60db90d607c897372d97a029d5,106,1000000.0128665977,39.63560032533485,14.776967245596294,19.186342621882787,4.35390549261526e-05,0.016779111028700798,0.002594836809392268
bfo-2a1a5a3fe7875c614a35721034b384f6d9218d60db90d607c897372d97a029d5,107,1000000.0,53.73544121052528,21.634165262242046,28.425561812697968,9.626378281898341e-06,0.0042036781157654335,0.0022899893894814797
bfo-2a1a5a3fe7875c614a35721034b384f6d9218d60db90d607c897372d97a029d5,108,41.17462314786315,41.17462314786315,14.942626316528395,19.761501549540913,4.9553331292678096e-05,0.015440682904586897,0.003209270703820846
bfo-2a1a5a3fe7875c614a35721034b384f6d9218d60db90d607c897372d97a029d5,109,1000000.0,40.139203139797274,14.503473648484485,18.78391944391277,2.928944808215031e-05,0.015863239717360197,0.001846372405889884
bfo-2a1a5a3fe7875c614a35721034b384f6d9218d60db90d607c897372d97a029d5,110,41.1704384501411,41.1704384501411,14.930104466930489,19.732296657755718,5.036422892124811e-05,0.015555782836903323,0.003237653125483852
bfo-2a1a5a3fe7875c614a35721034b384f6d9218d60db90d607c897372d97a029d5,111,1000000.0,56.00328676741937,17.33130968051645,24.545356845949442,9.895850173423493e-05,0.014269274672045031,0.006935075819102758
bfo-2a1a5a3fe7875c614a35721034b384f6d9218d60db90d607c897372d97a029d5,112,39.57253948361108,39.57253948361108,14.721446967300764,19.059722374454964,4.339240441297334e-05,0.01702500079513537,0.0025487461019897306
bfo-2a1a5a3fe7875c614a35721034b384f6d9218d60db90d607c897372d97a029d5,113,1000000.0,50.567309282955144,15.848613498822436,22.10851610877942,0.00012119647682261375,0.017031665440695565,0.007115949831484251
bfo-2a1a5a3fe7875c614a35721034b384f6d9218d60db90d607c897372d97a029d5,114,40.23239952988317,40.23239952988317,14.786530068066945,19.28624602140455,4.9122250817104426e-05,0.016591680060948823,0.002960655619964702
bfo-2a1a5a3fe7875c614a35721034b384f6d9218d60db90d607c897372d97a029d5,115,1000000.0,53.107914560589045,16.721621936355493,23.453597276111843,0.00010889345143861597,0.015631068882201372,0.0069664750542178
bfo-2a1a5a3fe7875c614a35721034b384f6d9218d60db90d607c897372d97a029d5,116,40.22500730281508,40.22500730281508,14.777662493763426,19.26623951787744,4.969603280098575e-05,0.016679107073592166,0.0029795379681727026
bfo-2a1a5a3fe7875c614a35721034b384f6d9218d60db90d607c897372d97a029d5,117,1000000.0,57.51149579205469,17.953650877030462,25.32588179836412,0.0001349307794426961,0.013647750317051304,0.009886668227958093
bfo-2a1a5a3fe7875c614a35721034b384f6d9218d60db90d607c897372d97a029d5,118,1000000.0115645808,39.20906023551802,14.667652450883566,18.91344926525496,3.9390044644335735e-05,0.01747037047172504,0.0022546771236526806
bfo-2a1a5a3fe7875c614a35721034b384f6d9218d60db90d607c897372d97a029d5,119,1000000.0,47.427393262751394,17.87128360245596,24.732264428712426,1.4669172141594898e-05,0.006104305940825659,0.0024030859992595277
bfo-2a1a5a3fe7875c614a35721034b384f6d9218d60db90d607c897372d97a029d5,120,1000000.0121576816,39.36784697622907,14.60940217368214,18.77638532786275,5.7112151694300734e-05,0.01871650983215026,0.00305143171491281
bfo-2a1a5a3fe7875c614a35721034b384f6d9218d60db90d607c897372d97a029d5,121,1000000.0,59.43779940558739,18.68669961597723,26.168876625212853,0.00011973094814212176,0.01292877857368653,0.009260808935641126
bfo-2a1a5a3fe7875c614a35721034b384f6d9218d60db90d607c897372d97a029d5,122,38.87869359890467,38.87869359890467,14.55188014120378,18.691880696095055,4.927681125890197e-05,0.019061075491700795,0.002585206237725522
bfo-2a1a5a3fe7875c614a35721034b384f6d9218d60db90d607c897372d97a029d5,123,76.24863262217232,76.24863262217232,30.58861320028389,39.83632277014416,1.1804439558525265e-05,0.0008792841048773411,0.01342505737684405
bfo-2a1a5a3fe7875c614a35721034b384f6d9218d60db90d607c897372d97a029d5,124,38.20729396827937,38.20729396827937,14.482019954261972,18.53028855181596,5.19923360082581e-05,0.020385379944661955,0.002550471766991649
bfo-2a1a5a3fe7875c614a35721034b384f6d9218d60db90d607c897372d97a029d5,125,1000000.0,43.9178198448556,14.767369400342032,19.763856241563957,0.00010798655776147292,0.021789179780636495,0.004955971672574748
bfo-2a1a5a3fe7875c614a35721034b384f6d9218d60db90d607c897372d97a029d5,126,1000000.0,41.08451025758849,14.448887376980363,18.715546496951628,8.248914999917042e-05,0.02366071424537301,0.003486333892701555
bfo-2a1a5a3fe7875c614a35721034b384f6d9218d60db90d607c897372d97a029d5,127,37.353020871979155,37.353020871979155,14.598876976798323,18.570520593503833,6.849940396003758e-05,0.020040855868286057,0.0034179879547178147
bfo-2a1a5a3fe7875c614a35721034b384f6d9218d60db90d607c897372d97a029d5,128,1000000.0,39.10905658203107,14.3065983408761,18.241550294867068,8.43650120400324e-05,0.02364292236002594,0.0035682988234429004
bfo-2a1a5a3fe7875c614a35721034b384f6d9218d60db90d607c897372d97a029d5,129,1000000.0003598713,37.12260201437925,14.604550009634854,18.525267517428567,5.3733119275136726e-05,0.01915527708209475,0.0028051340131938552
bfo-2a1a5a3fe7875c614a35721034b384f6d9218d60db90d607c897372d97a029d5,130,1000000.0,38.195058730253145,14.64714062167521,18.79297397217029,0.00010532431739740345,0.02171374898290932,0.004850581881567444
bfo-2a1a5a3fe7875c614a35721034b384f6d9218d60db90d607c897372d97a029d5,131,1000000.00141233,37.373759934193906,14.515970395765454,18.43382342500638,7.234191421568241e-05,0.021020472599485272,0.0034414979907470703
bfo-2a1a5a3fe7875c614a35721034b384f6d9218d60db90d607c897372d97a029d5,132,1000000.0,37.709961972546225,14.829170717582922,19.005609715871234,6.514634106106115e-05,0.01808875420402815,0.0036014830168101812
bfo-2a1a5a3fe7875c614a35721034b384f6d9218d60db90d607c897372d97a029d5,133,37.284952321647694,37.284952321647694,14.489469435755522,18.365311665505853,7.381172588119509e-05,0.02108232720137564,0.0035011185044305174
bfo-2a1a5a3fe7875c614a35721034b384f6d9218d60db90d607c897372d97a029d5,134,1000000.0,37.26622574599164,14.534434996133804,18.436461649338163,6.78796643896992e-05,0.020408213721978295,0.003326095331733874
bfo-2a1a5a3fe7875c614a35721034b384f6d9218d60db90d607c897372d97a029d5,135,1000000.0003317636,37.38539908638231,14.415786865426403,18.246746917676273,8.119043921428015e-05,0.02202596859144471,0.0036861234445696982
bfo-2a1a5a3fe7875c614a35721034b384f6d9218d60db90d607c897372d97a029d5,136,1000000.0,37.48104689281952,14.620700333747815,18.626694381063377,5.726312942317961e-05,0.019346983906245452,0.002959796198760177
bfo-2a1a5a3fe7875c614a35721034b384f6d9218d60db90d607c897372d97a029d5,137,1000000.0001604481,37.40713996653879,14.416959666877833,18.251369944421306,7.889092696036949e-05,0.021936691536577294,0.0035963001452988734
bfo-2a1a5a3fe7875c614a35721034b384f6d9218d60db90d607c897372d97a029d5,138,1000000.0,37.311387145628444,14.689071237709918,18.7108038174689,6.219851409119521e-05,0.019082558103962553,0.003259443191648372
bfo-2a1a5a3fe7875c614a35721034b384f6d9218d60db90d607c897372d97a029d5,139,1000000.0001869666,37.22395033344695,14.510156570605242,18.383278275940434,6.958586354396037e-05,0.020767741258201827,0.0033506707676492623
bfo-2a1a5a3fe7875c614a35721034b384f6d9218d60db90d607c897372d97a029d5,140,1000000.0,37.263713971169594,14.547240453409914,18.460941320217906,6.887604529217409e-05,0.02023759948824178,0.0034033703123827344
bfo-2a1a5a3fe7875c614a35721034b384f6d9218d60db90d607c897372d97a029d5,141,37.27958022790568,37.27958022790568,14.47605205971927,18.34126523217663,7.448970897640856e-05,0.021208025419466488,0.0035123358965816645
bfo-2a1a5a3fe7875c614a35721034b384f6d9218d60db90d607c897372d97a029d5,142,1000000.0,37.276149807289016,14.484768977210711,18.365895223595928,6.894401151117146e-05,0.020857229605363514,0.0033055210502857127
bfo-2a1a5a3fe7875c614a35721034b384f6d9218d60db90d607c897372d97a029d5,143,37.283259535652846,37.283259535652846,14.410723904937214,18.225506643875732,7.802225309282649e-05,0.021875213987015283,0.003566696679590839
bfo-2a1a5a3fe7875c614a35721034b384f6d9218d60db90d607c897372d97a029d5,144,37.39694442983498,37.39694442983498,14.482568418237662,18.375110678666754,6.83514176974874e-05,0.020849914457668695,0.0032782589029926416
bfo-2a1a5a3fe7875c614a35721034b384f6d9218d60db90d607c897372d97a029d5,145,37.28533901202942,37.28533901202942,14.465360274950395,18.321171237903204,7.478801012077334e-05,0.021318756867826402,0.003508084950001989
bfo-2a1a5a3fe7875c614a35721034b384f6d9218d60db90d607c897372d97a029d5,146,1000000.0,37.73264158189164,14.360787058652638,18.204229266580107,8.505109918188811e-05,0.02279969623273015,0.0037303610676967195
bfo-2a1a5a3fe7875c614a35721034b384f6d9218d60db90d607c897372d97a029d5,147,1000000.0004545349,37.279957428216804,14.451447737081576,18.296330801216357,7.58955347311908e-05,0.021445592969178015,0.003538980472130997
bfo-2a1a5a3fe7875c614a35721034b384f6d9218d60db90d607c897372d97a029d5,148,1000000.0,37.395729098209756,14.532771641061913,18.460131342802782,7.276670250580093e-05,0.020683057940142826,0.003518179116279091
bfo-2a1a5a3fe7875c614a35721034b384f6d9218d60db90d607c897372d97a029d5,149,37.292735213288296,37.292735213288296,14.513259116904372,18.40911625891789,7.222438750857191e-05,0.020880997798653222,0.0034588571008436304
bfo-2a1a5a3fe7875c614a35721034b384f6d9218d60db90d607c897372d97a029d5,150,37.45539224730622,37.45539224730622,14.43088439355923,18.289316118438954,7.954280984866836e-05,0.021744821840430247,0.0036580115685645232
bfo-2a1a5a3fe7875c614a35721034b384f6d9218d60db90d607c897372d97a029d5,151,1000000.0005833684,37.609816918058165,14.707628237806928,18.798172658679768,6.288682038963189e-05,0.01920227370722259,0.0032749673996146688
bfo-2a1a5a3fe7875c614a35721034b384f6d9218d60db90d607c897372d97a029d5,152,1000000.0,37.37332414150853,14.267650392881492,17.930999630832744,9.454719436099286e-05,0.023857283612776788,0.003963032669417487
bfo-2a1a5a3fe7875c614a35721034b384f6d9218d60db90d607c897372d97a029d5,153,1000000.001314721,37.277526806244936,14.50551442827922,18.394265240938207,7.377743388653816e-05,0.020980453920018616,0.003516484160342356
bfo-2a1a5a3fe7875c614a35721034b384f6d9218d60db90d607c897372d97a029d5,154,1000000.0002605132,37.15539614328803,14.393827712448907,18.163856038978896,7.747270177531401e-05,0.021845617280282642,0.003546372747509365
bfo-2a1a5a3fe7875c614a35721034b384f6d9218d60db90d607c897372d97a029d5,155,1000000.0005309997,37.20564738795021,14.364375140410704,18.117664235454484,7.937207798477972e-05,0.022245348042666886,0.003568030395952582
bfo-2a1a5a3fe7875c614a35721034b384f6d9218d60db90d607c897372d97a029d5,156,1000000.0008622741,37.29784126263727,14.475823696364271,18.346078998415773,7.653089759627e-05,0.021252152791674687,0.0036010891859506204
bfo-2a1a5a3fe7875c614a35721034b384f6d9218d60db90d607c897372d97a029d5,157,37.89966486952316,37.89966486952316,14.821724250376196,19.043416340685575,6.208019622529414e-05,0.018355392456312916,0.003382123066725445
bfo-2a1a5a3fe7875c614a35721034b384f6d9218d60db90d607c897372d97a029d5,158,37.266552185826356,37.266552185826356,14.459830186428903,18.30147345539,7.453582027918722e-05,0.021415032481359307,0.0034805373442261573
bfo-2a1a5a3fe7875c614a35721034b384f6d9218d60db90d607c897372d97a029d5,159,37.36163393568587,37.36163393568587,14.495804994869543,18.37775323035864,7.163613120210015e-05,0.02116345216802101,0.0033848982024939096
bfo-2a1a5a3fe7875c614a35721034b384f6d9218d60db90d607c897372d97a029d5,160,37.14760508297513,37.14760508297513,14.355512698808774,18.076801534226743,7.922394115026753e-05,0.022407021975463726,0.003535674720050697
bfo-2a1a5a3fe7875c614a35721034b384f6d9218d60db90d607c897372d97a029d5,161,37.24548676166676,37.24548676166676,14.352256893616971,18.08587646068241,8.237457547878878e-05,0.022685747860321834,0.0036311157113257347
bfo-2a1a5a3fe7875c614a35721034b384f6d9218d60db90d607c897372d97a029d5,162,37.193347200489214,37.193347200489214,14.439569952116093,18.25702081149584,7.691111708607652e-05,0.021494116848893883,0.0035782403913950283
bfo-2a1a5a3fe7875c614a35721034b384f6d9218d60db90d607c897372d97a029d5,163,37.02532915571509,37.02532915571509,14.408939576251555,18.16798362809736,7.535658918498825e-05,0.02179188215916318,0.003458011962188491
bfo-2a1a5a3fe7875c614a35721034b384f6d9218d60db90d607c897372d97a029d5,164,37.1818347372038,37.1818347372038,14.393804916960509,18.160975600671673,7.085586852133479e-05,0.02182347945881262,0.0032467722965561397
bfo-2a1a5a3fe7875c614a35721034b384f6d9218d60db90d607c897372d97a029d5,165,1000000.0000996664,37.04797102939335,14.358295075537104,18.07208269224421,7.857305764542138e-05,0.02244536853242201,0.0035006356670831103
bfo-2a1a5a3fe7875c614a35721034b384f6d9218d60db90d607c897372d97a029d5,166,37.139514816201455,37.139514816201455,14.391120940621018,18.155270736689697,7.480125584355327e-05,0.02185631893695783,0.003422408689190039
bfo-2a1a5a3fe7875c614a35721034b384f6d9218d60db90d607c897372d97a029d5,167,37.13631310566129,37.13631310566129,14.571565554183653,18.47557074780807,6.790441604856099e-05,0.020220042984664448,0.0033582725862680886
bfo-2a1a5a3fe7875c614a35721034b384f6d9218d60db90d607c897372d97a029d5,168,1000000.0,37.11081169196035,14.451391166461198,18.261342734091368,7.091126239701564e-05,0.021253358815741048,0.0033364732140359885
bfo-2a1a5a3fe7875c614a35721034b384f6d9218d60db90d607c897372d97a029d5,169,36.955756229534956,36.955756229534956,14.395320519248074,18.141237936163527,7.829753407746892e-05,0.022005691081971344,0.0035580584034289172
bfo-2a1a5a3fe7875c614a35721034b384f6d9218d60db90d607c897372d97a029d5,170,37.188145766648105,37.188145766648105,14.59603741394581,18.525501891097495,6.565476471256816e-05,0.01997014963669391,0.003287645105669695
bfo-2a1a5a3fe7875c614a35721034b384f6d9218d60db90d607c897372d97a029d5,171,1000000.0000033161,36.93775248961756,14.395461904343184,18.14122271400164,7.83118143889608e-05,0.02204142482747529,0.003552937934000655
bfo-2a1a5a3fe7875c614a35721034b384f6d9218d60db90d607c897372d97a029d5,172,37.10661079400907,37.10661079400907,14.438435818115043,18.25054251091698,7.638419431742651e-05,0.021520565633738695,0.0035493581171340493
bfo-2a1a5a3fe7875c614a35721034b384f6d9218d60db90d607c897372d97a029d5,173,36.93912388512277,36.93912388512277,14.393243619170878,18.136666865487634,7.824089192574849e-05,0.02204636084943216,0.0035489254875261515
bfo-2a1a5a3fe7875c614a35721034b384f6d9218d60db90d607c897372d97a029d5,174,36.95693562885712,36.95693562885712,14.358711712930463,18.06603551778314,7.645262450585136e-05,0.02227693881867275,0.003431917873822413
bfo-2a1a5a3fe7875c614a35721034b384f6d9218d60db90d607c897372d97a029d5,175,1000000.0000159203,36.920627579348015,14.393390922075925,18.1355914879657,7.788599766795681e-05,0.022055951986808396,0.0035312915858059634
bfo-2a1a5a3fe7875c614a35721034b384f6d9218d60db90d607c897372d97a029d5,176,37.147654190070455,37.147654190070455,14.484362365211302,18.330423127671732,6.995719813503837e-05,0.020994868644460582,0.0033321093510864292
bfo-2a1a5a3fe7875c614a35721034b384f6d9218d60db90d607c897372d97a029d5,177,1000000.0000554451,36.90111482926457,14.385899957334768,18.119503151351445,7.829869116329638e-05,0.022148031294504322,0.003535243838251436
bfo-2a1a5a3fe7875c614a35721034b384f6d9218d60db90d607c897372d97a029d5,178,37.38616945312818,37.38616945312818,14.670339177439253,18.702924401970005,6.814131226945655e-05,0.019760948699650335,0.003448281421360215
bfo-2a1a5a3fe7875c614a35721034b384f6d9218d60db90d607c897372d97a029d5,179,1000000.0003054393,36.918210541207614,14.411744632520204,18.17111755557013,7.587612594460302e-05,0.02184099530996938,0.0034740232698996626
bfo-2a1a5a3fe7875c614a35721034b384f6d9218d60db90d607c897372d97a029d5,180,1000000.0,37.61528138170242,14.771659898320657,18.903953306374596,6.186850702571435e-05,0.018792664148835906,0.0032921626511133464
bfo-2a1a5a3fe7875c614a35721034b384f6d9218d60db90d607c897372d97a029d5,181,1000000.0004732392,36.92155850523904,14.38285592241369,18.116878170418744,7.91919313396673e-05,0.022212921592093388,0.003565129017871084
bfo-2a1a5a3fe7875c614a35721034b384f6d9218d60db90d607c897372d97a029d5,182,1000000.0,37.146918503406184,14.310966806837525,17.986789346958364,8.576238334009443e-05,0.02307721046871765,0.0037163236629639347
bfo-2a1a5a3fe7875c614a35721034b384f6d9218d60db90d607c897372d97a029d5,183,36.99219137943656,36.99219137943656,14.396830361581591,18.145745072260773,7.810291840803562e-05,0.02191497773875842,0.0035639058975590132
bfo-2a1a5a3fe7875c614a35721034b384f6d9218d60db90d607c897372d97a029d5,184,36.67080390070343,36.67080390070343,14.483620836760446,18.23835117192363,8.844725705751352e-05,0.021828506697123155,0.00405191515318683
bfo-2a1a5a3fe7875c614a35721034b384f6d9218d60db90d607c897372d97a029d5,185,1000000.0,37.18712915647621,14.788300741843997,18.835889060716195,7.933019696595472e-05,0.019345471315379226,0.004100711513959805
bfo-2a1a5a3fe7875c614a35721034b384f6d9218d60db90d607c897372d97a029d5,186,1000000.0006199296,36.65838720259518,14.616499872943464,18.462340978274018,8.489891847609019e-05,0.02081141510364504,0.004079439963754337
bfo-2a1a5a3fe7875c614a35721034b384f6d9218d60db90d607c897372d97a029d5,187,37.19577043337772,37.19577043337772,14.252233778003324,17.859344449425812,0.0001009939160301632,0.024465504271619233,0.004128012850620838
bfo-2a1a5a3fe7875c614a35721034b384f6d9218d60db90d607c897372d97a029d5,188,36.729201063925025,36.729201063925025,14.501323738201833,18.283971099319245,8.769929797804494e-05,0.021774309105271162,0.004027650087727217
bfo-2a1a5a3fe7875c614a35721034b384f6d9218d60db90d607c897372d97a029d5,189,1000000.0003567354,36.62614104176482,14.473291750188617,18.210565031755756,8.61376431781899e-05,0.021789898816125745,0.003953099732360538
bfo-2a1a5a3fe7875c614a35721034b384f6d9218d60db90d607c897372d97a029d5,190,36.69785485440467,36.69785485440467,14.46710484934954,18.216406593322798,9.173908194910254e-05,0.021997815744401978,0.004170372323099778
bfo-2a1a5a3fe7875c614a35721034b384f6d9218d60db90d607c897372d97a029d5,191,1000000.0000383065,36.68792260586984,14.501279081656952,18.272677756709243,8.813991618334092e-05,0.021677993966133405,0.00406587050079625
bfo-2a1a5a3fe7875c614a35721034b384f6d9218d60db90d607c897372d97a029d5,192,1000000.0,36.66727773868041,14.456644247262883,18.189662262477157,8.893007427231592e-05,0.022054484469629064,0.004032289868066531
bfo-2a1a5a3fe7875c614a35721034b384f6d9218d60db90d607c897372d97a029d5,193,36.66650593693623,36.66650593693623,14.481859539066692,18.23394195875164,8.940929321164298e-05,0.021891315980019047,0.004084235652769797
bfo-2a1a5a3fe7875c614a35721034b384f6d9218d60db90d607c897372d97a029d5,194,36.679703177317194,36.679703177317194,14.488652803302973,18.248724021646126,8.954809407237237e-05,0.021865595367015933,0.004095387871644918
bfo-2a1a5a3fe7875c614a35721034b384f6d9218d60db90d607c897372d97a029d5,195,36.66580869379165,36.66580869379165,14.488568855783114,18.246054875023376,8.903422517771326e-05,0.021827108611529294,0.004079066392269863
bfo-2a1a5a3fe7875c614a35721034b384f6d9218d60db90d607c897372d97a029d5,196,1000000.0,36.668014052657256,14.4658192790135,18.20622754959784,9.062359158151406e-05,0.022061342422194805,0.004107800416095361
bfo-2a1a5a3fe7875c614a35721034b384f6d9218d60db90d607c897372d97a029d5,197,36.65724651737624,36.65724651737624,14.492594960852742,18.251296303397517,8.886669601861708e-05,0.021778820978794314,0.0040804181321452224
bfo-2a1a5a3fe7875c614a35721034b384f6d9218d60db90d607c897372d97a029d5,198,1000000.0,36.63456697656913,14.48733699694712,18.236640748070183,8.986538224136624e-05,0.021853869678916595,0.004112103877331318
bfo-2a1a5a3fe7875c614a35721034b384f6d9218d60db90d607c897372d97a029d5,199,36.65341415250079,36.65341415250079,14.493842607949281,18.252219753033316,8.914886929211218e-05,0.021783636528714095,0.004092469555053428
bfo-2a1a5a3fe7875c614a35721034b384f6d9218d60db90d607c897372d97a029d5,200,36.63977417506465,36.63977417506465,14.490236525521667,18.24337675351505,8.877699651058442e-05,0.021789661210462906,0.004074271538832173
bfo-2a1a5a3fe7875c614a35721034b384f6d9218d60db90d607c897372d97a029d5,201,36.625875454580196,36.625875454580196,14.483931979187492,18.228808092143368,8.871425977623431e-05,0.021835651890973664,0.0040628170946848015
bfo-2a1a5a3fe7875c614a35721034b384f6d9218d60db90d607c897372d97a029d5,202,1000000.0,36.667847991603324,14.477149463523586,18.226885032240347,9.10264349619439e-05,0.022016402662434174,0.004134482656299667
bfo-2a1a5a3fe7875c614a35721034b384f6d9218d60db90d607c897372d97a029d5,203,1000000.0000140964,36.636608395883584,14.501003418088724,18.260581514352957,8.747289130000107e-05,0.02166477190039743,0.004037563455648311
bfo-2a1a5a3fe7875c614a35721034b384f6d9218d60db90d607c897372d97a029d5,204,36.576535404160175,36.576535404160175,14.486170469113576,18.222174289742522,8.594917811765397e-05,0.02167627643530982,0.003965126500123705
bfo-2a1a5a3fe7875c614a35721034b384f6d9218d60db90d607c897372d97a029d5,205,36.58476313045567,36.58476313045567,14.487624705115323,18.225573908602353,8.680872031854857e-05,0.021695452458931928,0.004001240374353648
bfo-2a1a5a3fe7875c614a35721034b384f6d9218d60db90d607c897372d97a029d5,206,36.57641928818835,36.57641928818835,14.481145462798667,18.213550125834292,8.668827215434064e-05,0.021744151479310293,0.003986739709609967
bfo-2a1a5a3fe7875c614a35721034b384f6d9218d60db90d607c897372d97a029d5,207,36.57771686842871,36.57771686842871,14.466515188158908,18.18945171411708,8.741899307332047e-05,0.021880001890274274,0.003995383250500471
bfo-2a1a5a3fe7875c614a35721034b384f6d9218d60db90d607c897372d97a029d5,208,36.55538926306969,36.55538926306969,14.461956304910663,18.175192671012073,8.730577771883674e-05,0.021906654381502227,0.00398535423065591
bfo-2a1a5a3fe7875c614a35721034b384f6d9218d60db90d607c897372d97a029d5,209,36.56735418384379,36.56735418384379,14.443996585686138,18.148494126600585,8.86472135527322e-05,0.02209706066098516,0.004011719699410012
bfo-2a1a5a3fe7875c614a35721034b384f6d9218d60db90d607c897372d97a029d5,210,1000000.0000176522,36.55398428615633,14.455685551032458,18.164508910552055,8.785700029215658e-05,0.021969460213848373,0.003999051384829939
bfo-2a1a5a3fe7875c614a35721034b384f6d9218d60db90d607c897372d97a029d5,211,1000000.0,36.55984638421981,14.475195383202353,18.19970652684191,8.582871068262524e-05,0.021741499117661912,0.003947690553357541
bfo-2a1a5a3fe7875c614a35721034b384f6d9218d60db90d607c897372d97a029d5,212,36.55518678425301,36.55518678425301,14.46065406442096,18.17271025883425,8.719793245904546e-05,0.02191300843801065,0.003979277090396705
bfo-2a1a5a3fe7875c614a35721034b384f6d9218d60db90d607c897372d97a029d5,213,36.539108489949385,36.539108489949385,14.450729754889206,18.152760951468636,8.777427433156853e-05,0.02199003155193484,0.003991548357912453
bfo-2a1a5a3fe7875c614a35721034b384f6d9218d60db90d607c897372d97a029d5,214,1000000.0,36.52883668552312,14.440819080514512,18.133986010865105,8.899667624604664e-05,0.022123997166570774,0.004022630972875014
bfo-2a1a5a3fe7875c614a35721034b384f6d9218d60db90d607c897372d97a029d5,215,36.54657969637498,36.54657969637498,14.456458569154357,18.16358912054618,8.758987496937833e-05,0.021943862190781566,0.003991543248306312
bfo-2a1a5a3fe7875c614a35721034b384f6d9218d60db90d607c897372d97a029d5,216,1000000.0,36.54757388290769,14.480772328489412,18.205292745765234,8.527676073649564e-05,0.02166946588967826,0.003935342069373072
bfo-2a1a5a3fe7875c614a35721034b384f6d9218d60db90d607c897372d97a029d5,217,1000000.0000136434,36.54786802599102,14.455601475695493,18.16205559438681,8.775941483977891e-05,0.021949187197877616,0.003998299073610563
bfo-2a1a5a3fe7875c614a35721034b384f6d9218d60db90d607c897372d97a029d5,218,1000000.0,36.526604509546885,14.436042152113462,18.12744933139146,8.791080287310397e-05,0.02210793577378298,0.003976436505544506
bfo-2a1a5a3fe7875c614a35721034b384f6d9218d60db90d607c897372d97a029d5,219,36.53429406887786,36.53429406887786,14.447624148231428,18.147405267805055,8.805919429317375e-05,0.022027481964441955,0.0039976968059864506
bfo-2a1a5a3fe7875c614a35721034b384f6d9218d60db90d607c897372d97a029d5,220,1000000.0,36.5545331987734,14.466057203273634,18.182790266786462,8.71691007735058e-05,0.021850798777005045,0.003989286692129501
bfo-2a1a5a3fe7875c614a35721034b384f6d9218d60db90d607c897372d97a029d5,221,1000000.0000004112,36.527336251828046,14.43775207817168,18.130483826256487,8.837933759708384e-05,0.02210763312639125,0.003997684288128517
bfo-2a1a5a3fe7875c614a35721034b384f6d9218d60db90d607c897372d97a029d5,222,1000000.0,36.513513905968466,14.445778222774607,18.141498553385215,8.816765079927895e-05,0.022029803711986814,0.004002198655601518
bfo-2a1a5a3fe7875c614a35721034b384f6d9218d60db90d607c897372d97a029d5,223,36.549384001841716,36.549384001841716,14.454780903257953,18.16126034396965,8.790933050116306e-05,0.021964478267167315,0.004002340935754011
bfo-2a1a5a3fe7875c614a35721034b384f6d9218d60db90d607c897372d97a029d5,224,36.53329936777115,36.53329936777115,14.453865529832552,18.157476679902725,8.831302506793783e-05,0.02200270571697501,0.00401373477443752
bfo-2a1a5a3fe7875c614a35721034b384f6d9218d60db90d607c897372d97a029d5,225,1000000.0,36.51809933627565,14.45693058802653,18.16012580747458,8.787274689938982e-05,0.0219530286539855,0.0040027619097302465
bfo-2a1a5a3fe7875c614a35721034b384f6d9218d60db90d607c897372d97a029d5,226,36.531211572632756,36.531211572632756,14.453748370465567,18.157342572434924,8.863928125510166e-05,0.022016028090340322,0.004026125007261992
bfo-2a1a5a3fe7875c614a35721034b384f6d9218d60db90d607c897372d97a029d5,227,36.530780188862536,36.530780188862536,14.455453595354737,18.159263653061117,8.812177362057593e-05,0.021993207196483015,0.0040067723108009315
bfo-2a1a5a3fe7875c614a35721034b384f6d9218d60db90d607c897372d97a029d5,228,36.54280060546955,36.54280060546955,14.461972208805086,18.172246716213444,8.790233406671622e-05,0.021920879222448186,0.00400998213505503
bfo-2a1a5a3fe7875c614a35721034b384f6d9218d60db90d607c897372d97a029d5,229,36.529739260860396,36.529739260860396,14.456535605993098,18.1611289685809,8.824545895870902e-05,0.021996968618964257,0.00401170999910551
bfo-2a1a5a3fe7875c614a35721034b384f6d9218d60db90d607c897372d97a029d5,230,36.552108613979755,36.552108613979755,14.471502850574588,18.192252091657963,8.767331755368783e-05,0.021874272850685047,0.004008056320415795
bfo-2a1a5a3fe7875c614a35721034b384f6d9218d60db90d607c897372d97a029d5,231,36.52233895827063,36.52233895827063,14.446523996815435,18.144861553180032,8.88973663671032e-05,0.022101215405816926,0.004022284056998325
bfo-2a1a5a3fe7875c614a35721034b384f6d9218d60db90d607c897372d97a029d5,232,1000000.0,36.519976287840784,14.445011780712777,18.141452185833568,8.890003607454073e-05,0.02211186592781801,0.004020467398126692
bfo-2a1a5a3fe7875c614a35721034b384f6d9218d60db90d607c897372d97a029d5,233,36.52830762261655,36.52830762261655,14.450001374596297,18.151209151447304,8.877009935453251e-05,0.022061224435405258,0.0040238065486550515
bfo-2a1a5a3fe7875c614a35721034b384f6d9218d60db90d607c897372d97a029d5,234,36.541290690711904,36.541290690711904,14.460748390151927,18.171691753098887,8.889075211770916e-05,0.02199211800039658,0.0040419368482883826
bfo-2a1a5a3fe7875c614a35721034b384f6d9218d60db90d607c897372d97a029d5,235,36.52199350476621,36.52199350476621,14.45447189034007,18.15742717604545,8.847208280215217e-05,0.02203375485723145,0.004015297591146419
bfo-2a1a5a3fe7875c614a35721034b384f6d9218d60db90d607c897372d97a029d5,236,36.50011685640148,36.50011685640148,14.441156500797216,18.13319707607512,8.890918148089101e-05,0.022154983013050217,0.004013055727847761
bfo-2a1a5a3fe7875c614a35721034b384f6d9218d60db90d607c897372d97a029d5,237,36.48321953363438,36.48321953363438,14.436858050809828,18.123623615062357,8.847331670854884e-05,0.02214539387963981,0.0039951114524944195
bfo-2a1a5a3fe7875c614a35721034b384f6d9218d60db90d607c897372d97a029d5,238,36.5139572029542,36.5139572029542,14.4372995211828,18.12973388222788,9.066832346531042e-05,0.022244402541796774,0.0040760062354988635
bfo-2a1a5a3fe7875c614a35721034b384f6d9218d60db90d607c897372d97a029d5,239,36.49348664988163,36.49348664988163,14.440510279661133,18.1305120652385,8.800920544596333e-05,0.0220933567964962,0.003983514422757196
bfo-2a1a5a3fe7875c614a35721034b384f6d9218d60db90d607c897372d97a029d5,240,36.49948444671591,36.49948444671591,14.418552341072818,18.09791963461493,9.004052029987762e-05,0.02235443496016538,0.004027859369307516
bfo-2a1a5a3fe7875c614a35721034b384f6d9218d60db90d607c897372d97a029d5,241,36.50127110584724,36.50127110584724,14.450756027706229,18.148363993961095,8.791313548605782e-05,0.022018746518478124,0.003992649418634305
bfo-2a1a5a3fe7875c614a35721034b384f6d9218d60db90d607c897372d97a029d5,242,36.47298277274025,36.47298277274025,14.428341257771478,18.10959515942484,8.931579088023033e-05,0.022230782626613033,0.004017662912744607
bfo-2a1a5a3fe7875c614a35721034b384f6d9218d60db90d607c897372d97a029d5,243,1000000.0,36.47359658262515,14.423213711665355,18.101233217014414,8.892580801256161e-05,0.022243274810257396,0.003997873908906337
bfo-2a1a5a3fe7875c614a35721034b384f6d9218d60db90d607c897372d97a029d5,244,1000000.0000009772,36.47631252248904,14.424106716077626,18.102756154253328,8.934856936568234e-05,0.02226585434903739,0.004012806693381838
bfo-2a1a5a3fe7875c614a35721034b384f6d9218d60db90d607c897372d97a029d5,245,1000000.0,36.46669754995381,14.425823424427882,18.105266130398764,8.989346285969808e-05,0.022268115864263523,0.0040368688310968215
bfo-2a1a5a3fe7875c614a35721034b384f6d9218d60db90d607c897372d97a029d5,246,36.47457686347699,36.47457686347699,14.427810814660354,18.108910677765387,8.929138540695719e-05,0.022230524142764618,0.004016611791675587
bfo-2a1a5a3fe7875c614a35721034b384f6d9218d60db90d607c897372d97a029d5,247,1000000.0,36.461573375454705,14.442174075446816,18.129583359520232,8.752224617282332e-05,0.022048362907284222,0.003969557583067003
bfo-2a1a5a3fe7875c614a35721034b384f6d9218d60db90d607c897372d97a029d5,248,36.47169286237654,36.47169286237654,14.426890819731053,18.10718996651024,8.924326914842453e-05,0.022238346805459875,0.004013035228253292
bfo-2a1a5a3fe7875c614a35721034b384f6d9218d60db90d607c897372d97a029d5,249,1000000.0,36.47477522416585,14.455331587151372,18.151153621449204,8.686769955057158e-05,0.021920130751951004,0.0039629188590875495
bfo-2a1a5a3fe7875c614a35721034b384f6d9218d60db90d607c897372d97a029d5,250,36.47527961560761,36.47527961560761,14.427142757045017,18.108239432523913,8.913888394149278e-05,0.02222987943250391,0.004009868079228374
bfo-2a1a5a3fe7875c614a35721034b384f6d9218d60db90d607c897372d97a029d5,251,1000000.0,36.51699977403622,14.460141210680552,18.167248096267002,8.887434336498262e-05,0.02197762308126264,0.004043856018294981
bfo-2a1a5a3fe7875c614a35721034b384f6d9218d60db90d607c897372d97a029d5,252,1000000.0000058967,36.475381571664926,14.42747574064471,18.10907828391402,8.885362557924873e-05,0.022216126672780993,0.003999510215617893
bfo-2a1a5a3fe7875c614a35721034b384f6d9218d60db90d607c897372d97a029d5,253,1000000.0,36.51522593001452,14.431548402130344,18.123095114424057,9.158208040710974e-05,0.022337192006299595,0.004099981787383191
bfo-2a1a5a3fe7875c614a35721034b384f6d9218d60db90d607c897372d97a029d5,254,1000000.000018564,36.481225323865374,14.422322360453377,18.102013737741313,8.876412494001221e-05,0.022248019635312612,0.00398975398237799
bfo-2a1a5a3fe7875c614a35721034b384f6d9218d60db90d607c897372d97a029d5,255,36.45537541119536,36.45537541119536,14.421477821269479,18.094654127638865,8.924002392671663e-05,0.022276435118207327,0.004006028049513971
bfo-2a1a5a3fe7875c614a35721034b384f6d9218d60db90d607c897372d97a029d5,256,36.48392752505588,36.48392752505588,14.433068676727995,18.117450095121995,8.83581204588659e-05,0.022154343482092973,0.003988297849145675
bfo-2a1a5a3fe7875c614a35721034b384f6d9218d60db90d607c897372d97a029d5,257,36.45381602918111,36.45381602918111,14.407298547392037,18.071609655339977,8.970809905864225e-05,0.022406475328295462,0.004003668481733787
bfo-2a1a5a3fe7875c614a35721034b384f6d9218d60db90d607c897372d97a029d5,258,1000000.0,36.43602750363793,14.418863885883514,18.086544277424288,8.899469121255062e-05,0.022328359078129432,0.003985724651827222
bfo-2a1a5a3fe7875c614a35721034b384f6d9218d60db90d607c897372d97a029d5,259,36.44801258622535,36.44801258622535,14.421598172426672,18.0934915874442,8.938918208888432e-05,0.022299418178082335,0.004008588088488479
bfo-2a1a5a3fe7875c614a35721034b384f6d9218d60db90d607c897372d97a029d5,260,36.45039656794816,36.45039656794816,14.421015671331078,18.092328682828835,8.912353454717534e-05,0.022295020998618444,0.003997463584030626
bfo-2a1a5a3fe7875c614a35721034b384f6d9218d60db90d607c897372d97a029d5,261,36.45751373868748,36.45751373868748,14.42564552088113,18.101666619952866,8.919557595775346e-05,0.022274009983637495,0.0040044687069493365
bfo-2a1a5a3fe7875c614a35721034b384f6d9218d60db90d607c897372d97a029d5,262,36.45818137111401,36.45818137111401,14.427452414088405,18.103656995081707,8.896439977065969e-05,0.022238010161926686,0.0040005557656851015
bfo-2a1a5a3fe7875c614a35721034b384f6d9218d60db90d607c897372d97a029d5,263,1000000.0000784636,36.44008970002899,14.4287054552231,18.103268851610697,8.937602517371845e-05,0.02224455060702837,0.0040178840540603805
bfo-2a1a5a3fe7875c614a35721034b384f6d9218d60db90d607c897372d97a029d5,264,36.45472682549027,36.45472682549027,14.416396335679877,18.08720733348343,8.96110209025221e-05,0.022344856765821746,0.004010364525566767
bfo-2a1a5a3fe7875c614a35721034b384f6d9218d60db90d607c897372d97a029d5,265,36.451333590240324,36.451333590240324,14.418452831759106,18.089370879633012,9.051963419246138e-05,0.022373283558631444,0.004045880612706917
bfo-2a1a5a3fe7875c614a35721034b384f6d9218d60db90d607c897372d97a029d5,266,36.447362626446775,36.447362626446775,14.408978331620764,18.074708232557725,8.915816833956676e-05,0.022375075021146613,0.003984709247021682
bfo-2a1a5a3fe7875c614a35721034b384f6d9218d60db90d607c897372d97a029d5,267,36.4517553902563,36.4517553902563,14.423142038833424,18.097310330726113,8.843807224128615e-05,0.022232170838995872,0.003977932379242211
bfo-2a1a5a3fe7875c614a35721034b384f6d9218d60db90d607c897372d97a029d5,268,1000000.0000234902,36.43373609855331,14.407477795675575,18.069909095361886,8.907704119126205e-05,0.022378927619885507,0.003980398109519324
bfo-2a1a5a3fe7875c614a35721034b384f6d9218d60db90d607c897372d97a029d5,269,1000000.0,36.47755070578242,14.386057095243396,18.044102975359046,9.065136754639261e-05,0.02261616661171971,0.004008255205345764
bfo-2a1a5a3fe7875c614a35721034b384f6d9218d60db90d607c897372d97a029d5,270,1000000.0000116029,36.46334642351029,14.412991889817231,18.083856122629626,8.965594516670598e-05,0.022374609386670193,0.00400703956959888
bfo-2a1a5a3fe7875c614a35721034b384f6d9218d60db90d607c897372d97a029d5,271,36.430690940317895,36.430690940317895,14.402000592778741,18.05914300331704,8.907631204049362e-05,0.022406832511809305,0.003975408482816427
bfo-2a1a5a3fe7875c614a35721034b384f6d9218d60db90d607c897372d97a029d5,272,36.44616698801552,36.44616698801552,14.395872282190547,18.05241025273259,8.943892876530314e-05,0.022465925292607807,0.00398109259246634
bfo-2a1a5a3fe7875c614a35721034b384f6d9218d60db90d607c897372d97a029d5,273,36.42628922288152,36.42628922288152,14.399157092815967,18.05304531251811,8.950754494446411e-05,0.022451665459898164,0.003986677295915405
bfo-2a1a5a3fe7875c614a35721034b384f6d9218d60db90d607c897372d97a029d5,274,36.4336179282695,36.4336179282695,14.391630832752544,18.04085433582119,9.063744549646271e-05,0.02255061090083743,0.00401929002699864
bfo-2a1a5a3fe7875c614a35721034b384f6d9218d60db90d607c897372d97a029d5,275,36.42324873969203,36.42324873969203,14.416505126643804,18.080012439291274,8.819290369192603e-05,0.022272172387540725,0.003959780041091188
bfo-2a1a5a3fe7875c614a35721034b384f6d9218d60db90d607c897372d97a029d5,276,36.42912849909196,36.42912849909196,14.452182352497777,18.137009966591,8.752770344378371e-05,0.02200349891245689,0.003977899323740346
bfo-2a1a5a3fe7875c614a35721034b384f6d9218d60db90d607c897372d97a029d5,277,36.41894711088371,36.41894711088371,14.410486009021481,18.069539089178036,8.812475665894318e-05,0.02231744795845257,0.003948693274562631
bfo-2a1a5a3fe7875c614a35721034b384f6d9218d60db90d607c897372d97a029d5,278,36.44534196460949,36.44534196460949,14.421675801827904,18.091347655409955,8.737572021803412e-05,0.022227982355066168,0.003930888500013568
bfo-2a1a5a3fe7875c614a35721034b384f6d9218d60db90d607c897372d97a029d5,279,36.4092798551042,36.4092798551042,14.400156436644433,18.051007950590105,8.862180167737129e-05,0.02241544780179985,0.003953603892323552
bfo-2a1a5a3fe7875c614a35721034b384f6d9218d60db90d607c897372d97a029d5,280,36.3928045378627,36.3928045378627,14.416143359256736,18.07284315588543,8.839830643515593e-05,0.022283715065668612,0.003966946542560433
bfo-2a1a5a3fe7875c614a35721034b384f6d9218d60db90d607c897372d97a029d5,281,36.438382405593764,36.438382405593764,14.432974006458862,18.106353496710145,8.83684473048285e-05,0.022154691214943515,0.003988701374687781
bfo-2a1a5a3fe7875c614a35721034b384f6d9218d60db90d607c897372d97a029d5,282,36.40180531528064,36.40180531528064,14.416879876326526,18.07533476739668,8.836615913526317e-05,0.02228171914530735,0.003965859122404097
bfo-2a1a5a3fe7875c614a35721034b384f6d9218d60db90d607c897372d97a029d5,283,36.40269410159921,36.40269410159921,14.426476593638784,18.089854058281052,8.591543966920781e-05,0.022099432411948734,0.0038876763017114866
bfo-2a1a5a3fe7875c614a35721034b384f6d9218d60db90d607c897372d97a029d5,284,36.38095658474792,36.38095658474792,14.40764550768496,18.057487528704364,8.871681292315091e-05,0.02236164952133471,0.003967364430719136
bfo-2a1a5a3fe7875c614a35721034b384f6d9218d60db90d607c897372d97a029d5,285,36.374728108779095,36.374728108779095,14.405764699466275,18.05259991629928,8.831474968442701e-05,0.02233197556166551,0.00395463220173077
bfo-2a1a5a3fe7875c614a35721034b384f6d9218d60db90d607c897372d97a029d5,286,36.36435780333589,36.36435780333589,14.415660278359615,18.066518546184458,8.794027630746609e-05,0.022235823239116624,0.003954891859041408
bfo-2a1a5a3fe7875c614a35721034b384f6d9218d60db90d607c897372d97a029d5,287,36.357974497062756,36.357974497062756,14.405654927364022,18.048493226155937,8.796535910905727e-05,0.022286741172372594,0.003946981679766719
bfo-2a1a5a3fe7875c614a35721034b384f6d9218d60db90d607c897372d97a029d5,288,36.32529901818675,36.32529901818675,14.400374539984881,18.03431790274594,8.710980089281856e-05,0.022276001938398394,0.003910477343901758
bfo-2a1a5a3fe7875c614a35721034b384f6d9218d60db90d607c897372d97a029d5,289,36.34588330089233,36.34588330089233,14.417159346867283,18.064292120271716,8.68215653532331e-05,0.02214777405348686,0.0039201034444165395
bfo-2a1a5a3fe7875c614a35721034b384f6d9218d60db90d607c897372d97a029d5,290,36.33130317174341,36.33130317174341,14.403554211742598,18.039923641409814,8.684460857117525e-05,0.022230318914625014,0.003906584017291871
bfo-2a1a5a3fe7875c614a35721034b384f6d9218d60db90d607c897372d97a029d5,291,36.35356554813944,36.35356554813944,14.384661647220573,18.009121585315604,8.814163497812331e-05,0.022469702920772806,0.003922688043046536
bfo-2a1a5a3fe7875c614a35721034b384f6d9218d60db90d607c897372d97a029d5,292,36.337624147125425,36.337624147125425,14.411323577867826,18.05374989896145,8.657297419978592e-05,0.02217568359701637,0.0039039596601853524
bfo-2a1a5a3fe7875c614a35721034b384f6d9218d60db90d607c897372d97a029d5,293,36.30829894118064,36.30829894118064,14.398490449677611,18.025748468891237,8.690060899990183e-05,0.02231900026970972,0.003893570856658808
bfo-2a1a5a3fe7875c614a35721034b384f6d9218d60db90d607c897372d97a029d5,294,36.30612414761171,36.30612414761171,14.392023798791913,18.010352397307017,8.780825165609211e-05,0.022430131774343515,0.003914745242670875
bfo-2a1a5a3fe7875c614a35721034b384f6d9218d60db90d607c897372d97a029d5,295,36.31649921762619,36.31649921762619,14.393298071186823,18.017396033363685,8.902607442011108e-05,0.022477593523980627,0.003960658614327731
bfo-2a1a5a3fe7875c614a35721034b384f6d9218d60db90d607c897372d97a029d5,296,36.309154933047175,36.309154933047175,14.387894015890556,18.003169397397336,8.853188608796312e-05,0.022506918906186335,0.003933540901665972
bfo-2a1a5a3fe7875c614a35721034b384f6d9218d60db90d607c897372d97a029d5,297,1000000.0,36.305439554377195,14.375868127492854,17.9763613005162,8.961501786160578e-05,0.022673307768812663,0.003952445702910276
bfo-2a1a5a3fe7875c614a35721034b384f6d9218d60db90d607c897372d97a029d5,298,36.30538798001315,36.30538798001315,14.389661771485713,18.005287369286165,8.766781084914107e-05,0.02244832227850253,0.0039053168322113543
bfo-2a1a5a3fe7875c614a35721034b384f6d9218d60db90d607c897372d97a029d5,299,1000000.0,36.29003696958014,14.385824659920997,17.99461362258289,8.82873028770724e-05,0.022512216243279603,0.003921750836212233
bfo-2a1a5a3fe7875c614a35721034b384f6d9218d60db90d607c897372d97a029d5,300,1000000.0000557959,36.31084107151228,14.379377322476396,17.984879620763426,8.812679302294704e-05,0.022564977841118352,0.0039054677404717253
bfo-2a1a5a3fe7875c614a35721034b384f6d9218d60db90d607c897372d97a029d5,301,36.2795603432761,36.2795603432761,14.389888276797059,17.99915273268856,8.569509382172433e-05,0.022357493650821906,0.003832947250711799
bfo-2a1a5a3fe7875c614a35721034b384f6d9218d60db90d607c897372d97a029d5,302,36.305585802987665,36.305585802987665,14.391606174441582,18.01102522610584,8.759322160071411e-05,0.02243991433523134,0.003903456149259452
bfo-2a1a5a3fe7875c614a35721034b384f6d9218d60db90d607c897372d97a029d5,303,36.26455682465962,36.26455682465962,14.389240258209496,17.993680885769106,8.496977770299435e-05,0.02233503131675175,0.003804327672433806
bfo-2a1a5a3fe7875c614a35721034b384f6d9218d60db90d607c897372d97a029d5,304,36.28764616959409,36.28764616959409,14.434246994036792,18.07592203155743,8.266510267271137e-05,0.02186351805328904,0.003780960706837189
bfo-2a1a5a3fe7875c614a35721034b384f6d9218d60db90d607c897372d97a029d5,305,36.25600549446031,36.25600549446031,14.384277232743838,17.981028515917263,8.492770849376035e-05,0.022384911257658915,0.003793971194087385
bfo-2a1a5a3fe7875c614a35721034b384f6d9218d60db90d607c897372d97a029d5,306,36.251206868118445,36.251206868118445,14.391373027170165,17.994160827108086,8.389886368320096e-05,0.022264421456095234,0.003768293007237892
bfo-2a1a5a3fe7875c614a35721034b384f6d9218d60db90d607c897372d97a029d5,307,36.25076460022003,36.25076460022003,14.386843175407924,17.98702406859709,8.450487379495983e-05,0.022342184888756247,0.0037823012483209325
bfo-2a1a5a3fe7875c614a35721034b384f6d9218d60db90d607c897372d97a029d5,308,36.273774687804305,36.273774687804305,14.386888799778943,17.991902919141467,8.384371971015366e-05,0.022306117348232204,0.003758776948996837
bfo-2a1a5a3fe7875c614a35721034b384f6d9218d60db90d607c897372d97a029d5,309,36.25667913934903,36.25667913934903,14.389379788347746,17.993322325425204,8.43908124310686e-05,0.022303191750366855,0.00378379979760881
bfo-2a1a5a3fe7875c614a35721034b384f6d9218d60db90d607c897372d97a029d5,310,36.25487899820683,36.25487899820683,14.380250034629713,17.973635366841492,8.503552066902846e-05,0.022432341560390232,0.003790755434072892
bfo-2a1a5a3fe7875c614a35721034b384f6d9218d60db90d607c897372d97a029d5,311,36.25047113285227,36.25047113285227,14.392878763565712,17.9995738355943,8.411174391456453e-05,0.022276456620668048,0.0037758134225227653
bfo-2a1a5a3fe7875c614a35721034b384f6d9218d60db90d607c897372d97a029d5,312,36.13680946378457,36.13680946378457,14.364611658634905,17.927351560165743,8.347090524429155e-05,0.022537729263948984,0.00370360759359242
bfo-2a1a5a3fe7875c614a35721034b384f6d9218d60db90d607c897372d97a029d5,313,35.92301355967642,35.92301355967642,14.310618979572487,17.809733341635287,8.183401574425783e-05,0.023036519746393147,0.0035523601935171074
bfo-2a1a5a3fe7875c614a35721034b384f6d9218d60db90d607c897372d97a029d5,314,35.687576716776306,35.687576716776306,14.214892073609633,17.616694303783767,7.916153683101491e-05,0.02395222597204856,0.0033049762023535413
bfo-2a1a5a3fe7875c614a35721034b384f6d9218d60db90d607c897372d97a029d5,315,35.3746306590754,35.3746306590754,14.128281284404649,17.444830304194802,7.464019123083534e-05,0.024796313606306138,0.003010132571151747
bfo-2a1a5a3fe7875c614a35721034b384f6d9218d60db90d607c897372d97a029d5,316,1000000.0,35.201970281405856,14.086844685362747,17.362331519131743,7.081552806781175e-05,0.02511591790114068,0.0028195476807397726
bfo-2a1a5a3fe7875c614a35721034b384f6d9218d60db90d607c897372d97a029d5,317,1000000.0000554075,35.37505041689049,14.131451911473803,17.449755526390426,7.420423853023957e-05,0.024742668984797253,0.0029990393750905855
bfo-2a1a5a3fe7875c614a35721034b384f6d9218d60db90d607c897372d97a029d5,318,1000000.0,35.37364260535824,14.129401292787291,17.44573315478643,7.517696305437613e-05,0.024813165794896806,0.0030297207408269277
bfo-2a1a5a3fe7875c614a35721034b384f6d9218d60db90d607c897372d97a029d5,319,35.370925564368314,35.370925564368314,14.128845803195066,17.44528715496958,7.433008380642799e-05,0.02477463556883083,0.003000249331616537
bfo-2a1a5a3fe7875c614a35721034b384f6d9218d60db90d607c897372d97a029d5,320,35.37680970025054,35.37680970025054,14.126307894121908,17.442394032192542,7.554234932842384e-05,0.024872607079962902,0.003037170534056316
bfo-2a1a5a3fe7875c614a35721034b384f6d9218d60db90d607c897372d97a029d5,321,35.3693654342088,35.3693654342088,14.128450485043379,17.44480196933045,7.429875758647695e-05,0.024768986800865287,0.002999668827143199
bfo-2a1a5a3fe7875c614a35721034b384f6d9218d60db90d607c897372d97a029d5,322,35.34349905452566,35.34349905452566,14.138717990592088,17.457804644721232,7.355241217555419e-05,0.024625592341376328,0.0029868281402502636
bfo-2a1a5a3fe7875c614a35721034b384f6d9218d60db90d607c897372d97a029d5,323,1000000.0,35.33773945948731,14.143243302072605,17.463191676041863,7.35043462912625e-05,0.024585683138031972,0.002989721533405655
bfo-2a1a5a3fe7875c614a35721034b384f6d9218d60db90d607c897372d97a029d5,324,35.338368235025584,35.338368235025584,14.14253778265567,17.462323048849004,7.31536756236208e-05,0.024562578239877942,0.0029782572052983445
bfo-2a1a5a3fe7875c614a35721034b384f6d9218d60db90d607c897372d97a029d5,325,35.37152914584884,35.37152914584884,14.127381989235852,17.443681219974135,7.376543883846704e-05,0.024722129295291544,0.0029837817753228905
bfo-2a1a5a3fe7875c614a35721034b384f6d9218d60db90d607c897372d97a029d5,326,1000000.0000064195,35.33889001088312,14.141464496385762,17.460654220486308,7.31546486275165e-05,0.024572224213730648,0.0029771276703001353
bfo-2a1a5a3fe7875c614a35721034b384f6d9218d60db90d607c897372d97a029d5,327,35.33701637495082,35.33701637495082,14.136994465430599,17.4542034529514,7.301851660538912e-05,0.024595021339944463,0.002968833228324981
bfo-2a1a5a3fe7875c614a35721034b384f6d9218d60db90d607c897372d97a029d5,328,35.32851655599143,35.32851655599143,14.140098510915601,17.458289435280737,7.230117705148765e-05,0.024504247760479436,0.002950556889491434
bfo-2a1a5a3fe7875c614a35721034b384f6d9218d60db90d607c897372d97a029d5,329,1000000.0,35.3163671093129,14.148373387834464,17.469040781846445,7.155119542228033e-05,0.024377711284011273,0.002935107180025098
bfo-2a1a5a3fe7875c614a35721034b384f6d9218d60db90d607c897372d97a029d5,330,1000000.000007149,35.32477593141813,14.1404154865989,17.458892279556217,7.204591263773865e-05,0.02448420214872701,0.0029425468798248947
bfo-2a1a5a3fe7875c614a35721034b384f6d9218d60db90d607c897372d97a029d5,331,35.31399248712374,35.31399248712374,14.151410331022,17.47279267324843,7.11419348674423e-05,0.024320982501628858,0.0029251258604654517
bfo-2a1a5a3fe7875c614a35721034b384f6d9218d60db90d607c897372d97a029d5,332,1000000.0,35.31249648904577,14.15552914844831,17.478492944110247,7.15431332833957e-05,0.024321238170123053,0.002941590916669755
bfo-2a1a5a3fe7875c614a35721034b384f6d9218d60db90d607c897372d97a029d5,333,1000000.0000055812,35.316908130277525,14.149969780492253,17.471537028873914,7.150185929560565e-05,0.024357034784868205,0.0029355732307787376
bfo-2a1a5a3fe7875c614a35721034b384f6d9218d60db90d607c897372d97a029d5,334,1000000.0,35.31855969881677,14.155223224629882,17.478259497011496,7.142500777918663e-05,0.024306188786103283,0.0029385523336354098
bfo-2a1a5a3fe7875c614a35721034b384f6d9218d60db90d607c897372d97a029d5,335,35.314637618765076,35.314637618765076,14.149906593005136,17.471384314555202,7.128055712051862e-05,0.024350237361940783,0.002927304406154559
bfo-2a1a5a3fe7875c614a35721034b384f6d9218d60db90d607c897372d97a029d5,336,1000000.0,35.31385035793595,14.155651645467186,17.47921407038027,7.123982310626105e-05,0.024311098911826895,0.002930341543368252
bfo-2a1a5a3fe7875c614a35721034b384f6d9218d60db90d607c897372d97a029d5,337,1000000.0000750263,35.31445448588961,14.151594124460836,17.472397510639297,7.079282036808951e-05,0.024299487790656858,0.0029133461979930836
bfo-2a1a5a3fe7875c614a35721034b384f6d9218d60db90d607c897372d97a029d5,338,1000000.0,35.29665111505993,14.166471504194002,17.49185476863077,6.916605461428759e-05,0.024064555233217173,0.002874187947542666
bfo-2a1a5a3fe7875c614a35721034b384f6d9218d60db90d607c897372d97a029d5,339,1000000.0000995198,35.32558188318678,14.140835103554627,17.459373628995262,7.184261143467193e-05,0.024457896379369192,0.0029373994525249874
bfo-2a1a5a3fe7875c614a35721034b384f6d9218d60db90d607c897372d97a029d5,340,35.34067810030122,35.34067810030122,14.140140380612342,17.459099826087137,7.272757994747712e-05,0.024505491921266134,0.002967807387060177
bfo-2a1a5a3fe7875c614a35721034b384f6d9218d60db90d607c897372d97a029d5,341,1000000.0000609269,35.318509749442,14.148024622721364,17.468262794325884,7.10525600039303e-05,0.024358298044574744,0.0029169755569090606
bfo-2a1a5a3fe7875c614a35721034b384f6d9218d60db90d607c897372d97a029d5,342,35.316478238398346,35.316478238398346,14.155356857473963,17.478060002057404,7.126167896766775e-05,0.024260819525170257,0.0029373154065852874
bfo-2a1a5a3fe7875c614a35721034b384f6d9218d60db90d607c897372d97a029d5,343,1000000.000060525,35.303706809414464,14.159172804253757,17.482803685287962,7.10377511744498e-05,0.0242580530561067,0.0029284193175002893
bfo-2a1a5a3fe7875c614a35721034b384f6d9218d60db90d607c897372d97a029d5,344,1000000.0,35.3429444746644,14.140110193485814,17.45965746743771,7.194964345725986e-05,0.024468690513296365,0.002940477890231281
bfo-2a1a5a3fe7875c614a35721034b384f6d9218d60db90d607c897372d97a029d5,345,1000000.0000061534,35.31838730803601,14.146868434946812,17.46729469867852,7.154377080386002e-05,0.024383068095742352,0.002934157855891508
bfo-2a1a5a3fe7875c614a35721034b384f6d9218d60db90d607c897372d97a029d5,346,35.319621315887474,35.319621315887474,14.151333849374147,17.472721856370068,7.17354428976785e-05,0.024351253985878642,0.00294586237486078
bfo-2a1a5a3fe7875c614a35721034b384f6d9218d60db90d607c897372d97a029d5,347,1000000.0000468979,35.31203728146147,14.152969657670651,17.474388728994274,7.103979474986426e-05,0.024296411663349875,0.0029238801076549438
bfo-2a1a5a3fe7875c614a35721034b384f6d9218d60db90d607c897372d97a029d5,348,1000000.0,35.32100180780792,14.147937660535334,17.46831898073277,7.08794772206185e-05,0.02434522211353265,0.0029114327604026703
bfo-2a1a5a3fe7875c614a35721034b384f6d9218d60db90d607c897372d97a029d5,349,1000000.000052764,35.304127398768856,14.160567674589503,17.48441749293481,7.083718583622834e-05,0.0242308793436945,0.002923426130412473
bfo-2a1a5a3fe7875c614a35721034b384f6d9218d60db90d607c897372d97a029d5,350,35.316897106868566,35.316897106868566,14.15100691361245,17.473971734507998,7.136169510874485e-05,0.024315163438179566,0.0029348638881321696
bfo-2a1a5a3fe7875c614a35721034b384f6d9218d60db90d607c897372d97a029d5,351,1000000.0000047103,35.30553155584567,14.155894114334663,17.478377099525574,7.070996508655869e-05,0.024239845250791613,0.002917096390466828
bfo-2a1a5a3fe7875c614a35721034b384f6d9218d60db90d607c897372d97a029d5,352,1000000.0,35.3046129213657,14.157642829146972,17.480216597472108,7.018863596949938e-05,0.024199071486975147,0.002900468144295435
bfo-2a1a5a3fe7875c614a35721034b384f6d9218d60db90d607c897372d97a029d5,353,1000000.0000157055,35.32186960566192,14.146517216419866,17.466477100525907,7.116724421799957e-05,0.024366987786075923,0.0029206418471907645
bfo-2a1a5a3fe7875c614a35721034b384f6d9218d60db90d607c897372d97a029d5,354,1000000.0,35.37014341732006,14.12872819096723,17.447453259593125,7.357795633447802e-05,0.024669633977102114,0.0029825313339781074
bfo-2a1a5a3fe7875c614a35721034b384f6d9218d60db90d607c897372d97a029d5,355,1000000.0001069764,35.31645474126391,14.148945921067241,17.46931782594837,7.121837824855475e-05,0.024346945900002543,0.002925146280813287
bfo-2a1a5a3fe7875c614a35721034b384f6d9218d60db90d607c897372d97a029d5,356,35.326766969294255,35.326766969294255,14.149496296216153,17.47295177517978,7.328013593470607e-05,0.0244753585918618,0.00299403727466008
bfo-2a1a5a3fe7875c614a35721034b384f6d9218d60db90d607c897372d97a029d5,357,35.31904367512031,35.31904367512031,14.148357321478155,17.46944897834878,7.126963692665208e-05,0.024353878311609893,0.0029264183722506605
bfo-2a1a5a3fe7875c614a35721034b384f6d9218d60db90d607c897372d97a029d5,358,1000000.0,35.32621093585963,14.150012719284875,17.471595973618346,7.189979839652225e-05,0.02438687557368601,0.0029482988986954833
bfo-2a1a5a3fe7875c614a35721034b384f6d9218d60db90d607c897372d97a029d5,359,1000000.0000786794,35.310268296858325,14.145820810504725,17.4647685604382,7.111162873131121e-05,0.024382524499590014,0.0029164998371069796
bfo-2a1a5a3fe7875c614a35721034b384f6d9218d60db90d607c897372d97a029d5,360,35.304558397115315,35.304558397115315,14.150603019807063,17.469964742186537,7.089256035359734e-05,0.024311680765852668,0.0029159876290071455
bfo-2a1a5a3fe7875c614a35721034b384f6d9218d60db90d607c897372d97a029d5,361,35.31311745278208,35.31311745278208,14.158190751479326,17.481118216991863,7.062596779538053e-05,0.024209337810424114,0.00291730275104717
bfo-2a1a5a3fe7875c614a35721034b384f6d9218d60db90d607c897372d97a029d5,362,1000000.0000164645,35.34348677921584,14.158946053389071,17.48633896829192,7.157292176103534e-05,0.024237540486262154,0.002952977914636301
bfo-2a1a5a3fe7875c614a35721034b384f6d9218d60db90d607c897372d97a029d5,363,35.28227286975738,35.28227286975738,14.129014703537713,17.4367019600115,7.152061959257736e-05,0.02459063653361435,0.002908449299179862
bfo-2a1a5a3fe7875c614a35721034b384f6d9218d60db90d607c897372d97a029d5,364,35.2898908486829,35.2898908486829,14.115711680579667,17.418418485200853,7.2067813294295e-05,0.024745998138892104,0.002912301734195537
bfo-2a1a5a3fe7875c614a35721034b384f6d9218d60db90d607c897372d97a029d5,365,1000000.0000226324,35.273383271164505,14.132405282644564,17.440792055430787,7.088070163071732e-05,0.024520891208651526,0.0028906250196040592
bfo-2a1a5a3fe7875c614a35721034b384f6d9218d60db90d607c897372d97a029d5,366,35.261085267865724,35.261085267865724,14.129920548470329,17.436099251127967,7.132529947386968e-05,0.024573467574915842,0.002902532955775329
bfo-2a1a5a3fe7875c614a35721034b384f6d9218d60db90d607c897372d97a029d5,367,35.31796735741948,35.31796735741948,14.125135310858072,17.436410201915702,7.350335311197254e-05,0.02471978937035857,0.0029734619502911385
bfo-2a1a5a3fe7875c614a35721034b384f6d9218d60db90d607c897372d97a029d5,368,35.25782672793878,35.25782672793878,14.130906378271161,17.436537585287677,7.108828217795523e-05,0.024546758308312506,0.002896035447331631
bfo-2a1a5a3fe7875c614a35721034b384f6d9218d60db90d607c897372d97a029d5,369,35.27387452178126,35.27387452178126,14.121719786337845,17.424249295185426,7.174865850592116e-05,0.024667404897635112,0.002908642348218793
bfo-2a1a5a3fe7875c614a35721034b384f6d9218d60db90d607c897372d97a029d5,370,35.255353178968775,35.255353178968775,14.132236731556075,17.4380421379367,7.04870145966639e-05,0.024497565359676378,0.002877306930781266
bfo-2a1a5a3fe7875c614a35721034b384f6d9218d60db90d607c897372d97a029d5,371,35.23924590523059,35.23924590523059,14.140008280746052,17.447262855837536,7.026885823091979e-05,0.024423634748845346,0.0028770843878690834
bfo-2a1a5a3fe7875c614a35721034b384f6d9218d60db90d607c897372d97a029d5,372,35.246839989610805,35.246839989610805,14.147397568579684,17.45946741538266,6.999006040453455e-05,0.02431166655024501,0.002878867240955524
bfo-2a1a5a3fe7875c614a35721034b384f6d9218d60db90d607c897372d97a029d5,373,35.24465103176201,35.24465103176201,14.13498376284056,17.440488639014543,7.043103861364916e-05,0.02447791508198874,0.0028773299677583037
bfo-2a1a5a3fe7875c614a35721034b384f6d9218d60db90d607c897372d97a029d5,374,35.23111699501747,35.23111699501747,14.142338974200037,17.449230226636196,7.090229890255263e-05,0.02445174050718875,0.0028996831076997377
bfo-2a1a5a3fe7875c614a35721034b384f6d9218d60db90d607c897372d97a029d5,375,35.2401865457572,35.2401865457572,14.135542669172123,17.43943593151118,7.198837009630616e-05,0.024563475183491727,0.0029307078725036057
bfo-2a1a5a3fe7875c614a35721034b384f6d9218d60db90d607c897372d97a029d5,376,35.23409457326445,35.23409457326445,14.141899790032415,17.448882962122916,7.102013915992274e-05,0.024467876117967146,0.002902587000911433
bfo-2a1a5a3fe7875c614a35721034b384f6d9218d60db90d607c897372d97a029d5,377,35.23543966803934,35.23543966803934,14.13951814137954,17.44605411605238,7.091318741765932e-05,0.024459699643290263,0.00289918471820287
bfo-2a1a5a3fe7875c614a35721034b384f6d9218d60db90d607c897372d97a029d5,378,35.23424852838985,35.23424852838985,14.140145893799742,17.446270392207182,7.13048542371743e-05,0.02451012293420627,0.002909200187554401
bfo-2a1a5a3fe7875c614a35721034b384f6d9218d60db90d607c897372d97a029d5,379,35.234492836285135,35.234492836285135,14.132291624260574,17.43603082442885,7.168955860267972e-05,0.024616575660268005,0.0029122474056531397
bfo-2a1a5a3fe7875c614a35721034b384f6d9218d60db90d607c897372d97a029d5,380,35.235680401537,35.235680401537,14.140751701999426,17.447363294894814,7.102957273237265e-05,0.02448150198061954,0.002901356819879854
bfo-2a1a5a3fe7875c614a35721034b384f6d9218d60db90d607c897372d97a029d5,381,35.20161256765122,35.20161256765122,14.152675633368627,17.461334079762725,6.97604373943987e-05,0.024300738037342947,0.002870712703754011
bfo-2a1a5a3fe7875c614a35721034b384f6d9218d60db90d607c897372d97a029d5,382,35.181293269859204,35.181293269859204,14.152744744890153,17.459261751888693,6.934706422782609e-05,0.024296912040256646,0.002854151347007699
bfo-2a1a5a3fe7875c614a35721034b384f6d9218d60db90d607c897372d97a029d5,383,35.15758363928575,35.15758363928575,14.155134186662423,17.45851236257692,6.739490482897986e-05,0.024154639489926147,0.002790143270699087
bfo-2a1a5a3fe7875c614a35721034b384f6d9218d60db90d607c897372d97a029d5,384,35.1413113221991,35.1413113221991,14.147812809919195,17.447297791550678,6.699518071669739e-05,0.024197786818282423,0.002768649100837593
bfo-2a1a5a3fe7875c614a35721034b384f6d9218d60db90d607c897372d97a029d5,385,35.11618167397975,35.11618167397975,14.139318119823798,17.430978415761174,6.660167164505653e-05,0.024291150706076268,0.0027418080127590075
bfo-2a1a5a3fe7875c614a35721034b384f6d9218d60db90d607c897372d97a029d5,386,35.15464725833729,35.15464725833729,14.151109227943547,17.45135019369887,6.715112626926273e-05,0.024154529762034683,0.002780063488332061
bfo-2a1a5a3fe7875c614a35721034b384f6d9218d60db90d607c897372d97a029d5,387,35.11297365094608,35.11297365094608,14.14307328439688,17.435817791277525,6.639676746450795e-05,0.024244229617353417,0.0027386627050002364
bfo-2a1a5a3fe7875c614a35721034b384f6d9218d60db90d607c897372d97a029d5,388,35.08479283570311,35.08479283570311,14.119904043392534,17.40051473507035,6.703627531908264e-05,0.024537786384771512,0.002731960995499018
bfo-2a1a5a3fe7875c614a35721034b384f6d9218d60db90d607c897372d97a029d5,389,35.07027852008555,35.07027852008555,14.130866812430499,17.414531171304137,6.650815692609445e-05,0.024410633754286697,0.0027245567483234682
bfo-2a1a5a3fe7875c614a35721034b384f6d9218d60db90d607c897372d97a029d5,390,35.08691599193278,35.08691599193278,14.129992734583503,17.41463732266921,6.705063401652243e-05,0.024431060593183673,0.002744483145166024
bfo-2a1a5a3fe7875c614a35721034b384f6d9218d60db90d607c897372d97a029d5,391,35.06831662733403,35.06831662733403,14.134824341179254,17.419611255500747,6.619051452623965e-05,0.02435260040413092,0.0027180060210330466
bfo-2a1a5a3fe7875c614a35721034b384f6d9218d60db90d607c897372d97a029d5,392,35.08690054375513,35.08690054375513,14.130314951612458,17.415452132042322,6.631038696842294e-05,0.02438586502195934,0.0027192140573529294
bfo-2a1a5a3fe7875c614a35721034b384f6d9218d60db90d607c897372d97a029d5,393,35.05868949847675,35.05868949847675,14.139570476727785,17.425317902432646,6.593460945054263e-05,0.024299006796775404,0.002713469320042022
bfo-2a1a5a3fe7875c614a35721034b384f6d9218d60db90d607c897372d97a029d5,394,35.07542250021986,35.07542250021986,14.135878213543808,17.422437604332295,6.74743334223717e-05,0.02442266794966997,0.0027627748762511224
bfo-2a1a5a3fe7875c614a35721034b384f6d9218d60db90d607c897372d97a029d5,395,35.042839555467836,35.042839555467836,14.152242492544925,17.44045263597019,6.478253662076341e-05,0.024123022718500114,0.00268550659578334
bfo-2a1a5a3fe7875c614a35721034b384f6d9218d60db90d607c897372d97a029d5,396,35.059763558825345,35.059763558825345,14.140504554434509,17.426257544746996,6.591945639621428e-05,0.024280975362706944,0.002714860313950144
bfo-2a1a5a3fe7875c614a35721034b384f6d9218d60db90d607c897372d97a029d5,397,35.04308087591356,35.04308087591356,14.148736047193921,17.435566184886355,6.468194077887491e-05,0.024142702196964305,0.002679150836189662
bfo-2a1a5a3fe7875c614a35721034b384f6d9218d60db90d607c897372d97a029d5,398,35.04734187634662,35.04734187634662,14.144427752265829,17.430217937985812,6.553558664907338e-05,0.02426398769870515,0.0027009404827785456
bfo-2a1a5a3fe7875c614a35721034b384f6d9218d60db90d607c897372d97a029d5,399,35.037111647654626,35.037111647654626,14.154159939334976,17.442648071778105,6.43446718118432e-05,0.0240774106192273,0.002672408292960706
bfo-2a1a5a3fe7875c614a35721034b384f6d9218d60db90d607c897372d97a029d5,400,35.006976834780104,35.006976834780104,14.158394625387093,17.44290302985837,6.272906236237514e-05,0.023966377250676334,0.002617377741586076
bfo-2a1a5a3fe7875c614a35721034b384f6d9218d60db90d607c897372d97a029d5,401,1000000.0,35.003097873552235,14.171353365312415,17.460126870935472,6.191869717071792e-05,0.02380947636744671,0.002600590463021509
bfo-2a1a5a3fe7875c614a35721034b384f6d9218d60db90d607c897372d97a029d5,402,35.00555439760595,35.00555439760595,14.155656128434295,17.438685847575126,6.267899902951085e-05,0.023976420589253377,0.0026141933403355713
bfo-2a1a5a3fe7875c614a35721034b384f6d9218d60db90d607c897372d97a029d5,403,35.01067474838959,35.01067474838959,14.161980606118213,17.44838122048936,6.307521021301015e-05,0.02394076508602393,0.0026346363613012525
bfo-2a1a5a3fe7875c614a35721034b384f6d9218d60db90d607c897372d97a029d5,404,35.00654634929326,35.00654634929326,14.151629587375497,17.4334812320021,6.314979949395947e-05,0.024048634515700076,0.002625920380333125
bfo-2a1a5a3fe7875c614a35721034b384f6d9218d60db90d607c897372d97a029d5,405,34.99608632728382,34.99608632728382,14.145957285666157,17.423274853608426,6.351212681165464e-05,0.024149195708625736,0.002629989320471201
bfo-2a1a5a3fe7875c614a35721034b384f6d9218d60db90d607c897372d97a029d5,406,34.99096923683137,34.99096923683137,14.144541225641882,17.420917358200498,6.372177475789453e-05,0.02417264089082716,0.002636111422235009
bfo-2a1a5a3fe7875c614a35721034b384f6d9218d60db90d607c897372d97a029d5,407,34.9897391792873,34.9897391792873,14.144129509599615,17.420527290165193,6.34050639973427e-05,0.02413291010887882,0.0026273277325976167
bfo-2a1a5a3fe7875c614a35721034b384f6d9218d60db90d607c897372d97a029d5,408,34.98401332226014,34.98401332226014,14.138003843660162,17.411646497719744,6.359095477495711e-05,0.024192196457223595,0.002628573014748703
bfo-2a1a5a3fe7875c614a35721034b384f6d9218d60db90d607c897372d97a029d5,409,34.97046864068569,34.97046864068569,14.149820558418464,17.426495521927905,6.316015940223563e-05,0.024077513996445764,0.002623201025303489
bfo-2a1a5a3fe7875c614a35721034b384f6d9218d60db90d607c897372d97a029d5,410,34.95785643921338,34.95785643921338,14.131809707519954,17.400541360915994,6.379762704166124e-05,0.024300674739185353,0.0026253438526456312
bfo-2a1a5a3fe7875c614a35721034b384f6d9218d60db90d607c897372d97a029d5,411,34.97825750165657,34.97825750165657,14.134287799493661,17.40726363410933,6.458893483636022e-05,0.024280646146702486,0.0026600995066653915
bfo-2a1a5a3fe7875c614a35721034b384f6d9218d60db90d607c897372d97a029d5,412,34.9553830640093,34.9553830640093,14.13280448893659,17.401768431240125,6.392862945775735e-05,0.024301397468639657,0.0026306565101968165
bfo-2a1a5a3fe7875c614a35721034b384f6d9218d60db90d607c897372d97a029d5,413,34.95628229603641,34.95628229603641,14.122181544781581,17.386749060472773,6.456852192944608e-05,0.024445268110875586,0.002641350531996
bfo-2a1a5a3fe7875c614a35721034b384f6d9218d60db90d607c897372d97a029d5,414,34.952096065132544,34.952096065132544,14.130069544080861,17.39777688175954,6.383088366398109e-05,0.024319347699236684,0.002624695549132042
bfo-2a1a5a3fe7875c614a35721034b384f6d9218d60db90d607c897372d97a029d5,415,34.94306198166068,34.94306198166068,14.128576517240784,17.394467802144177,6.415929555517588e-05,0.024382016712115363,0.0026314187342548778
bfo-2a1a5a3fe7875c614a35721034b384f6d9218d60db90d607c897372d97a029d5,416,34.93733299307284,34.93733299307284,14.136428173699652,17.403698785065025,6.367911722997475e-05,0.024267993252089406,0.00262399600034882
bfo-2a1a5a3fe7875c614a35721034b384f6d9218d60db90d607c897372d97a029d5,417,34.915196165121785,34.915196165121785,14.148264041491514,17.41830771451297,6.219399412096928e-05,0.024101835655742764,0.0025804671067097855
bfo-2a1a5a3fe7875c614a35721034b384f6d9218d60db90d607c897372d97a029d5,418,34.896736354428455,34.896736354428455,14.151555541015416,17.41905500477871,6.0334826607112e-05,0.023952094195904487,0.0025189791804270923
bfo-2a1a5a3fe7875c614a35721034b384f6d9218d60db90d607c897372d97a029d5,419,34.879127691257,34.879127691257,14.14393501305233,17.407406653463653,5.9975320370987064e-05,0.023996353573460014,0.002499351419680689
bfo-2a1a5a3fe7875c614a35721034b384f6d9218d60db90d607c897372d97a029d5,420,34.86135529031143,34.86135529031143,14.134996411167783,17.391788616518408,6.001770499849326e-05,0.024105424080324903,0.002489800834803829
bfo-2a1a5a3fe7875c614a35721034b384f6d9218d60db90d607c897372d97a029d5,421,34.810767937941996,34.810767937941996,14.113425171490201,17.35686290568763,5.9912480374969185e-05,0.024373846715486466,0.0024580642142506973
bfo-2a1a5a3fe7875c614a35721034b384f6d9218d60db90d607c897372d97a029d5,422,34.80326111766834,34.80326111766834,14.125535990069366,17.372770951130438,5.937533337544616e-05,0.024240470466636153,0.0024494299092572714
bfo-2a1a5a3fe7875c614a35721034b384f6d9218d60db90d607c897372d97a029d5,423,34.81003485166479,34.81003485166479,14.132697838119354,17.382676008487188,5.906340668190565e-05,0.02414229462789336,0.0024464702958957914
bfo-2a1a5a3fe7875c614a35721034b384f6d9218d60db90d607c897372d97a029d5,424,34.80556220273256,34.80556220273256,14.116529669030744,17.360899664087746,6.0312951225179565e-05,0.024383689063755633,0.002473495748222522
bfo-2a1a5a3fe7875c614a35721034b384f6d9218d60db90d607c897372d97a029d5,425,34.802704665478636,34.802704665478636,14.131098352871732,17.38048229005389,5.9185784675026984e-05,0.024175336954124767,0.0024481886141789135
bfo-2a1a5a3fe7875c614a35721034b384f6d9218d60db90d607c897372d97a029d5,426,1000000.0,34.80482919435508,14.146632220894672,17.400642858019662,5.829258185616851e-05,0.023984346172807654,0.0024304428161672363
bfo-2a1a5a3fe7875c614a35721034b384f6d9218d60db90d607c897372d97a029d5,427,1000000.000021705,34.80139134719492,14.129890328821883,17.378258964193176,5.896668766157639e-05,0.024171113895146167,0.002439551934485633
bfo-2a1a5a3fe7875c614a35721034b384f6d9218d60db90d607c897372d97a029d5,428,34.81362203600493,34.81362203600493,14.113966864602817,17.35955647825591,6.045265064648699e-05,0.024389778443249265,0.002478605977793103
bfo-2a1a5a3fe7875c614a35721034b384f6d9218d60db90d607c897372d97a029d5,429,34.80186019235804,34.80186019235804,14.134818398555472,17.38484193213835,5.882234115073035e-05,0.024127236573808,0.0024380057355837675
bfo-2a1a5a3fe7875c614a35721034b384f6d9218d60db90d607c897372d97a029d5,430,34.80236927456172,34.80236927456172,14.126177219906152,17.37258970191587,5.94947446557063e-05,0.02425829840129196,0.0024525522636219903
bfo-2a1a5a3fe7875c614a35721034b384f6d9218d60db90d607c897372d97a029d5,431,34.803586092238106,34.803586092238106,14.12547143902874,17.372045901431335,5.890438039465037e-05,0.0241962987398608,0.002434437639737508
bfo-2a1a5a3fe7875c614a35721034b384f6d9218d60db90d607c897372d97a029d5,432,1000000.0,34.803633816396385,14.15613131448818,17.41445903507473,5.832901338576972e-05,0.023925713995937816,0.0024379215347835807
bfo-2a1a5a3fe7875c614a35721034b384f6d9218d60db90d607c897372d97a029d5,433,1000000.0000107922,34.80162819569563,14.129376916871484,17.377765773456712,5.930494193615367e-05,0.024197170763871883,0.00245090397199247
bfo-2a1a5a3fe7875c614a35721034b384f6d9218d60db90d607c897372d97a029d5,434,1000000.0,34.812344006552365,14.113205333022494,17.356977404922674,6.006449349515261e-05,0.024393361539898687,0.002462329490624279
bfo-2a1a5a3fe7875c614a35721034b384f6d9218d60db90d607c897372d97a029d5,435,1000000.0000654882,34.79585644196544,14.134409398052657,17.383943281509517,5.880301554191772e-05,0.024142155107137003,0.002435698688910094
bfo-2a1a5a3fe7875c614a35721034b384f6d9218d60db90d607c897372d97a029d5,436,1000000.0,34.80038399593229,14.114230274946241,17.35731150867452,5.935876682238732e-05,0.024349298436015326,0.0024378019341448087
bfo-2a1a5a3fe7875c614a35721034b384f6d9218d60db90d607c897372d97a029d5,437,1000000.0000467971,34.80429646834616,14.128001114931848,17.375623067651944,5.921185468422125e-05,0.024221895969841468,0.002444559036912121
bfo-2a1a5a3fe7875c614a35721034b384f6d9218d60db90d607c897372d97a029d5,438,34.80038472213059,34.80038472213059,14.133916506484276,17.384054959857227,5.87130149714678e-05,0.024099719295169568,0.0024362530638784644
bfo-2a1a5a3fe7875c614a35721034b384f6d9218d60db90d607c897372d97a029d5,439,34.801192232755795,34.801192232755795,14.13084531764028,17.380030878311953,5.895038380223903e-05,0.02411670945438281,0.002444379234809987
bfo-2a1a5a3fe7875c614a35721034b384f6d9218d60db90d607c897372d97a029d5,440,1000000.0000310737,34.801607008758275,14.127681306736442,17.375319885384584,5.868946459827026e-05,0.02413868751134492,0.0024313444784720317
