run_id,algorithm,checkpoint_index,checkpoint,basis_index,basis_label,energy,feasible,exact_optimal,decoded_route,magnitude,probability,phase,real,imag
penalty_x_p2_seed2601,penalty_x,0,Initial,10377,10010001000101,10.0,True,True,0->1->2->4->5->6,0.0078125,6.103515625e-05,0.0,0.0078125,0.0
penalty_x_p2_seed2601,penalty_x,0,Initial,4233,10010001000010,11.0,True,False,0->1->2->4->6,0.0078125,6.103515625e-05,0.0,0.0078125,0.0
penalty_x_p2_seed2601,penalty_x,0,Initial,9289,10010010001001,11.0,True,False,0->1->2->3->5->6,0.0078125,6.103515625e-05,0.0,0.0078125,0.0
penalty_x_p2_seed2601,penalty_x,0,Initial,10370,01000001000101,11.0,True,False,0->2->4->5->6,0.0078125,6.103515625e-05,0.0,0.0078125,0.0
penalty_x_p2_seed2601,penalty_x,0,Initial,0,00000000000000,12.0,False,False,,0.0078125,6.103515625e-05,0.0,0.0078125,0.0
penalty_x_p2_seed2601,penalty_x,0,Initial,1,10000000000000,14.0,False,False,,0.0078125,6.103515625e-05,0.0,0.0078125,0.0
penalty_x_p2_seed2601,penalty_x,0,Initial,8192,00000000000001,14.0,False,False,,0.0078125,6.103515625e-05,0.0,0.0078125,0.0
penalty_x_p2_seed2601,penalty_x,0,Initial,3,11000000000000,30.0,False,False,,0.0078125,6.103515625e-05,0.0,0.0078125,0.0
penalty_x_p2_seed2601,penalty_x,1,Cost-1,10377,10010001000101,10.0,True,True,0->1->2->4->5->6,0.0078125,6.103515625e-05,0.0,0.0078125,0.0
penalty_x_p2_seed2601,penalty_x,1,Cost-1,4233,10010001000010,11.0,True,False,0->1->2->4->6,0.0078125,6.103515625e-05,-1.601679701760845e-26,0.0078125,-1.25131226700066e-28
penalty_x_p2_seed2601,penalty_x,1,Cost-1,9289,10010010001001,11.0,True,False,0->1->2->3->5->6,0.0078125,6.103515625e-05,-1.601679701760845e-26,0.0078125,-1.25131226700066e-28
penalty_x_p2_seed2601,penalty_x,1,Cost-1,10370,01000001000101,11.0,True,False,0->2->4->5->6,0.0078125,6.103515625e-05,-1.601679701760845e-26,0.0078125,-1.25131226700066e-28
penalty_x_p2_seed2601,penalty_x,1,Cost-1,0,00000000000000,12.0,False,False,,0.0078125,6.103515625e-05,-3.20335940352169e-26,0.0078125,-2.50262453400132e-28
penalty_x_p2_seed2601,penalty_x,1,Cost-1,1,10000000000000,14.0,False,False,,0.0078125,6.103515625e-05,-6.40671880704338e-26,0.0078125,-5.00524906800264e-28
penalty_x_p2_seed2601,penalty_x,1,Cost-1,8192,00000000000001,14.0,False,False,,0.0078125,6.103515625e-05,-6.40671880704338e-26,0.0078125,-5.00524906800264e-28
penalty_x_p2_seed2601,penalty_x,1,Cost-1,3,11000000000000,30.0,False,False,,0.0078125,6.103515625e-05,-3.2033594035216903e-25,0.0078125,-2.5026245340013206e-27
penalty_x_p2_seed2601,penalty_x,2,Mixer-1,10377,10010001000101,10.0,True,True,0->1->2->4->5->6,0.007812499999999998,6.103515624999997e-05,-1.8523351364613363,-0.0021705797045535437,-0.007504914389663631
penalty_x_p2_seed2601,penalty_x,2,Mixer-1,4233,10010001000010,11.0,True,False,0->1->2->4->6,0.007812499999999998,6.103515624999997e-05,-1.8523351364613363,-0.0021705797045535437,-0.007504914389663631
penalty_x_p2_seed2601,penalty_x,2,Mixer-1,9289,10010010001001,11.0,True,False,0->1->2->3->5->6,0.007812499999999998,6.103515624999997e-05,-1.8523351364613363,-0.0021705797045535437,-0.007504914389663631
penalty_x_p2_seed2601,penalty_x,2,Mixer-1,10370,01000001000101,11.0,True,False,0->2->4->5->6,0.007812499999999998,6.103515624999997e-05,-1.8523351364613363,-0.0021705797045535437,-0.007504914389663631
penalty_x_p2_seed2601,penalty_x,2,Mixer-1,0,00000000000000,12.0,False,False,,0.007812499999999998,6.103515624999997e-05,-1.8523351364613363,-0.0021705797045535437,-0.007504914389663631
penalty_x_p2_seed2601,penalty_x,2,Mixer-1,1,10000000000000,14.0,False,False,,0.007812499999999998,6.103515624999997e-05,-1.8523351364613363,-0.0021705797045535437,-0.007504914389663631
penalty_x_p2_seed2601,penalty_x,2,Mixer-1,8192,00000000000001,14.0,False,False,,0.007812499999999998,6.103515624999997e-05,-1.8523351364613363,-0.0021705797045535437,-0.007504914389663631
penalty_x_p2_seed2601,penalty_x,2,Mixer-1,3,11000000000000,30.0,False,False,,0.007812499999999998,6.103515624999997e-05,-1.8523351364613363,-0.0021705797045535437,-0.007504914389663631
penalty_x_p2_seed2601,penalty_x,3,Cost-2,10377,10010001000101,10.0,True,True,0->1->2->4->5->6,0.007812499999999998,6.103515624999997e-05,-1.8523351364613363,-0.0021705797045535437,-0.007504914389663631
penalty_x_p2_seed2601,penalty_x,3,Cost-2,4233,10010001000010,11.0,True,False,0->1->2->4->6,0.007812499999999999,6.1035156249999986e-05,-1.8552443674313281,-0.0021924040176449664,-0.007498567921504358
penalty_x_p2_seed2601,penalty_x,3,Cost-2,9289,10010010001001,11.0,True,False,0->1->2->3->5->6,0.007812499999999999,6.1035156249999986e-05,-1.8552443674313281,-0.0021924040176449664,-0.007498567921504358
penalty_x_p2_seed2601,penalty_x,3,Cost-2,10370,01000001000101,11.0,True,False,0->2->4->5->6,0.007812499999999999,6.1035156249999986e-05,-1.8552443674313281,-0.0021924040176449664,-0.007498567921504358
penalty_x_p2_seed2601,penalty_x,3,Cost-2,0,00000000000000,12.0,False,False,,0.007812499999999998,6.103515624999997e-05,-1.85815359840132,-0.0022142097750643807,-0.007492157988324147
penalty_x_p2_seed2601,penalty_x,3,Cost-2,1,10000000000000,14.0,False,False,,0.007812499999999998,6.103515624999997e-05,-1.8639720603413037,-0.0022577648848233142,-0.007479147944442518
penalty_x_p2_seed2601,penalty_x,3,Cost-2,8192,00000000000001,14.0,False,False,,0.007812499999999998,6.103515624999997e-05,-1.8639720603413037,-0.0022577648848233142,-0.007479147944442518
penalty_x_p2_seed2601,penalty_x,3,Cost-2,3,11000000000000,30.0,False,False,,0.007812499999999998,6.103515624999997e-05,-1.9105197558611735,-0.0026033307879028177,-0.007365991111775609
penalty_x_p2_seed2601,penalty_x,4,Mixer-2,10377,10010001000101,10.0,True,True,0->1->2->4->5->6,0.007812499999999998,6.103515624999997e-05,-1.8523351364613363,-0.0021705797045535437,-0.007504914389663631
penalty_x_p2_seed2601,penalty_x,4,Mixer-2,4233,10010001000010,11.0,True,False,0->1->2->4->6,0.007812499999999999,6.1035156249999986e-05,-1.8552443674313281,-0.0021924040176449664,-0.007498567921504358
penalty_x_p2_seed2601,penalty_x,4,Mixer-2,9289,10010010001001,11.0,True,False,0->1->2->3->5->6,0.007812499999999999,6.1035156249999986e-05,-1.8552443674313281,-0.0021924040176449664,-0.007498567921504358
penalty_x_p2_seed2601,penalty_x,4,Mixer-2,10370,01000001000101,11.0,True,False,0->2->4->5->6,0.007812499999999999,6.1035156249999986e-05,-1.8552443674313281,-0.0021924040176449664,-0.007498567921504358
penalty_x_p2_seed2601,penalty_x,4,Mixer-2,0,00000000000000,12.0,False,False,,0.007812499999999998,6.103515624999997e-05,-1.85815359840132,-0.0022142097750643807,-0.007492157988324147
penalty_x_p2_seed2601,penalty_x,4,Mixer-2,1,10000000000000,14.0,False,False,,0.007812499999999998,6.103515624999997e-05,-1.8639720603413037,-0.0022577648848233142,-0.007479147944442518
penalty_x_p2_seed2601,penalty_x,4,Mixer-2,8192,00000000000001,14.0,False,False,,0.007812499999999998,6.103515624999997e-05,-1.8639720603413037,-0.0022577648848233142,-0.007479147944442518
penalty_x_p2_seed2601,penalty_x,4,Mixer-2,3,11000000000000,30.0,False,False,,0.007812499999999998,6.103515624999997e-05,-1.9105197558611735,-0.0026033307879028177,-0.007365991111775609
grover_global_p2_seed2601,grover_global,0,Initial,10377,10010001000101,10.0,True,True,0->1->2->4->5->6,0.0078125,6.103515625e-05,0.0,0.0078125,0.0
grover_global_p2_seed2601,grover_global,0,Initial,4233,10010001000010,11.0,True,False,0->1->2->4->6,0.0078125,6.103515625e-05,0.0,0.0078125,0.0
grover_global_p2_seed2601,grover_global,0,Initial,9289,10010010001001,11.0,True,False,0->1->2->3->5->6,0.0078125,6.103515625e-05,0.0,0.0078125,0.0
grover_global_p2_seed2601,grover_global,0,Initial,10370,01000001000101,11.0,True,False,0->2->4->5->6,0.0078125,6.103515625e-05,0.0,0.0078125,0.0
grover_global_p2_seed2601,grover_global,0,Initial,0,00000000000000,12.0,False,False,,0.0078125,6.103515625e-05,0.0,0.0078125,0.0
grover_global_p2_seed2601,grover_global,0,Initial,1,10000000000000,14.0,False,False,,0.0078125,6.103515625e-05,0.0,0.0078125,0.0
grover_global_p2_seed2601,grover_global,0,Initial,8192,00000000000001,14.0,False,False,,0.0078125,6.103515625e-05,0.0,0.0078125,0.0
grover_global_p2_seed2601,grover_global,1,Cost-1,10377,10010001000101,10.0,True,True,0->1->2->4->5->6,0.0078125,6.103515625e-05,0.0,0.0078125,0.0
grover_global_p2_seed2601,grover_global,1,Cost-1,4233,10010001000010,11.0,True,False,0->1->2->4->6,0.0078125,6.103515625e-05,-0.016666523485863657,0.007811414974315062,-0.0001302011868088097
grover_global_p2_seed2601,grover_global,1,Cost-1,9289,10010010001001,11.0,True,False,0->1->2->3->5->6,0.0078125,6.103515625e-05,-0.016666523485863657,0.007811414974315062,-0.0001302011868088097
grover_global_p2_seed2601,grover_global,1,Cost-1,10370,01000001000101,11.0,True,False,0->2->4->5->6,0.0078125,6.103515625e-05,-0.016666523485863657,0.007811414974315062,-0.0001302011868088097
grover_global_p2_seed2601,grover_global,1,Cost-1,0,00000000000000,12.0,False,False,,0.0078125,6.103515625e-05,-0.033333046971727315,0.007808160198644116,-0.00026036620807985374
grover_global_p2_seed2601,grover_global,1,Cost-1,1,10000000000000,14.0,False,False,,0.0078125,6.103515625e-05,-0.06666609394345463,0.00779514561604867,-0.0005204431521282576
grover_global_p2_seed2601,grover_global,1,Cost-1,8192,00000000000001,14.0,False,False,,0.0078125,6.103515625e-05,-0.06666609394345463,0.00779514561604867,-0.0005204431521282576
grover_global_p2_seed2601,grover_global,2,Mixer-1,10377,10010001000101,10.0,True,True,0->1->2->4->5->6,0.004653186261541198,2.1652142384595747e-05,1.7257430579200765,-0.0007181144576431757,0.004597439940914899
grover_global_p2_seed2601,grover_global,2,Mixer-1,4233,10010001000010,11.0,True,False,0->1->2->4->6,0.004524761870309503,2.047346998300675e-05,1.7304208120652147,-0.0007191994833281139,0.004467238754106089
grover_global_p2_seed2601,grover_global,2,Mixer-1,9289,10010010001001,11.0,True,False,0->1->2->3->5->6,0.004524761870309503,2.047346998300675e-05,1.7304208120652147,-0.0007191994833281139,0.004467238754106089
grover_global_p2_seed2601,grover_global,2,Mixer-1,10370,01000001000101,11.0,True,False,0->2->4->5->6,0.004524761870309503,2.047346998300675e-05,1.7304208120652147,-0.0007191994833281139,0.004467238754106089
grover_global_p2_seed2601,grover_global,2,Mixer-1,0,00000000000000,12.0,False,False,,0.004396833942781282,1.9332148720393596e-05,1.735857205072931,-0.00072245425899906,0.004337073732835046
grover_global_p2_seed2601,grover_global,2,Mixer-1,1,10000000000000,14.0,False,False,,0.0041428030646813215,1.716281723273295e-05,1.7492716061507299,-0.0007354688415945054,0.004076996788786641
grover_global_p2_seed2601,grover_global,2,Mixer-1,8192,00000000000001,14.0,False,False,,0.0041428030646813215,1.716281723273295e-05,1.7492716061507299,-0.0007354688415945054,0.004076996788786641
grover_global_p2_seed2601,grover_global,3,Cost-2,10377,10010001000101,10.0,True,True,0->1->2->4->5->6,0.004653186261541198,2.1652142384595747e-05,1.7257430579200765,-0.0007181144576431757,0.004597439940914899
grover_global_p2_seed2601,grover_global,3,Cost-2,4233,10010001000010,11.0,True,False,0->1->2->4->6,0.004524761870309503,2.047346998300675e-05,1.7304208120652147,-0.0007191994833281139,0.004467238754106089
grover_global_p2_seed2601,grover_global,3,Cost-2,9289,10010010001001,11.0,True,False,0->1->2->3->5->6,0.004524761870309503,2.047346998300675e-05,1.7304208120652147,-0.0007191994833281139,0.004467238754106089
grover_global_p2_seed2601,grover_global,3,Cost-2,10370,01000001000101,11.0,True,False,0->2->4->5->6,0.004524761870309503,2.047346998300675e-05,1.7304208120652147,-0.0007191994833281139,0.004467238754106089
grover_global_p2_seed2601,grover_global,3,Cost-2,0,00000000000000,12.0,False,False,,0.004396833942781282,1.9332148720393596e-05,1.735857205072931,-0.00072245425899906,0.004337073732835046
grover_global_p2_seed2601,grover_global,3,Cost-2,1,10000000000000,14.0,False,False,,0.0041428030646813215,1.716281723273295e-05,1.7492716061507299,-0.0007354688415945054,0.004076996788786641
grover_global_p2_seed2601,grover_global,3,Cost-2,8192,00000000000001,14.0,False,False,,0.0041428030646813215,1.716281723273295e-05,1.7492716061507299,-0.0007354688415945054,0.004076996788786641
grover_global_p2_seed2601,grover_global,4,Mixer-2,10377,10010001000101,10.0,True,True,0->1->2->4->5->6,0.014607261022296448,0.00021337207457350105,0.5866706175499952,0.012164757665253578,0.008086454446737171
grover_global_p2_seed2601,grover_global,4,Mixer-2,4233,10010001000010,11.0,True,False,0->1->2->4->6,0.014534679150869185,0.00021125689801871137,0.5792517838550273,0.01216367263956864,0.007956253259928362
grover_global_p2_seed2601,grover_global,4,Mixer-2,9289,10010010001001,11.0,True,False,0->1->2->3->5->6,0.014534679150869185,0.00021125689801871137,0.5792517838550273,0.01216367263956864,0.007956253259928362
grover_global_p2_seed2601,grover_global,4,Mixer-2,10370,01000001000101,11.0,True,False,0->2->4->5->6,0.014534679150869185,0.00021125689801871137,0.5792517838550273,0.01216367263956864,0.007956253259928362
grover_global_p2_seed2601,grover_global,4,Mixer-2,0,00000000000000,12.0,False,False,,0.014461100225911324,0.00020912341974385255,0.5718421924422827,0.012160417863897693,0.007826088238657318
grover_global_p2_seed2601,grover_global,4,Mixer-2,1,10000000000000,14.0,False,False,,0.014310972482285831,0.00020480393338874228,0.5570518226182382,0.012147403281302248,0.007566011294608915
grover_global_p2_seed2601,grover_global,4,Mixer-2,8192,00000000000001,14.0,False,False,,0.014310972482285831,0.00020480393338874228,0.5570518226182382,0.012147403281302248,0.007566011294608915
grover_feasible_p2_seed2601,grover_feasible,0,Initial,0,route_0:10010001000101,10.0,True,True,0->1->2->4->5->6,0.22360679774997896,0.049999999999999996,0.0,0.22360679774997896,0.0
grover_feasible_p2_seed2601,grover_feasible,0,Initial,1,route_1:10010010010101,11.0,True,False,0->1->2->3->4->5->6,0.22360679774997896,0.049999999999999996,0.0,0.22360679774997896,0.0
grover_feasible_p2_seed2601,grover_feasible,0,Initial,2,route_2:10010010001001,11.0,True,False,0->1->2->3->5->6,0.22360679774997896,0.049999999999999996,0.0,0.22360679774997896,0.0
grover_feasible_p2_seed2601,grover_feasible,0,Initial,3,route_3:10010001000010,11.0,True,False,0->1->2->4->6,0.22360679774997896,0.049999999999999996,0.0,0.22360679774997896,0.0
grover_feasible_p2_seed2601,grover_feasible,1,Cost-1,0,route_0:10010001000101,10.0,True,True,0->1->2->4->5->6,0.22360679774997896,0.049999999999999996,0.0,0.22360679774997896,0.0
grover_feasible_p2_seed2601,grover_feasible,1,Cost-1,1,route_1:10010010010101,11.0,True,False,0->1->2->3->4->5->6,0.22360679774997896,0.049999999999999996,-0.5388982742013865,0.19191603435769924,-0.11475293354165025
grover_feasible_p2_seed2601,grover_feasible,1,Cost-1,2,route_2:10010010001001,11.0,True,False,0->1->2->3->5->6,0.22360679774997896,0.049999999999999996,-0.5388982742013865,0.19191603435769924,-0.11475293354165025
grover_feasible_p2_seed2601,grover_feasible,1,Cost-1,3,route_3:10010001000010,11.0,True,False,0->1->2->4->6,0.22360679774997896,0.049999999999999996,-0.5388982742013865,0.19191603435769924,-0.11475293354165025
grover_feasible_p2_seed2601,grover_feasible,2,Mixer-1,0,route_0:10010001000101,10.0,True,True,0->1->2->4->5->6,0.19700314153850682,0.03881023777604095,1.7660141900077613,-0.03821472151468988,0.19326115190486587
grover_feasible_p2_seed2601,grover_feasible,2,Mixer-1,1,route_1:10010010010101,11.0,True,False,0->1->2->3->4->5->6,0.10512048882422921,0.011050317170644898,2.2982947282415913,-0.0699054849069696,0.07850821836321561
grover_feasible_p2_seed2601,grover_feasible,2,Mixer-1,2,route_2:10010010001001,11.0,True,False,0->1->2->3->5->6,0.10512048882422921,0.011050317170644898,2.2982947282415913,-0.0699054849069696,0.07850821836321561
grover_feasible_p2_seed2601,grover_feasible,2,Mixer-1,3,route_3:10010001000010,11.0,True,False,0->1->2->4->6,0.10512048882422921,0.011050317170644898,2.2982947282415913,-0.0699054849069696,0.07850821836321561
grover_feasible_p2_seed2601,grover_feasible,3,Cost-2,0,route_0:10010001000101,10.0,True,True,0->1->2->4->5->6,0.19700314153850682,0.03881023777604095,1.7660141900077613,-0.03821472151468988,0.19326115190486587
grover_feasible_p2_seed2601,grover_feasible,3,Cost-2,1,route_1:10010010010101,11.0,True,False,0->1->2->3->4->5->6,0.10512048882422921,0.011050317170644898,2.2982947282415913,-0.0699054849069696,0.07850821836321561
grover_feasible_p2_seed2601,grover_feasible,3,Cost-2,2,route_2:10010010001001,11.0,True,False,0->1->2->3->5->6,0.10512048882422921,0.011050317170644898,2.2982947282415913,-0.0699054849069696,0.07850821836321561
grover_feasible_p2_seed2601,grover_feasible,3,Cost-2,3,route_3:10010001000010,11.0,True,False,0->1->2->4->6,0.10512048882422921,0.011050317170644898,2.2982947282415913,-0.0699054849069696,0.07850821836321561
grover_feasible_p2_seed2601,grover_feasible,4,Mixer-2,0,route_0:10010001000101,10.0,True,True,0->1->2->4->5->6,0.4134332167413466,0.17092702470509727,0.64783473490679,0.3296684720097165,0.24949092822761315
grover_feasible_p2_seed2601,grover_feasible,4,Mixer-2,1,route_1:10010010010101,11.0,True,False,0->1->2->3->4->5->6,0.3270245282007033,0.10694504204489261,0.42466097404826814,0.2979777086174368,0.13473799468596287
grover_feasible_p2_seed2601,grover_feasible,4,Mixer-2,2,route_2:10010010001001,11.0,True,False,0->1->2->3->5->6,0.3270245282007033,0.10694504204489261,0.42466097404826814,0.2979777086174368,0.13473799468596287
grover_feasible_p2_seed2601,grover_feasible,4,Mixer-2,3,route_3:10010001000010,11.0,True,False,0->1->2->4->6,0.3270245282007033,0.10694504204489261,0.42466097404826814,0.2979777086174368,0.13473799468596287
