run_id,algorithm,depth,seed,objective_kind,p_opt,p_feas,p_opt_given_feas,P_feasible_top1,P_feasible_top3,P_feasible_top5,P_feasible_top10,P_feasible_all,Q_feasible_top1,Q_feasible_top3,Q_feasible_top5,Q_feasible_top10,energy_top1_mass,energy_top5_mass,energy_top10_mass,energy_top20_mass,energy_top50_mass,energy_top100_mass,shannon_entropy_full,shannon_entropy_feasible_conditional
cvarr-96c7649deda485a6273db7c38cc3980936d0020cd428b87035ec64c4116c547a,global_grover,110,8601,cvar_0.05,0.003544685436727781,0.06294629756133567,0.05631285038288065,0.003544685436727781,0.010594494458499967,0.017644303480272152,0.033329007034790366,0.06294629756133567,0.05631285038288065,0.16831004950174483,0.280307248620609,0.5294831995847596,0.003544685436727781,0.017644303480272152,0.033329007034790366,0.06329176442609939,0.12590626159555388,0.19778312393678052,8.537972682205947,2.9927562127089335
cvarr-cde57bccb3f4bc7c9d07de9c81d33a53e0d92b425c9aee4549252662cbcb81ee,global_grover,110,8601,cvar_0.10,0.0019066757795614764,0.03988548922718206,0.04780374558530103,0.0019066757795614764,0.0058553412680225365,0.009804006756483597,0.02002499879556518,0.03988548922718206,0.04780374558530103,0.1468037971070468,0.2458038486287926,0.5020622583192007,0.0019066757795614764,0.009804006756483597,0.02002499879556518,0.03997116060723189,0.08663151482519783,0.1421604378280763,8.812202274593002,2.9955354990384113
cvarr-3fadacd12c63156df58658254685e2eed8f62d6578cb5663fa86ff34d9e79a01,global_grover,110,8601,cvar_0.25,0.001013692682842533,0.02184852151780154,0.04639639721235168,0.001013692682842533,0.003328141447300177,0.005642590211757821,0.011368210904121372,0.02184852151780154,0.04639639721235168,0.15232799366256908,0.25825959011278643,0.5203194593674855,0.001013692682842533,0.005642590211757821,0.011368210904121372,0.02209514231981667,0.049108388507290296,0.09727724089882495,8.879535792582384,2.993083337257474
cvarr-307617aa1863d4245618d6bb40edc75634a163148175006494ac6ec3e1950d03,global_grover,110,8601,cvar_0.50,0.0012536181352020307,0.023203816962130287,0.05402637580049843,0.0012536181352020307,0.0035593763951287547,0.005865134655055479,0.01184341766148404,0.023203816962130287,0.05402637580049843,0.1533961589568571,0.2527659421132158,0.5104081660708257,0.0012536181352020307,0.005865134655055479,0.01184341766148404,0.023383222864562837,0.054306196513532634,0.1012256995128854,8.522074846422868,2.994603022562297
cvarr-591e4ba510bca2bfec2eebd2571eed93d92c295c9f426eb52aae840713088692,global_grover,110,8601,expectation,0.0005398857216771001,0.01008923201507999,0.053511082000111954,0.0005398857216771001,0.0015870624881210394,0.0026342392545649785,0.005242123655804204,0.01008923201507999,0.053511082000111954,0.1573026059613772,0.26109412992264247,0.5195760834887138,0.0005398857216771001,0.0026342392545649785,0.005242123655804204,0.010148865069469217,0.024600199051949812,0.04759167573705118,8.643810089542391,2.9945467900184286
cvarr-98aa6407284784f4abf2da3f10eed27e04095468e6dcd9e340cddbd20ddb4199,global_grover,110,8602,cvar_0.05,0.003277488438368958,0.06056014349742988,0.054119561960880296,0.003277488438368958,0.009849464317397203,0.016421440196425448,0.03187227434759893,0.06056014349742988,0.054119561960880296,0.16263938208493853,0.27115920220899675,0.5262912619906781,0.003277488438368958,0.016421440196425448,0.03187227434759893,0.06093428113411916,0.11879999125296442,0.17948540462760873,8.767005432686155,2.993684028306015
cvarr-dfc352caee13a5429d419a18118cf8a0dd05fc367aeee8309e7eb516d0bc7ca3,global_grover,110,8602,cvar_0.10,0.0023747296127165575,0.04567797467982593,0.05198850494930935,0.0023747296127165575,0.006882867462035702,0.011391005311354847,0.022741121695249913,0.04567797467982593,0.05198850494930935,0.1506824133574289,0.2493763217655485,0.49785748721678164,0.0023747296127165575,0.011391005311354847,0.022741121695249913,0.04580729526920177,0.09769270370477062,0.15798984053722065,8.549565418602874,2.9953345887649765
cvarr-98cebf430484906cb62f44d4c50d7eb6d5575afee84d23e686aa33b78f785ddc,global_grover,110,8602,cvar_0.25,0.002686604470314241,0.057247304034372254,0.046929798977103934,0.002686604470314241,0.008146657347775357,0.013606710225236473,0.02804900278706361,0.057247304034372254,0.046929798977103934,0.14230639302916284,0.23768298708122174,0.4899619861613485,0.002686604470314241,0.013606710225236473,0.02804900278706361,0.05731517450089762,0.12934749964511844,0.21960298089074753,8.428583141066618,2.9952090761679444
cvarr-48359b3d05ee17c7490b420e997081221401ce38412600e335213825aeb4d95a,global_grover,110,8602,cvar_0.50,0.0017080383690087331,0.038679267652283265,0.0441590152213729,0.0017080383690087331,0.005376000015403672,0.00904396166179861,0.018945346763056398,0.038679267652283265,0.0441590152213729,0.13898918830967893,0.23381936139798495,0.48980624280092955,0.0017080383690087331,0.00904396166179861,0.018945346763056398,0.03869129730706398,0.09795126382528789,0.18322207276286617,8.356637576393425,2.9949296683175217
cvarr-b988377490e1bfee1884f42e6521fd2899fd49c103b521b5a97f86297fffa353,global_grover,110,8602,expectation,0.0006014280695784493,0.012564081970046461,0.047868843184268504,0.0006014280695784493,0.0019017505891228339,0.003202073108667218,0.0063826921477459116,0.012564081970046461,0.047868843184268504,0.1513640705032587,0.25485929782224886,0.5080110240416005,0.0006014280695784493,0.003202073108667218,0.0063826921477459116,0.012604119064953184,0.031961206354339335,0.06436438583918275,8.440597033149142,2.995375788488536
cvarr-8fa1376bc07ad42bb6ce2fa828bcfb7f7a0566f86f9e397c32f8e39761396feb,global_grover,110,8603,cvar_0.05,0.0016940445575009835,0.033806319602304694,0.05011029231899868,0.0016940445575009835,0.00507267686558921,0.008451309173677436,0.017908327586342476,0.033806319602304694,0.05011029231899868,0.1500511420723653,0.24999199182573192,0.5297331326513758,0.0016940445575009835,0.008451309173677436,0.017908327586342476,0.034246503439721916,0.06867314718964722,0.11419078466824563,9.008292136870995,2.990997632424924
cvarr-95d8041e7473fd5469101b71f061f35cd83849546dfa2146814205699fcda92c,global_grover,110,8603,cvar_0.10,0.0018771877617131637,0.03586230664842352,0.0523443118178703,0.0018771877617131637,0.005568644195608276,0.009260100629503389,0.01866644257009205,0.03586230664842352,0.0523443118178703,0.15527847246973084,0.2582126331215914,0.5205031219293478,0.0018771877617131637,0.009260100629503389,0.01866644257009205,0.03612741177537492,0.07506255032707543,0.1194883087897419,8.933590403815511,2.994262712936865
cvarr-d2fe9945f1215e0cb017f378cde0094ebfc41498bde4b29782fe949849a034a3,global_grover,110,8603,cvar_0.25,0.0010901370402111193,0.02300742910957934,0.04738195801969162,0.0010901370402111193,0.003267147233135657,0.005444157426060194,0.011216263422302773,0.02300742910957934,0.04738195801969162,0.14200401172920932,0.236626065438727,0.4875061602442485,0.0010901370402111193,0.005444157426060194,0.011216263422302773,0.022995699147240548,0.050430345300716176,0.09108992803003857,8.788839486653705,2.995165368037612
cvarr-0e42db359b748a8c524a7ab50296bde3477cc31d00ce7104a6f7b9502540b47f,global_grover,110,8603,cvar_0.50,0.0007243723160897163,0.016565149534650832,0.0437286916471524,0.0007243723160897163,0.002252596340999711,0.003780820365909705,0.0082680805143821,0.016565149534650832,0.0437286916471524,0.1359840631856507,0.22823943472414895,0.4991250152669617,0.0007243723160897163,0.003780820365909705,0.0082680805143821,0.016705776094515092,0.036408686240327226,0.06860285241946396,8.57219862352371,2.9931315346434872
cvarr-2a1e9e6539e085051d55333677f5eccede25592bb033125f3d80fd68eea09f5f,global_grover,110,8603,expectation,0.000478425956867079,0.008895475461072526,0.053783067466232466,0.000478425956867079,0.0013138336802109487,0.0021492414035548186,0.004347394570919072,0.008895475461072526,0.053783067466232466,0.14769684722985454,0.24161062699347663,0.4887197530861276,0.000478425956867079,0.0021492414035548186,0.004347394570919072,0.008876429754858927,0.022616754117503128,0.04490785581345895,8.855219496211914,2.994999607758398
cvarr-a7e76afdb83481bec126eba981a5e1aad7681d43a4de5d927f8d272742604551,global_grover,110,8604,cvar_0.05,0.0023136204140004487,0.04378885328113799,0.05283583014029369,0.0023136204140004487,0.006933855293858366,0.011554090173716282,0.02328147485477857,0.04378885328113799,0.05283583014029369,0.15834749654988378,0.26385916295947387,0.5316758286704677,0.0023136204140004487,0.011554090173716282,0.02328147485477857,0.044225591868004385,0.08649473621152667,0.13781801691055812,8.863751206617694,2.9924680855136647
cvarr-1f140cfe5213bd6aa0694e6ab5cf227484728c94aaa480fedf0507ac0728d31f,global_grover,110,8604,cvar_0.10,0.002715292242483588,0.056198303945575456,0.0483162667171091,0.002715292242483588,0.008410549319883704,0.01410580639728382,0.02822071483027147,0.056198303945575456,0.0483162667171091,0.14965841901614674,0.2510005713151844,0.5021631054489023,0.002715292242483588,0.01410580639728382,0.02822071483027147,0.056345789996234234,0.11738252883952394,0.1870301176201541,8.80666964737026,2.9955578709294954
cvarr-fbb5d546f2fb3c69759150ea98aedcd273aaadc51ee95de68deb7f6efe1bbc02,global_grover,110,8604,cvar_0.25,0.0011829168094003174,0.024276492383362738,0.04872684202974062,0.0011829168094003174,0.003664065225420894,0.00614521364144147,0.01246114604775376,0.024276492383362738,0.04872684202974062,0.15093058616375593,0.2531343302977712,0.5133009271262632,0.0011829168094003174,0.00614521364144147,0.01246114604775376,0.024483490721901854,0.05372072917156162,0.10141246743953186,8.650936713489376,2.994467651123519
cvarr-73b9da2f4305f9dbf0b797842a238eadb0323057068f352312e2553e62a82904,global_grover,110,8604,cvar_0.50,0.0009804529741244152,0.019382961994827048,0.0505832377108349,0.0009804529741244152,0.0029727028845910287,0.004964952795057642,0.009837428642333286,0.019382961994827048,0.0505832377108349,0.15336680149217585,0.2561503652735168,0.5075296874109702,0.0009804529741244152,0.004964952795057642,0.009837428642333286,0.0194448853438303,0.04629652443688996,0.08994023673465842,8.69017266029614,2.9954645716558606
cvarr-ba74d88d7bfa7d2df404e3f85c56ddc418928e59a2926127faa143abc95bba29,global_grover,110,8604,expectation,0.0005529604092603024,0.009875811815625114,0.05599138780524661,0.0005529604092603024,0.0016998221174713425,0.0028466838256823823,0.005496281565449606,0.009875811815625114,0.05599138780524661,0.17211973549171442,0.2882480831781822,0.5565397223095735,0.0005529604092603024,0.0028466838256823823,0.005496281565449606,0.010028569317178784,0.021113356061398837,0.04044649521998066,8.838856057256299,2.986133318326724
cvarr-6054177663be92d1b4a6c33b28fcd627cd66858a72d9c6991c621c6241a4b291,global_grover,110,8605,cvar_0.05,0.003126528408631679,0.05636126316411346,0.05547300101361839,0.003126528408631679,0.009277826212005695,0.015429124015379712,0.029344803379449266,0.05636126316411346,0.05547300101361839,0.16461352516160613,0.27375404930959385,0.5206555306257542,0.003126528408631679,0.015429124015379712,0.029344803379449266,0.056621870407720105,0.11834680195237457,0.19449984025121872,8.457089092124463,2.993900554053531
cvarr-3f61daad13e0ae23dbb1bc1dd26e087daa8968b786ec528a4eb0f958e1c60d9a,global_grover,110,8605,cvar_0.10,0.002526015396631487,0.044666117063495624,0.05655327936924988,0.002526015396631487,0.007287282824055918,0.01204855025148035,0.023559961073828357,0.044666117063495624,0.05655327936924988,0.16315013041533472,0.26974698146141957,0.5274683053451105,0.002526015396631487,0.01204855025148035,0.023559961073828357,0.044905773132837244,0.092440110972482,0.14884922497867437,8.849047579921464,2.9935312210072453
cvarr-28f22af9e1b0f121b146ebcb358fd0896002c744d485eb1427ce6b0e6b9607f4,global_grover,110,8605,cvar_0.25,0.0011218070014438588,0.022623967929641327,0.04958489178081343,0.0011218070014438588,0.0033905181666985702,0.0056592293319532826,0.011528373792435554,0.022623967929641327,0.04958489178081343,0.1498639927904248,0.25014309380003624,0.5095646275793815,0.0011218070014438588,0.0056592293319532826,0.011528373792435554,0.022709620470097773,0.052570323091621865,0.09861485653439192,8.614233628167351,2.995258034418665
cvarr-dd3fb88ca3a0902b06a524d1dab931f632b083af8065634c760c2af8b384ed03,global_grover,110,8605,cvar_0.50,0.001306995307994428,0.027295638806797758,0.04788293533796803,0.001306995307994428,0.0041823080029349926,0.007057620697875557,0.013897316213414307,0.027295638806797758,0.04788293533796803,0.1532225727537625,0.258562210169557,0.509140537496902,0.001306995307994428,0.007057620697875557,0.013897316213414307,0.02743490530733941,0.06469187841036506,0.1223815845531894,8.505758430339462,2.9948903861021794
cvarr-11b982985acc6a917f5356607bf6b82993464800ebb065dbb299487a3e788d97,global_grover,110,8605,expectation,0.0006420433158355153,0.011178413265555529,0.057435997451791114,0.0006420433158355153,0.0017295061752106234,0.0028169690345857317,0.005614585816409619,0.011178413265555529,0.057435997451791114,0.15471839644181135,0.2520007954318316,0.5022703744287265,0.0006420433158355153,0.0028169690345857317,0.005614585816409619,0.011145012906600592,0.029170687812881044,0.058178108168353046,8.569808754767438,2.9948282438972047
cvarr-8d900b97a9492ed592e0941804bb46afa3ecde58dd4ed4b3daf737b18c227075,global_grover,110,8606,cvar_0.05,0.0018968509012975165,0.0368043479597099,0.051538772086765904,0.0018968509012975165,0.005687177149376402,0.009477503397455287,0.019184491580851858,0.0368043479597099,0.051538772086765904,0.15452460007176905,0.2575104280567722,0.5212561190284724,0.0018968509012975165,0.009477503397455287,0.019184491580851858,0.03711540457443535,0.07013928638225415,0.10436549683412533,8.823867355652258,2.9940247970696783
cvarr-32e3915305cc0488df8b489bb3692ed5f246fd81f650a91313025185ca8c5f7a,global_grover,110,8606,cvar_0.10,0.001747381579663853,0.03794757672834795,0.04604725071570928,0.001747381579663853,0.005261194428311964,0.008775007276960076,0.018572715958655405,0.03794757672834795,0.04604725071570928,0.1386437523000434,0.23124025388437752,0.48943088228295334,0.001747381579663853,0.008775007276960076,0.018572715958655405,0.03795418225538999,0.08018284607685885,0.13158695965931344,8.978233461038155,2.9947496953118393
cvarr-4bccde50aac1285640fd49887951c272939c7bf106f15bb3f7a69d1de765f55b,global_grover,110,8606,cvar_0.25,0.0008838242466654274,0.01589169216046488,0.055615490014599735,0.0008838242466654274,0.002614712590306631,0.004345600933947835,0.008338050174443416,0.01589169216046488,0.055615490014599735,0.16453330230064958,0.2734511145866994,0.5246798195088812,0.0008838242466654274,0.004345600933947835,0.008338050174443416,0.01596732719991644,0.0338678707682684,0.062224109062928926,8.86259642832938,2.993788567455863
cvarr-da92fe5df72a3adc0be6506599b8046ecab281d3a7919c1009b72f43d3f9be86,global_grover,110,8606,cvar_0.50,0.0013430199632105818,0.025864864139171644,0.05192449324242202,0.0013430199632105818,0.0041036512008839135,0.006864282438557245,0.013327649577705198,0.025864864139171644,0.05192449324242202,0.15865736540518083,0.26539023756793967,0.5152800921741874,0.0013430199632105818,0.006864282438557245,0.013327649577705198,0.02603885876226635,0.05918007646364775,0.1067062659711528,8.302411101938645,2.9942921466322483
cvarr-2313ece459a8951031268cd20f25f487481bc76c13147fbfdc858043a0c39eba,global_grover,110,8606,expectation,0.0008478606682389471,0.016236347341654297,0.05221991439316916,0.0008478606682389471,0.0023647597646674428,0.0038816588610959385,0.007783274461871099,0.016236347341654297,0.05221991439316916,0.14564604432923525,0.23907217426530136,0.47937348826623916,0.0008478606682389471,0.0038816588610959385,0.007783274461871099,0.016089420542086483,0.04123101584128656,0.0777235790824369,8.489599415595631,2.993834382715949
cvarr-8baff7b148efbcfbd361df50904543c80ac50438d271edda703f069acfe131cd,global_grover,110,8607,cvar_0.05,0.0013249466496499602,0.031050210825590435,0.042671099951372575,0.0013249466496499602,0.004552768051647842,0.0077805894536457235,0.015863370745710283,0.031050210825590435,0.042671099951372575,0.14662599481919197,0.25058088968701137,0.5108941396506165,0.0013249466496499602,0.0077805894536457235,0.015863370745710283,0.03127574622380945,0.061637820771625614,0.09911699006143875,8.78060948640459,2.9941220864020894
cvarr-444d8fb700056457f37be1dec933fd913ed3678af674e2bc259c4c2c86504f4c,global_grover,110,8607,cvar_0.10,0.0021527119482018103,0.04063620428388663,0.05297522212367211,0.0021527119482018103,0.006177985823010913,0.010203259697820016,0.019925710102206597,0.04063620428388663,0.05297522212367211,0.15203156721654373,0.2510879123094154,0.49034378218508184,0.0021527119482018103,0.010203259697820016,0.019925710102206597,0.04041972062432041,0.08979331692144896,0.14930370214361305,8.831950334222313,2.995015277442023
cvarr-43a1686d5ce546e76539e9f3c228fc4bc4ba4aec84e9b41929e8b926b5f2f9a3,global_grover,110,8607,cvar_0.25,0.002997370285214004,0.05750132538214624,0.052126977339980875,0.002997370285214004,0.009179919153033657,0.01536246802085331,0.03027205071437912,0.05750132538214624,0.052126977339980875,0.15964708799362662,0.2671671986472724,0.526458312277066,0.002997370285214004,0.01536246802085331,0.03027205071437912,0.05785845960715645,0.12020496722725402,0.198138998161902,8.459622087521264,2.993719384355901
cvarr-cf0d11fc8864508dcc8f0c239a53bbab6c95afbee5bdc7f1313e3e3c67a8c632,global_grover,110,8607,cvar_0.50,0.0011191027619879468,0.02283278884259105,0.04901296857352935,0.0011191027619879468,0.0035387594486236823,0.005958416135259418,0.011712558582697492,0.02283278884259105,0.04901296857352935,0.15498586147403387,0.26095875437453836,0.5129710025106315,0.0011191027619879468,0.005958416135259418,0.011712558582697492,0.0229022754702298,0.05301015962388897,0.10328061618120596,8.682121165336959,2.9950978954619445
cvarr-817dd3d914c70329e926632cce747e40dd69ef557210972303cf38430fd2f77b,global_grover,110,8607,expectation,0.000797782616951373,0.014206017432129146,0.056158076727898555,0.000797782616951373,0.0023336927019256617,0.003869602786899951,0.007545937823113361,0.014206017432129146,0.056158076727898555,0.16427494285961158,0.2723918089913247,0.5311789781453481,0.000797782616951373,0.003869602786899951,0.007545937823113361,0.014294800248793168,0.03295398250477965,0.06186555817772346,8.508612901283705,2.9929615437564387
cvarr-00a374cc315839349966f8137a36ee523fbd2678da13e002dfd2cf90a77829e8,global_grover,110,8608,cvar_0.05,0.0014866078853007392,0.029415294708861853,0.05053860245203913,0.0014866078853007392,0.004295365239202046,0.007104122593103352,0.014643677598207172,0.029415294708861853,0.05053860245203913,0.1460248922105137,0.24151118196898824,0.49782528929739117,0.0014866078853007392,0.007104122593103352,0.014643677598207172,0.02955687596311362,0.06125636356690989,0.09473812746140406,8.896022874558948,2.995078148879422
cvarr-87a852432974081d77b95275866db2192be72e28f4a20d16799cbd8f0dbe628c,global_grover,110,8608,cvar_0.10,0.0011053380556113623,0.024217393166215562,0.04564232194707738,0.0011053380556113623,0.0035109265406229923,0.005916515025634623,0.012180817827323337,0.024217393166215562,0.04564232194707738,0.14497541153689925,0.24430850112672112,0.5029780762826351,0.0011053380556113623,0.005916515025634623,0.012180817827323337,0.024381557514423852,0.05435263236745183,0.09600111624393379,9.004452210572316,2.994774999026551
cvarr-7e7d33cb0dfd95cc95f47a72085f9b6f214c82907408967cb3b26fe536108c7b,global_grover,110,8608,cvar_0.25,0.001534073135336885,0.03296470514495026,0.04653683776607006,0.001534073135336885,0.004529830511883353,0.00752558788842982,0.015896656984287976,0.03296470514495026,0.04653683776607006,0.13741456178555447,0.2282922858050389,0.4822326459280685,0.001534073135336885,0.00752558788842982,0.015896656984287976,0.03304101194083469,0.07816851562860544,0.1428286161037466,8.285662790020426,2.9940559663928403
cvarr-2b93c44db8074603324dd4bb8e4408f3a0a8dd752101679c14c85202c93d30ea,global_grover,110,8608,cvar_0.50,0.0009632310435670829,0.02020699941154881,0.047668187836763735,0.0009632310435670829,0.003070247581386026,0.00517726411920497,0.010556856598237723,0.02020699941154881,0.047668187836763735,0.1519398065420491,0.2562114252473345,0.5224356364460631,0.0009632310435670829,0.00517726411920497,0.010556856598237723,0.02041852639756513,0.04851331322491691,0.08759231524435043,8.512261229653426,2.9933226558726274
cvarr-5d9a10af610609662741ef7ad12f94f94d3efdab846d669ca0a270fe8a0e2b0f,global_grover,110,8608,expectation,0.00034361699760389444,0.006297215686844716,0.05456649647902838,0.00034361699760389444,0.0009911101978677813,0.0016386033981316682,0.0032137777416339536,0.006297215686844716,0.05456649647902838,0.15738863763842068,0.26021077879781296,0.5103490020752727,0.00034361699760389444,0.0016386033981316682,0.0032137777416339536,0.006273782051580988,0.01615155914912899,0.0340649668856047,8.769336362322983,2.9946314478080303
cvarr-54235a14f25bec7766503221e492ae2704e57d9f30b0792da7d6d8a963a21c3f,global_grover,110,8609,cvar_0.05,0.002099950055943124,0.039346965361847036,0.05337006390788526,0.002099950055943124,0.006034906399693891,0.00996986274344466,0.020551280933145212,0.039346965361847036,0.05337006390788526,0.1533766668965446,0.253383269885204,0.5223091728713812,0.002099950055943124,0.00996986274344466,0.020551280933145212,0.039739216192762244,0.08119996164315474,0.127411007949957,8.849833572090393,2.993322840431893
cvarr-fd58d1ea74f5da8a5d8fcb11704ae1f67b96c34418ccee1dca56e6b3d037a9b0,global_grover,110,8609,cvar_0.10,0.0035386064334980392,0.06848536987164418,0.05166952358043949,0.0035386064334980392,0.010804598423697622,0.018070590413897206,0.035642614422877056,0.06848536987164418,0.05166952358043949,0.15776505907681723,0.26386059457319494,0.5204412926392706,0.0035386064334980392,0.018070590413897206,0.035642614422877056,0.06886011481077138,0.13717551044342702,0.21635808989736682,8.468109823612608,2.9944955718670587
cvarr-159e1a5a30378ef08dccd99869cf8412b8f4974d6a1000d1546bbc1f4321610c,global_grover,110,8609,cvar_0.25,0.001423132461879422,0.028870499426426246,0.049293655813129986,0.001423132461879422,0.004518497292671687,0.007613862123463952,0.015355529008665485,0.028870499426426246,0.049293655813129986,0.1565091488696499,0.2637246419261698,0.5318761127703249,0.001423132461879422,0.007613862123463952,0.015355529008665485,0.029269426517431432,0.06453571896695635,0.12212631085095235,8.689723532080809,2.9914853572992386
cvarr-deb212bb027444365f2468e6d9ad8597709fb6351d6e88b35f9e5c8416c1cedb,global_grover,110,8609,cvar_0.50,0.001993509040318674,0.04155418014904389,0.047973730516845295,0.001993509040318674,0.006153437949921555,0.010313366859524435,0.02104525833589184,0.04155418014904389,0.047973730516845295,0.14808228505172752,0.24819083958660973,0.5064534605281116,0.001993509040318674,0.010313366859524435,0.02104525833589184,0.041859362138590844,0.09043417038651855,0.16052796402481048,8.205820412803543,2.994823063724535
cvarr-41651a74b9eb6bb567ea0b8f861013dd6f8439329ded9d3fc43ed801faa2a62f,global_grover,110,8609,expectation,0.0003324331204545689,0.007263242062615992,0.04576924706469674,0.0003324331204545689,0.0010511878867401577,0.0017699426530257468,0.003522610123641141,0.007263242062615992,0.04576924706469674,0.1447270898695001,0.24368493267430344,0.4849914257672981,0.0003324331204545689,0.0017699426530257468,0.003522610123641141,0.007325208018674106,0.016237533189728967,0.03007969837506011,9.222867210942798,2.990617099136711
cvarr-b4a46ebeac0132df0a13130093cf98e23763837864385cb4f8d6eea8229d5782,global_grover,110,8610,cvar_0.05,0.002590420239799407,0.046688115292558924,0.055483504175895995,0.002590420239799407,0.00783714873067235,0.013083877221545291,0.025236581490142164,0.046688115292558924,0.055483504175895995,0.16786174985995678,0.2802399955440176,0.5405354517312103,0.002590420239799407,0.013083877221545291,0.025236581490142164,0.04715890783926414,0.09716857154160732,0.15881508683048218,8.514118474900666,2.990904435751757
cvarr-8f1cfbc4eb29b7eee33105bd6092e7b7624aa5979f9561ec2b3852ca67b1934f,global_grover,110,8610,cvar_0.10,0.002777134112524165,0.054994354726051055,0.05049853073753086,0.002777134112524165,0.008352147506082201,0.013927160899640238,0.02779216469988373,0.054994354726051055,0.05049853073753086,0.15187281581332482,0.2532471008891188,0.505363956688421,0.002777134112524165,0.013927160899640238,0.02779216469988373,0.05527916766855668,0.1172707828198474,0.191786899539482,8.531016718425024,2.995213021369042
cvarr-178dcd8b8cde61b0f085ac1b7ee1abb8d6948aac5cae6ded8c61c8681b11a493,global_grover,110,8610,cvar_0.25,0.001998784358592658,0.04039732715568526,0.04947813381042865,0.001998784358592658,0.006053405682242469,0.010108027005892278,0.02015557334186895,0.04039732715568526,0.04947813381042865,0.14984668809680274,0.25021524238317683,0.49893333943090795,0.001998784358592658,0.010108027005892278,0.02015557334186895,0.04042046461717275,0.08962773435385935,0.1545636739237145,8.611564816319028,2.995692340763022
cvarr-068e311b6ad9d1016b09e208ca7e6cb92a081237806dda00b3abb8a3496bd7fe,global_grover,110,8610,cvar_0.50,0.0010447445628066086,0.021515503366105377,0.048557756006417936,0.0010447445628066086,0.0033189910805236237,0.005593237598240639,0.010970916168780064,0.021515503366105377,0.048557756006417936,0.15426044299536226,0.25996312998430665,0.5099074830879015,0.0010447445628066086,0.005593237598240639,0.010970916168780064,0.021632612773865623,0.04578894857360312,0.08262792961154734,8.437921175407801,2.994772471466557
cvarr-b8a6dea48a6f3b136a8a41427079b49509e001490f7efae365dc3c3d3e74010a,global_grover,110,8610,expectation,0.0005259118684589714,0.010192816296416512,0.05159632560471695,0.0005259118684589714,0.0016358156616476205,0.0027457194548362695,0.005380098938633311,0.010192816296416512,0.05159632560471695,0.16048711308794256,0.26937790057116817,0.5278324245404866,0.0005259118684589714,0.0027457194548362695,0.005380098938633311,0.01020334564373463,0.025828444970417128,0.051684918017945,8.57427531490815,2.992901378224003
cvarr-c98e6af68af7a75ef07c3d0cc70108bf10dd3ce9577c26604d5089d53a1e5e13,penalty_x,110,8601,cvar_0.05,0.0024779879738161268,0.010764615140603891,0.23019754458932867,0.0024779879738161268,0.003651671311729493,0.005585813699933801,0.00789574825535117,0.010764615140603891,0.23019754458932867,0.33922915627103745,0.5189051003657562,0.7334909936137505,0.0024779879738161268,0.005585813699933801,0.007305981409274873,0.010964777193785852,0.01677167596567632,0.02372731944772114,9.26431544020871,2.5627845197677024
cvarr-d3df689838a41381805a0ce216b1efe9c15826e302a237e41512f908efbd4c86,penalty_x,110,8601,cvar_0.10,0.0005614108534534579,0.005037386972156316,0.11144882387567279,0.0005614108534534579,0.0007402757140260465,0.0012620094525219567,0.002363477690088731,0.005037386972156316,0.11144882387567279,0.14695629264097657,0.250528589424953,0.4691872399624314,0.0005614108534534579,0.0012620094525219567,0.002538806767333707,0.005382782755432904,0.011037199457945764,0.01865625370665905,9.2683322630843,2.606852413008746
cvarr-feaff700bf3b4ac0f2c5f91e574929666f7226577d814be841d2b9290712f108,penalty_x,110,8601,cvar_0.25,5.844330401916842e-05,0.002598660120359726,0.022489783700947494,5.844330401916842e-05,0.0005994663076432281,0.0007732112517623594,0.0012040452251885839,0.002598660120359726,0.022489783700947494,0.23068284418827553,0.2975422779241041,0.46333309067824957,5.844330401916842e-05,0.0007732112517623594,0.0016452904251971726,0.0028974329811083986,0.006406710964126401,0.01182951252095386,9.2709059772189,2.6425104774477677
cvarr-319cbfb8265ec80518b6147c74c03076b6f1325937ac60caba11948de5c48777,penalty_x,110,8601,cvar_0.50,0.00017750690063292424,0.0024732149518118408,0.07177172388630648,0.00017750690063292424,0.00035983096231388315,0.0006423898908158737,0.0012183854482316484,0.0024732149518118408,0.07177172388630648,0.14549118023497162,0.2597388028667983,0.49263225072251693,0.00017750690063292424,0.0006423898908158737,0.0013712489370232479,0.0024518498122650225,0.0058038309149434746,0.011143367782419507,9.270243121861238,2.8643794782708216
cvarr-1a5f80ab48f1ab4c5564209e4583ea981e8e2a7589714a63731877aaaedda39f,penalty_x,110,8601,expectation,5.440879597814025e-05,0.001212462045428758,0.04487463849550844,5.440879597814025e-05,0.00016504064969738528,0.0005140923995298361,0.0006255869327320187,0.001212462045428758,0.04487463849550844,0.1361202606874367,0.4240070041516555,0.5159641368491621,5.440879597814025e-05,0.0005140923995298361,0.0006277128331203032,0.0012077827694722137,0.003663043920971007,0.0071755587755906345,9.268436087998413,2.59489551095309
cvarr-ad2696c907d01dc1b4763ab8dab3365772ce5b5f88e6eac481e654c0e83d1715,penalty_x,110,8602,cvar_0.05,0.00048118101806109457,0.008658784605310398,0.05557142716842594,0.00048118101806109457,0.002718644959569157,0.004155457539423132,0.006243157551325338,0.008658784605310398,0.05557142716842594,0.3139753537582887,0.47991233514165554,0.7210200779791236,0.00048118101806109457,0.004155457539423132,0.006056044978250922,0.00837766027584921,0.014743862426895115,0.020215869738572523,9.25697609242201,2.553320291062697
cvarr-96717ccc42a848bcd8a79b2f88fdd607e395e1e9d7ddc50c33c540cfe0ae01b2,penalty_x,110,8602,cvar_0.10,6.750123436084425e-05,0.0052349169069284005,0.01289442326610887,6.750123436084425e-05,0.0005612595643335229,0.0018083241969172065,0.0027811779422843067,0.0052349169069284005,0.01289442326610887,0.1072146080467289,0.3454351289748064,0.5312745152847458,6.750123436084425e-05,0.0018083241969172065,0.0026883220562100027,0.005493620227549938,0.011394402732146293,0.01726276964018295,9.26514811360496,2.588573235905763
cvarr-f6e57b233b5fffaf332050c2bfa3c34e9dceba2491afb9ee781a47ad4bd6c038,penalty_x,110,8602,cvar_0.25,0.0002584278520183214,0.004471150767994563,0.057798957232263845,0.0002584278520183214,0.0012729594643399649,0.0017144618043530443,0.0024214069438357366,0.004471150767994563,0.057798957232263845,0.28470510845934255,0.3834497858192397,0.5415623559752618,0.0002584278520183214,0.0017144618043530443,0.002483891203084047,0.003746961384763704,0.0071954310582547625,0.013338867127410363,9.268229215870768,2.627956881283717
cvarr-12910b8b6a14e3dc57c9304c6ed4743fdb8f62953af7b4ac10dde550ac38e91d,penalty_x,110,8602,cvar_0.50,9.713480549444406e-05,0.0023315311819071824,0.0416613795467184,9.713480549444406e-05,0.0007028707244352331,0.0008258094619602661,0.001087350090627679,0.0023315311819071824,0.0416613795467184,0.3014631457170939,0.3541919011714686,0.46636738082920737,9.713480549444406e-05,0.0008258094619602661,0.0012755490255940151,0.002161083203061261,0.005111467733146302,0.011265922851308261,9.268773592535615,2.506844885162633
cvarr-a88922a2238e228e64ac126bec6026c6dc04f1617d1d0cacde416cc0c1dcc929,penalty_x,110,8602,expectation,0.00025924221507870785,0.002148320389858203,0.12067204514863762,0.00025924221507870785,0.0005160456989478102,0.0006632876566210834,0.0013766928026757237,0.002148320389858203,0.12067204514863762,0.2402089098925655,0.30874708435126047,0.6408228535998722,0.00025924221507870785,0.0006632876566210834,0.0008920097184169785,0.0021620905127408357,0.004089011711293722,0.007613840627572005,9.26993909248204,2.3096051198888423
cvarr-5c7e6959ae7141fe38a1ec1477e61edb858546d44c4eb5be3a2f1a51d2bf32b2,penalty_x,110,8603,cvar_0.05,4.2475848948682534e-05,0.007332011692048382,0.005793205293814232,4.2475848948682534e-05,0.0006927091619228149,0.0022096040495765057,0.005571087744349425,0.007332011692048382,0.005793205293814232,0.09447736733345131,0.3013639560849087,0.7598307229094177,4.2475848948682534e-05,0.0022096040495765057,0.00524261962868433,0.007898698202740115,0.01507797761011069,0.020772432362553325,9.262277723348824,2.593641661738084
cvarr-7e335a84a9b841f13fcf266f3a6155f425ef2e1e8c90ff110c2b54bd02c013e8,penalty_x,110,8603,cvar_0.10,0.0005537886940121994,0.004335773180146567,0.12772547617296692,0.0005537886940121994,0.0012474854750051606,0.0016318877556701073,0.0021102097046824804,0.004335773180146567,0.12772547617296692,0.28771926555507465,0.37637756586126186,0.48669743941982374,0.0005537886940121994,0.0016318877556701073,0.001992696607652541,0.004145060562595429,0.009622266465868874,0.019400565551594383,9.268023795746593,2.6465769704662194
cvarr-d0f293dd7781c1fa46a7651799a0083ae1f4639ceef0a8c3697a0f37e487fcbe,penalty_x,110,8603,cvar_0.25,5.704485617324921e-05,0.00301753487562831,0.018904456294435157,5.704485617324921e-05,0.00017658617559764852,0.0004863760026634055,0.0011705673885920049,0.00301753487562831,0.018904456294435157,0.0585200114914595,0.16118322495349202,0.387921743024849,5.704485617324921e-05,0.0004863760026634055,0.001190731310250669,0.0031961514294393876,0.00705663630516515,0.013665829656120522,9.270532464937705,2.676838868342925
cvarr-6a2e9548aa2a4c2c6c25436400e5dbff15471d804e4a38f36de13a4b502ae2db,penalty_x,110,8603,cvar_0.50,1.426398929960813e-05,0.002155152198988541,0.006618553114857747,1.426398929960813e-05,0.0002555011249346178,0.00036701024717895414,0.0012906871324132553,0.002155152198988541,0.006618553114857747,0.11855363396354557,0.170294351995743,0.5988844467778203,1.426398929960813e-05,0.00036701024717895414,0.0009528184796648664,0.002204629298187718,0.004882012671900492,0.008993403814270318,9.272917448238474,2.496169906187287
cvarr-7a6ab1409cfb6f3cce7d1da105f566ac9dc6b868b7d8fcc2aa270139fba626d0,penalty_x,110,8603,expectation,0.0004335385675477086,0.0018994853884902409,0.2282400118340979,0.0004335385675477086,0.0006169555046494912,0.000811952357410076,0.0011096046297417524,0.0018994853884902409,0.2282400118340979,0.3248013953610157,0.42745912252340956,0.5841606555466553,0.0004335385675477086,0.000811952357410076,0.0010433228329009465,0.0020823977279996854,0.004331087191599232,0.007988117829637896,9.270446094841068,2.4669346155439604
cvarr-96932c1703c66af1db4c7d2911d467c88c46496c1c03edf91982009979f20385,penalty_x,110,8604,cvar_0.05,0.00017138577730331319,0.011303155605882994,0.015162648669024023,0.00017138577730331319,0.0020656029031696165,0.004907496922676054,0.007164918034621188,0.011303155605882994,0.015162648669024023,0.18274568405432948,0.4341705178438694,0.6338865255373497,0.00017138577730331319,0.004907496922676054,0.006636510513469177,0.010988832941061644,0.016333174995370188,0.021591573688728622,9.256960356431527,2.568386989102503
cvarr-199712421cbabe2a40513336b8afc39deb1c4475cd51f2d5f93c731d77de8355,penalty_x,110,8604,cvar_0.10,3.896927055360399e-05,0.006164864139707652,0.0063211888649101645,3.896927055360399e-05,0.0010034027373925394,0.0016435296046320895,0.0033677709685354306,0.006164864139707652,0.0063211888649101645,0.1627615328827218,0.2665962407908033,0.5462847018547818,3.896927055360399e-05,0.0016435296046320895,0.003082452099740731,0.005995624392365633,0.011299671588729568,0.018023352560156528,9.265980624509824,2.6329671549852893
cvarr-92af9c5be02abbddd8c558cb827260f90240eef9da5a7d5c20f2a1335056e802,penalty_x,110,8604,cvar_0.25,0.0002980500272745286,0.0033947901562363845,0.08779630361747018,0.0002980500272745286,0.0006227753644711456,0.0008733902570401442,0.0021054286820780077,0.0033947901562363845,0.08779630361747018,0.18345032706280207,0.2572737096682357,0.6201940577122975,0.0002980500272745286,0.0008733902570401442,0.0022350378736450496,0.003513422705014538,0.006632482775435975,0.01288711778678063,9.265289513098203,2.6444679157264415
cvarr-2de6ba369ed63d3495f8c0adf219c602c238da007e4e67b817e964e9a63f2ec3,penalty_x,110,8604,cvar_0.50,0.00016305951337656013,0.0023278346959391123,0.07004772016716482,0.00016305951337656013,0.00034258289068544263,0.0004397770780352284,0.001143609163283943,0.0023278346959391123,0.07004772016716482,0.14716804903848008,0.18892109426945813,0.49127593350118864,0.00016305951337656013,0.0004397770780352284,0.00116230906711629,0.002161503118409433,0.0051508322653084585,0.009616524215920148,9.279242199744989,2.6900355133833416
cvarr-53aa021a122d2f8734e0c3ccb69624f6318207c154ba13c377f0e8806a22f970,penalty_x,110,8604,expectation,8.503431079058593e-05,0.0018433733000408333,0.04612972900752241,8.503431079058593e-05,0.000595811616993641,0.0006971141784709817,0.001335198031383055,0.0018433733000408333,0.04612972900752241,0.32321810073979207,0.378173090852265,0.7243231912675954,8.503431079058593e-05,0.0006971141784709817,0.001530499532379358,0.002559530357899855,0.0044846857971963154,0.00923807667325891,9.27091577586182,2.5946642801850164
cvarr-42babf9db9092f0c70d7c1249f7fedb12d5de29b8ca687d2cf783859c31d3230,penalty_x,110,8605,cvar_0.05,0.0002046618163007068,0.00936735301374828,0.02184841502186676,0.0002046618163007068,0.0017599383008696993,0.003621323438287062,0.006480753450596979,0.00936735301374828,0.02184841502186676,0.1878800017770946,0.38658983311209866,0.6918446909265941,0.0002046618163007068,0.003621323438287062,0.0063047427136165065,0.008660640920443705,0.016160934218925567,0.02169937208624156,9.263756672975173,2.6221434180732874
cvarr-4057c448f371285ff4b78f104d9c0b9809000ae8514fcdcfea8ba479aabbf514,penalty_x,110,8605,cvar_0.10,0.00010886117646279106,0.0036845037600245416,0.029545682011209554,0.00010886117646279106,0.0006314450419009029,0.0014872897559908246,0.0023797171012588016,0.0036845037600245416,0.029545682011209554,0.17137858529331423,0.40366080559541023,0.6458718069656553,0.00010886117646279106,0.0014872897559908246,0.002383566525512155,0.003625834775924747,0.009225561006611514,0.01694020578177391,9.273665545429864,2.6306164561467513
cvarr-b10058daa6c8ec246a1cac66b836013442bf671e485a6169fed2d43b876c512c,penalty_x,110,8605,cvar_0.25,7.940310691653847e-05,0.003029028341641121,0.026214052151627622,7.940310691653847e-05,0.00037528696737552827,0.0005350264720917768,0.0009532126172371371,0.003029028341641121,0.026214052151627622,0.12389681608994078,0.17663303599262484,0.31469253824171506,7.940310691653847e-05,0.0005350264720917768,0.001094124139667604,0.0031900907180346587,0.00740271605539462,0.012854959769396032,9.269836925504151,2.2300217751260956
cvarr-758f02560b224a91735e0901588d274227d0b9dc15699346f2420556e865945e,penalty_x,110,8605,cvar_0.50,4.4945813005557e-05,0.0020899535648352683,0.021505651494749676,4.4945813005557e-05,0.00011226470400512153,0.00028278741446256307,0.0008430386674243075,0.0020899535648352683,0.021505651494749676,0.05371636283888935,0.13530798923987222,0.4033767455932718,4.4945813005557e-05,0.00028278741446256307,0.0008611308633378174,0.0017310066812501997,0.004750843158319246,0.009160282937083078,9.278102688452163,2.600768289658781
cvarr-6671718be2b3c37262fa9170f769540d30d657109d13c46e7b9cf04837020507,penalty_x,110,8605,expectation,0.00017765024868987315,0.0018427144526341316,0.09640682441922832,0.00017765024868987315,0.00022154655149937238,0.00029561657654854514,0.0010160794708275146,0.0018427144526341316,0.09640682441922832,0.12022836809179796,0.16042451727991053,0.5514036476867291,0.00017765024868987315,0.00029561657654854514,0.0008303489029799497,0.0016948506114626259,0.004224309829390879,0.008301848834943998,9.26784356700146,2.4244809786301422
cvarr-35235eecaa2383274e673a67ac62baa11789279a6956e0126e46beefe5b05a97,penalty_x,110,8606,cvar_0.05,0.0007292511080287073,0.010563762320698177,0.06903327487781927,0.0007292511080287073,0.0008742574450314513,0.0030276539353227255,0.00557769591378468,0.010563762320698177,0.06903327487781927,0.08276004500011035,0.28660754032589997,0.5280027838998218,0.0007292511080287073,0.0030276539353227255,0.00564323019687932,0.01039219062676458,0.01507105575237428,0.02148816204608973,9.267574067902071,2.6243833949584663
cvarr-529de052dba7e9e20a131e87f8643f0387b55a2c2ddc728110fc55c3ef1c423c,penalty_x,110,8606,cvar_0.10,0.00040285948954642774,0.004989768980860552,0.08073710247742757,0.00040285948954642774,0.0008897820163402892,0.0011581878908381723,0.0019466417850758414,0.004989768980860552,0.08073710247742757,0.17832128496394525,0.2321125277103365,0.3901266356303568,0.00040285948954642774,0.0011581878908381723,0.0016982050140339948,0.0035601499665334655,0.008859223395202606,0.0162007673338281,9.27601755796777,2.6631429246656717
cvarr-704c3cfb38e5bc46bb7ce2dca934e0c7d4ad6969fc00011d3c1d98163f565b6a,penalty_x,110,8606,cvar_0.25,0.0004968454623314007,0.0036014818157609797,0.13795584366331698,0.0004968454623314007,0.0005907202902814812,0.001318323259228631,0.0018652248564451786,0.0036014818157609797,0.13795584366331698,0.16402145575089186,0.3660502333954098,0.5179048380259733,0.0004968454623314007,0.001318323259228631,0.0016276756495963768,0.003579326999277414,0.006515121781153838,0.011834529323159251,9.266609486994051,2.5255779440533117
cvarr-0a59baef4651847f2fdef943d956f0a1e37076c8ff07b69559814bb8380d922c,penalty_x,110,8606,cvar_0.50,6.091465445541175e-05,0.0019191718809672242,0.03174007240284908,6.091465445541175e-05,0.0001858245286199214,0.0003852074043634785,0.0011127944463644427,0.0019191718809672242,0.03174007240284908,0.09682537060008901,0.200715427410984,0.5798305286776172,6.091465445541175e-05,0.0003852074043634785,0.0014663410297786387,0.0022141446601595164,0.005405927201522504,0.009973489241269904,9.264227008705534,2.5832560394453004
cvarr-2ac6d31501763365675e447b109870e7b7f9176f9d17821ec0036618f7fc5bfe,penalty_x,110,8606,expectation,4.435980076856337e-05,0.0012018262919970372,0.03691032644563972,4.435980076856337e-05,0.00016223649749661612,0.00039503913412944716,0.000532631037454106,0.0012018262919970372,0.03691032644563972,0.134991636126576,0.3286990281041555,0.443184710636551,4.435980076856337e-05,0.00039503913412944716,0.0005024858301839897,0.001178432188075109,0.003745607076018605,0.008015036509150494,9.276712611382624,2.7236556892991506
cvarr-f244a7f7be41d9a321cba63c842f68296f018295852ac61d5b8f0f70198a4e78,penalty_x,110,8607,cvar_0.05,0.00033565054355210936,0.010179571498520012,0.03297295407777321,0.00033565054355210936,0.0010389576990319773,0.002538201190908537,0.005921712778418977,0.010179571498520012,0.03297295407777321,0.10206300915348249,0.2493426360115022,0.5817251521127312,0.00033565054355210936,0.002538201190908537,0.004782438695380598,0.010111209324839882,0.016129038724441352,0.02256543722297847,9.269595722751664,2.7407357983579543
cvarr-91f82f3e75c34b24739d19d97adaa303ee9cb19ef3891f0a9354adcacfe9fa36,penalty_x,110,8607,cvar_0.10,1.7666727790184763e-05,0.004935488584946916,0.0035795296627911823,1.7666727790184763e-05,0.0009657183351912434,0.00184312484585739,0.003661919310249177,0.004935488584946916,0.0035795296627911823,0.19566823396910568,0.3734432395363779,0.7419567986476385,1.7666727790184763e-05,0.00184312484585739,0.0033257088087807335,0.0049438587744791195,0.00992194767097893,0.018045862312904084,9.273716552569358,2.573857991591502
cvarr-b9432b61f79f46591a16ccc2174f9e097f6c4ad20b9ee9e34d0fa8244f8ad22b,penalty_x,110,8607,cvar_0.25,0.00024982259890792295,0.002710092504801773,0.09218231424399144,0.00024982259890792295,0.0008798240802341367,0.0016458512820930575,0.001972765718167824,0.002710092504801773,0.09218231424399144,0.3246472504813966,0.6073044662412517,0.7279329818714508,0.00024982259890792295,0.0016458512820930575,0.0021475044772311033,0.0028170050365709486,0.007478284470525581,0.013653952348557352,9.269637494287416,2.4660725803946106
cvarr-3055513b92d0aba50193dbf5e22045b3e5b918f74ac7d76e57c3f4989f0c8a56,penalty_x,110,8607,cvar_0.50,0.00012286233423419667,0.0026695389201971094,0.046023803325978455,0.00012286233423419667,0.0005516252288689773,0.0009845321317232497,0.0014191803845950346,0.0026695389201971094,0.046023803325978455,0.20663689324606183,0.3688023142403016,0.5316200388980459,0.00012286233423419667,0.0009845321317232497,0.001661042993100922,0.0027727638640983603,0.005002580031298452,0.009294036241240821,9.265486754856083,2.804439747073333
cvarr-9c2a99d735c0d9a1051c1648b03fed7664855bdc7e351a09bd430d4979a8ab6e,penalty_x,110,8607,expectation,6.638303384792269e-06,0.001155556596759531,0.005744680445257055,6.638303384792269e-06,0.00021597312825691545,0.0003222200657777353,0.00044675733060786356,0.001155556596759531,0.005744680445257055,0.1868996541256032,0.27884403644211003,0.3866165723606118,6.638303384792269e-06,0.0003222200657777353,0.00047885162535088466,0.0011600828863474837,0.003055088526701826,0.007168985788795443,9.276656373626576,2.5874352829737193
cvarr-1d4f860c6b23fff81b38665183de332686940b9427a195959f14b419f40fdf68,penalty_x,110,8608,cvar_0.05,0.00030154769041283296,0.00953433291104701,0.031627560441427734,0.00030154769041283296,0.0007885185915392257,0.001440371178804517,0.005028264606366993,0.00953433291104701,0.031627560441427734,0.08270306888755731,0.15107204586234058,0.5273850465763541,0.00030154769041283296,0.001440371178804517,0.004080240967435426,0.0087690433576883,0.014881658981214962,0.02256331072135087,9.262379271962981,2.5742976546992593
cvarr-bf7a792bfa42eb5d8211a213fafebcb30cce82b778ebb9a69d9ec1e43f9bacdf,penalty_x,110,8608,cvar_0.10,0.00014247150904116434,0.007337562177504269,0.01941673618493592,0.00014247150904116434,0.001196540555317517,0.0020086308173768806,0.0032699958957805174,0.007337562177504269,0.01941673618493592,0.16307058480347997,0.2737463436473499,0.4456515415713648,0.00014247150904116434,0.0020086308173768806,0.0030913613133460413,0.0060175189840492626,0.013807690568078122,0.020191459780817402,9.263754155325557,2.7157713095117173
cvarr-2313d414e3bf787b9cf4d8dc589a72d011cda97c878ad21b3da490a270d2123d,penalty_x,110,8608,cvar_0.25,7.937121608759752e-05,0.0029920251226309984,0.026527590121904948,7.937121608759752e-05,0.0004895924718739651,0.0006750832582600801,0.0017441263059738699,0.0029920251226309984,0.026527590121904948,0.1636324735948234,0.22562753673219643,0.5829250205092513,7.937121608759752e-05,0.0006750832582600801,0.0017261505672275996,0.0029882872595578588,0.006263956118501587,0.011928708309399494,9.269006168295252,2.7217506268666884
cvarr-ad0e5501f61af4ed909e7712c4bb5fafef8606b8598f4ba235d02d5065f604ed,penalty_x,110,8608,cvar_0.50,0.00022327663269191365,0.003249406780810933,0.06871304448875187,0.00022327663269191365,0.0006067310262446082,0.0007766722329617114,0.0011417525405901954,0.003249406780810933,0.06871304448875187,0.18672055152577427,0.23901969970281234,0.3513726097122428,0.00022327663269191365,0.0007766722329617114,0.0013312085993585974,0.003192586147533979,0.006732147024071108,0.010531108791535425,9.273201795767353,2.5725565866953892
cvarr-05c529464c8fd6e3f25ce43582bc5e0930b48e074d5667389a129c41ec37c265,penalty_x,110,8608,expectation,4.3427712274204166e-05,0.0015993247363103298,0.027153780147484406,4.3427712274204166e-05,0.00023779688259195804,0.00026716518244982747,0.0006535601423554253,0.0015993247363103298,0.027153780147484406,0.14868580294741118,0.16704874024907676,0.40864755450678514,4.3427712274204166e-05,0.00026716518244982747,0.0003941514703701557,0.0013509010920020026,0.004785822842570503,0.008035081497246375,9.276699332677792,2.5529450905262387
cvarr-844d5244f5027a32a717dfdac2c6d58e7f45c857b01f9a5303da5125ce4b1a2d,penalty_x,110,8609,cvar_0.05,0.0008023458323560177,0.009865064525149616,0.0813320409927931,0.0008023458323560177,0.0015787099974590125,0.004661762499750498,0.005996545900637905,0.009865064525149616,0.0813320409927931,0.16003037724024105,0.47255266175563065,0.6078567337649482,0.0008023458323560177,0.004661762499750498,0.006616861303323352,0.010152646068483985,0.016061193857537657,0.02197435991213121,9.268134685926263,2.554280775768634
cvarr-81343f74aafd948ab9de434dea66467074c55e3dbd7cbf0ef76ac9b38611940b,penalty_x,110,8609,cvar_0.10,0.000439243313711043,0.005545692988787271,0.07920440503993649,0.000439243313711043,0.0007205646609962153,0.000868984214081447,0.002081137052353005,0.005545692988787271,0.07920440503993649,0.12993230286153795,0.1566953338092154,0.37527087355192856,0.000439243313711043,0.000868984214081447,0.002193183147001344,0.005876244061093498,0.01010279863766298,0.016966242257581376,9.266625916194531,2.4962001266061957
cvarr-5995fc29bf5f820f1526b3393f81e462c2a34f1b11fc7340ce0bca1bad50b4b8,penalty_x,110,8609,cvar_0.25,2.8114392422765094e-06,0.001986739652199801,0.0014151019934411468,2.8114392422765094e-06,0.00014600622421616355,0.0004827427369987557,0.0006635568860498411,0.001986739652199801,0.0014151019934411468,0.07349036601474147,0.24298238395969132,0.33399287386000637,2.8114392422765094e-06,0.0004827427369987557,0.0006947903848217558,0.0019970527490818413,0.005862082688375544,0.01096280636211637,9.27665134567128,2.2669676165179458
cvarr-671ec867edabbea9c1557001bf25cdf35dc0a2b17a26a668fd9738df109988f7,penalty_x,110,8609,cvar_0.50,4.593060727521855e-05,0.0026588322785773334,0.01727472907760648,4.593060727521855e-05,0.00034916159130047485,0.00044184712125102505,0.0011568066159354097,0.0026588322785773334,0.01727472907760648,0.13132140530778474,0.16618089257117227,0.43508070262874365,4.593060727521855e-05,0.00044184712125102505,0.001012443254653627,0.002369233275433973,0.006065925975801466,0.011715809911163343,9.269754762131353,2.6853102073214776
cvarr-48c0e81b0e5314e7336022ba5e249666d290bfb28145a741c3c5d45d64be447e,penalty_x,110,8609,expectation,5.577113472055909e-05,0.0012958101138100854,0.04303958900010016,5.577113472055909e-05,0.00027718330579390026,0.00030928940255437457,0.0005416753121343948,0.0012958101138100854,0.04303958900010016,0.21390734864608751,0.23868420168829166,0.4180205929568651,5.577113472055909e-05,0.00030928940255437457,0.0006298770477878555,0.0013538668902479234,0.0027500019551672467,0.006933310636225858,9.272375661321217,2.673060897687314
cvarr-d506e1933d12a826dc7d2b99593c0fda0f72c0d23a2581eead415a26b3923400,penalty_x,110,8610,cvar_0.05,3.432528787015347e-05,0.006640347357688395,0.005169200648880305,3.432528787015347e-05,0.0003938860142787219,0.001164831665137575,0.0028238003483483294,0.006640347357688395,0.005169200648880305,0.059317079824546946,0.17541727900557758,0.42524889079467326,3.432528787015347e-05,0.001164831665137575,0.003693760261273914,0.008428449258364043,0.016105605473297858,0.02180857366041941,9.257816154467495,2.676882603872552
cvarr-76372716480e6ddfdd59698cf47e3e50e90f9687e9f678ca560ba743729ae752,penalty_x,110,8610,cvar_0.10,0.0004889168170338433,0.005324838185366828,0.0918181548459884,0.0004889168170338433,0.0016470855446859447,0.0019026511287512013,0.0036273103883668286,0.005324838185366828,0.0918181548459884,0.30932123894624547,0.3573162343186073,0.6812057497512374,0.0004889168170338433,0.0019026511287512013,0.0036185611377895542,0.0056053544443504895,0.010486677378305491,0.01757201836485504,9.27386943474725,2.6820193938843824
cvarr-40111480f36ae3e6e0b9f108db1a0129df12b935a1717624966ee934d6b850c9,penalty_x,110,8610,cvar_0.25,5.731293927395274e-05,0.00213869590550141,0.02679807780363984,5.731293927395274e-05,0.0003220257305677341,0.0003741510456352401,0.001009100159072765,0.00213869590550141,0.02679807780363984,0.15057106984652702,0.17494354605196744,0.4718296586611666,5.731293927395274e-05,0.0003741510456352401,0.0007749312691338322,0.0021679452264333444,0.005991057352373715,0.011296040261149495,9.263980023827001,2.642308321915901
cvarr-98ce86cf0082b4a6cf7911e6ca5dec97e2dc69e5b550385de57129cafa924392,penalty_x,110,8610,cvar_0.50,8.89179904132386e-05,0.0016726135609138413,0.053161108154986966,8.89179904132386e-05,0.0005173886913288832,0.0006786970447804558,0.0009880936892774205,0.0016726135609138413,0.053161108154986966,0.309329484956588,0.40577038273541566,0.5907483428136086,8.89179904132386e-05,0.0006786970447804558,0.0008803968645212202,0.0017236918613782685,0.004573978533329596,0.007806356449512765,9.274167592448661,2.613342361562796
cvarr-29a0afdd84e636c7821dc92be067cae16c1fc3b5d8bd8a1419915ea36e44ecc4,penalty_x,110,8610,expectation,1.1213519001414508e-05,0.001181056398424036,0.009494482241811205,1.1213519001414508e-05,8.067390413857493e-05,0.0002828392573737011,0.0006297243214287123,0.001181056398424036,0.009494482241811205,0.06830656372229439,0.23947989084273433,0.5331873416620886,1.1213519001414508e-05,0.0002828392573737011,0.0005244381093199803,0.0010689333340860611,0.004577016316015039,0.009186894370624662,9.272059317479847,2.7249058902792864
cvarr-8515b200c01f7523fcb7d1af1cb42e6a62ca5d908f61adad2c0c9351655eb2b0,global_grover,50,8701,cvar_0.10,0.0007705748075382623,0.0156611483765148,0.049202956833855394,0.0007705748075382623,0.0023322069943819607,0.0038938391812256595,0.00779647516622824,0.0156611483765148,0.049202956833855394,0.14891672936828182,0.24863050190270825,0.49782269976572757,0.0007705748075382623,0.0038938391812256595,0.00779647516622824,0.015620462720117825,0.03890662091907999,0.07210188925311774,8.849690050469096,2.9955970041099813
cvarr-e87ec4650d3910efb8d65b62329df4fe0e8ce2cb3379ce8da46cf9957ee49b18,global_grover,50,8701,expectation,0.00023190332200550762,0.004815344447994487,0.048159238557086315,0.00023190332200550762,0.000719128728387135,0.0012063541347687623,0.0023389249057581725,0.004815344447994487,0.048159238557086315,0.1493410774979224,0.25052291643875846,0.4857232812768559,0.00023190332200550762,0.0012063541347687623,0.0023389249057581725,0.004807997748546942,0.011923718835826193,0.023923871631724526,9.087066315827194,2.994151984673005
cvarr-ab4bfc9be451a1e20d97e36e3d81b7d29f6ee24ff9db30d22578bd77d3f90b83,global_grover,50,8702,cvar_0.10,0.0006669179339732751,0.014494659327999319,0.04601128725288427,0.0006669179339732751,0.002104722403072889,0.0035425268721725033,0.007288845211075904,0.014494659327999319,0.04601128725288427,0.14520675204881836,0.24440221684475244,0.5028641961247098,0.0006669179339732751,0.0035425268721725033,0.007288845211075904,0.01461134368011393,0.03140940252936007,0.05520789083146513,8.620604989432447,2.994449760150024
cvarr-3cbb5e94a2ffe119a4116c5aac522fc25f97361c323181aa51894e7ebc46401b,global_grover,50,8702,expectation,0.00039107354391001585,0.007052194538333109,0.05545416278355417,0.00039107354391001585,0.001117090209951833,0.0018431068759936506,0.003608411711023131,0.007052194538333109,0.05545416278355417,0.15840320397852695,0.26135224517349975,0.5116721740174843,0.00039107354391001585,0.0018431068759936506,0.003608411711023131,0.007061746697247429,0.017235962831528274,0.033033391653593196,9.19229412510833,2.995181918766954
cvarr-b087b784a42596aa1a2c170a1c145f98c14866a94b521f4ff096600a8e40f2b2,global_grover,50,8703,cvar_0.10,0.0009482180075458798,0.01920364766824393,0.049376973787844405,0.0009482180075458798,0.002979211870474117,0.005010205733402355,0.009702238938407737,0.01920364766824393,0.049376973787844405,0.15513781141697805,0.2608986490461117,0.5052289599361804,0.0009482180075458798,0.005010205733402355,0.009702238938407737,0.019246247532970502,0.04491394834665387,0.08360397452619152,8.529049815271158,2.995058793200629
cvarr-d789209c606acb2eb97007e4c2a4519c40d7cc5ca51ba79f6a7f5d7fa1d510bd,global_grover,50,8703,expectation,0.0004153656932357031,0.008038357644195755,0.05167295505141222,0.0004153656932357031,0.0012161808107312233,0.0020169959282267435,0.003953108013557635,0.008038357644195755,0.05167295505141222,0.15129717593610545,0.25092139682079867,0.49178055873292104,0.0004153656932357031,0.0020169959282267435,0.003953108013557635,0.00804135341710263,0.01985922471285969,0.03753340924897375,9.008629145711701,2.9949341747895835
cvarr-da82994fbf427526b4d014e77b12c55b6f6b2c7c7aa5f94a2361ac9657558d8d,global_grover,50,8704,cvar_0.10,0.0007327435880853081,0.013672759725174774,0.05359149160912661,0.0007327435880853081,0.0021167951327996813,0.0035008466775140546,0.006862872011308496,0.013672759725174774,0.05359149160912661,0.15481842549329397,0.25604535937746137,0.5019375860655497,0.0007327435880853081,0.0035008466775140546,0.006862872011308496,0.013685683401859845,0.03113302426907283,0.05438494081538159,9.004230640324995,2.995463166197197
cvarr-0606be47cddd24855d09054f83690fdcf5135121d31f44aa10a525b51b30e9fb,global_grover,50,8704,expectation,0.0003336774123847425,0.005813363777895893,0.057398336855072014,0.0003336774123847425,0.0009450089083558577,0.0015563404043269728,0.0029508350732432792,0.005813363777895893,0.057398336855072014,0.1625580205300514,0.26771770420503077,0.5075951180731569,0.0003336774123847425,0.0015563404043269728,0.0029508350732432792,0.005795452396693473,0.014913810743061034,0.02788955965468915,9.120109356349285,2.994581575149638
cvarr-1bdefb28853351d6269e369933d34b6726420ef27c5da4780b0b30f3a9de70a2,global_grover,50,8705,cvar_0.10,0.0009556696256336823,0.019146870164665743,0.04991257669868708,0.0009556696256336823,0.002939966078697288,0.0049242625317608936,0.009728608429525047,0.019146870164665743,0.04991257669868708,0.15354812841018772,0.2571836801216884,0.50810437141202,0.0009556696256336823,0.0049242625317608936,0.009728608429525047,0.019216535094862767,0.04295208681852379,0.07802609744140734,8.919767704478907,2.99535080413385
cvarr-6cd8c600f6c9f0e65059066bcd8365c6eb56a5f79bf13018ddb3f2b75ce65b7b,global_grover,50,8705,expectation,0.000395821879026095,0.007847329440152144,0.050440329037392984,0.000395821879026095,0.0011921578272784097,0.0019884937755307243,0.003936600377949985,0.007847329440152144,0.050440329037392984,0.15191892176445904,0.2533975144915251,0.5016484152949825,0.000395821879026095,0.0019884937755307243,0.003936600377949985,0.007843736757164465,0.020129115181587838,0.03734468151605374,8.985390891732745,2.9956975014543943
cvarr-330db87991bfe10afe8b305e268e406be42f74510e6c1dcd065cb1a8f1c7cc20,global_grover,100,8701,cvar_0.10,0.001914632491071479,0.03751472712353178,0.05103682307928855,0.001914632491071479,0.0058343322274468975,0.009754031963822315,0.019231608469390607,0.03751472712353178,0.05103682307928855,0.15552111596694004,0.26000540885459156,0.512641566232458,0.001914632491071479,0.009754031963822315,0.019231608469390607,0.03764814499512294,0.0800587396939825,0.13576407504652593,8.512908713752449,2.99521865794647
cvarr-f0f52d248214a5f4aa3c2d377535eed10146bf31205ffddb8bc32b499f57a122,global_grover,100,8701,expectation,0.000972634817022093,0.016068257622806396,0.06053144278951496,0.000972634817022093,0.0025875768704177763,0.0042025189238134595,0.008376425573192193,0.016068257622806396,0.06053144278951496,0.16103655611950812,0.26154166944950125,0.5213026682683478,0.000972634817022093,0.0042025189238134595,0.008376425573192193,0.016145620579458383,0.038640532987342345,0.07325501429813328,8.350602542584419,2.993613982611209
cvarr-970dfacbeb6ca72cb92f0c8c72da34a4713bcdd5d56a931ea45b2a4abe57f5db,global_grover,100,8702,cvar_0.10,0.002317716141985737,0.042795099484273146,0.054158447343660904,0.002317716141985737,0.006826784448056948,0.01133585275412816,0.022284791873337977,0.042795099484273146,0.054158447343660904,0.15952257455472763,0.2648867017657943,0.5207323301474613,0.002317716141985737,0.01133585275412816,0.022284791873337977,0.043094544592435016,0.08969387809468089,0.14501914736733196,8.675213593442866,2.994258948759255
cvarr-8c2bb817fa27e1775339785891818401f92f5427214da3887714aa7d504405cb,global_grover,100,8702,expectation,0.0003126489762855088,0.006138672607532677,0.05093103937516748,0.0003126489762855088,0.0009073076086523483,0.0015019662410191879,0.0030540229794174282,0.006138672607532677,0.05093103937516748,0.14780192179315838,0.24467280421114926,0.4975054339385815,0.0003126489762855088,0.0015019662410191879,0.0030540229794174282,0.006148967881934198,0.015041438610912106,0.028344847645287483,9.025448907805552,2.995556163775105
cvarr-5a75aefa403136d84121495c6f2c4fa779e8712e272403d625df4918a8374d54,global_grover,100,8703,cvar_0.10,0.0007224711388433533,0.01696935036050919,0.04257506171389312,0.0007224711388433533,0.0023663426333322556,0.004010214127821158,0.008127172272824697,0.01696935036050919,0.04257506171389312,0.13944803914469064,0.23632101657548815,0.47893243407467895,0.0007224711388433533,0.004010214127821158,0.008127172272824697,0.01697766430820105,0.04009455752102687,0.0786497597395554,8.860372394369723,2.9935556948063318
cvarr-ec84231d6a2d017c1e9b94b3d2aed55eea730bf1391342f8982f7393413cc0f4,global_grover,100,8703,expectation,0.0003207924335535712,0.00784846541255255,0.04087326842780086,0.0003207924335535712,0.0009981577479710574,0.0016755230623885435,0.0036206711386632447,0.00784846541255255,0.04087326842780086,0.12717871526510652,0.21348416210241214,0.4613221755265017,0.0003207924335535712,0.0016755230623885435,0.0036206711386632447,0.007816572793089104,0.021437582646490184,0.045895411988678955,8.72785372615606,2.99092777971219
cvarr-115766995af673fee5fbce9df89bc3c6b5234d4471d3d1cf1da28e1b6cc88a3c,global_grover,100,8704,cvar_0.10,0.0013866581988687557,0.02813938864648991,0.04927819208473552,0.0013866581988687557,0.004234340557678523,0.00708202291648829,0.014231622852049649,0.02813938864648991,0.04927819208473552,0.15047734728262163,0.25167650248050777,0.5057545148133448,0.0013866581988687557,0.00708202291648829,0.014231622852049649,0.028310193799109235,0.06143137700485441,0.10538733139727019,8.87020304977408,2.995077609062508
cvarr-c903b0dee3a2a85f009b7b608efde5abc86d64cd367ed1f6d3d7de907a43997d,global_grover,100,8704,expectation,0.00033790216110774667,0.006535921103597781,0.05169924112482694,0.00033790216110774667,0.0010328591766175983,0.0017278161921274499,0.0032201741861700283,0.006535921103597781,0.05169924112482694,0.15802809737850843,0.2643569536321899,0.49268865629321057,0.00033790216110774667,0.0017278161921274499,0.0032201741861700283,0.006483678827058997,0.016719206509350947,0.03568437259938073,8.901596438343539,2.9935716824916496
cvarr-8b942c3354b1551884f6b98943fee9f6fc08e38d9f4324ed081d1664eb290a84,global_grover,100,8705,cvar_0.10,0.0014222812139758016,0.030564688272334776,0.04653347684436097,0.0014222812139758016,0.004372320461704722,0.0073223597094336425,0.015163696325932126,0.030564688272334776,0.04653347684436097,0.14305136773347268,0.2395692586225844,0.4961181410005528,0.0014222812139758016,0.0073223597094336425,0.015163696325932126,0.03062855410105593,0.06963943282285061,0.1135513273661717,8.799688401024437,2.995342040325368
cvarr-36beb56cebb7d91942eb866dd150323c48f6e37e7dc678da8044bbecbfc0012b,global_grover,100,8705,expectation,0.0002266282697720639,0.005071839854785425,0.04468364070254184,0.0002266282697720639,0.000692512238807729,0.0011583962078433939,0.0023994440408273243,0.005071839854785425,0.04468364070254184,0.13654063587089094,0.22839763103924,0.4730914440374889,0.0002266282697720639,0.0011583962078433939,0.0023994440408273243,0.005046278754509519,0.012947684423097508,0.024658324726111836,9.215152293933444,2.9936458601110933
cvarr-aa3d0d1a837f26ed9e655bbbf32f29bfdfd9d8ca21e6dc8de26f3089ffeecfcd,penalty_x,50,8701,cvar_0.10,4.480649170215878e-05,0.0035516530325790966,0.01261567255898917,4.480649170215878e-05,0.0006519235714848816,0.0007170595838033961,0.0012950592099372962,0.0035516530325790966,0.01261567255898917,0.18355497158782866,0.20189460435066495,0.36463562123264776,4.480649170215878e-05,0.0007170595838033961,0.0016007230513255155,0.0037566397552202865,0.0068531708418547894,0.012572246231400835,9.28163412680071,2.4067539201701127
cvarr-e888c40ae76a0bc235793b2e6ac389fb090cb12836644500791ab4ade4255b55,penalty_x,50,8701,expectation,5.684379229626499e-05,0.001576765401024555,0.036050887633207115,5.684379229626499e-05,0.0004885593546081074,0.0006190258587443493,0.000867171027860291,0.001576765401024555,0.036050887633207115,0.3098491089991256,0.3925922387326085,0.5499683258503885,5.684379229626499e-05,0.0006190258587443493,0.0009448069713505128,0.0016274654495035596,0.0037124819591912834,0.007764483299947021,9.280491644660547,2.5205979201665407
cvarr-e56ea2e3515408e88a1c028c03d7c9316d5ee2ccc02dff447eeb3d7f7207917d,penalty_x,50,8702,cvar_0.10,2.9250719832649467e-05,0.0028037244838264304,0.010432808216850557,2.9250719832649467e-05,0.0005731412753193087,0.0009313956715724485,0.0016349522326122806,0.0028037244838264304,0.010432808216850557,0.20442139683322394,0.3321994286333408,0.5831358402167077,2.9250719832649467e-05,0.0009313956715724485,0.0016906747926105608,0.0025655589928267066,0.006668922682552155,0.01202237031311012,9.277051030759434,2.5864244461440826
cvarr-1882e13e0c7386d71d6bf4fb829d90aea658ef624c42e3f4bb37e021400a8f98,penalty_x,50,8702,expectation,4.326574568437116e-05,0.0016230114554522087,0.026657695815410196,4.326574568437116e-05,0.0001636003523531685,0.0002142143375093537,0.0008075521023685926,0.0016230114554522087,0.026657695815410196,0.10080049145899937,0.1319857212281158,0.49756401882178325,4.326574568437116e-05,0.0002142143375093537,0.0008207901297946443,0.0016599826333893882,0.004737049487601026,0.008187343363688874,9.279881101284092,2.4317702167549786
cvarr-24385fa88b2a489e895d098a3090777da9b8f831b02f1aaefa18f27e5c19958b,penalty_x,50,8703,cvar_0.10,0.00010898795022667654,0.0041164003190804115,0.026476518749037517,0.00010898795022667654,0.0007352505701955796,0.0009554212317484827,0.0019113402601607533,0.0041164003190804115,0.026476518749037517,0.1786149337292423,0.23210114607170185,0.4643232222340658,0.00010898795022667654,0.0009554212317484827,0.0021217874306496344,0.004132369711530264,0.0067090763922613515,0.012981146042239848,9.271925907090676,2.7238834134836534
cvarr-9aefdddc4c9e0db1d566b4d7dc2a19f2c533cfc8971860670ab4b228f0c3a036,penalty_x,50,8703,expectation,2.615838006627626e-05,0.0017043724356602039,0.015347807509069214,2.615838006627626e-05,5.781545803170645e-05,0.0002595437530588929,0.0007232634766981768,0.0017043724356602039,0.015347807509069214,0.03392184526224817,0.15228112566744034,0.4243576471700062,2.615838006627626e-05,0.0002595437530588929,0.0006636463069132854,0.0016470279288869967,0.003796888787810617,0.00783019659995488,9.268213143397956,2.6170919634624097
cvarr-84da97783567733b74cece7af9325edf8c435ef2192e16c03036126d963af421,penalty_x,50,8704,cvar_0.10,2.8577682362846306e-06,0.0031304512991116268,0.0009128933700695553,2.8577682362846306e-06,2.1245560748339158e-05,0.0003476524349827758,0.001568032324997587,0.0031304512991116268,0.0009128933700695553,0.006786740542607488,0.11105505301469924,0.5008965721468244,2.8577682362846306e-06,0.0003476524349827758,0.0014474010462072922,0.003241736616633788,0.007420752993550403,0.012801870214210125,9.271804322194603,2.4898267387353696
cvarr-52a3e48c81109ffee0da7ff18c87e1438013dd4a8f202822b79010bb9fe3931c,penalty_x,50,8704,expectation,0.00011399911129053034,0.0016661998673663887,0.06841862943532603,0.00011399911129053034,0.00017025875124588902,0.0003651371064165422,0.0006626325488225591,0.0016661998673663887,0.06841862943532603,0.10218387036304451,0.2191436415090354,0.3976909143978762,0.00011399911129053034,0.0003651371064165422,0.0006470565206052225,0.0016198611340341054,0.0038239741831035136,0.008071561610927645,9.277976448446669,2.6181711863433335
cvarr-7918c7b59aed1f05846613931a4cb2e26c4b96922aaffc4560063baa6c200f23,penalty_x,50,8705,cvar_0.10,7.937346973041192e-05,0.003071602782075634,0.02584105933019612,7.937346973041192e-05,0.0004228897976038484,0.0005800665401590279,0.0016234635490307463,0.003071602782075634,0.02584105933019612,0.13767724136454937,0.18884816212044458,0.5285395489626727,7.937346973041192e-05,0.0005800665401590279,0.0015391599475000997,0.003447284745221321,0.0067187771138390515,0.011988097157507524,9.275723716862187,2.6971407243864363
cvarr-9e6937f04a128515f861e9f35aec979bd27545001266808ad4a59764aa4dc960,penalty_x,50,8705,expectation,8.018533903550202e-05,0.001578465152831947,0.05079956240506187,8.018533903550202e-05,0.00016730444828825765,0.0003037104622367427,0.000795584229726132,0.001578465152831947,0.05079956240506187,0.10599185416801526,0.1924087216571436,0.5040239426880998,8.018533903550202e-05,0.0003037104622367427,0.0008002331640335932,0.0014680539919850301,0.003254869365692176,0.007190732928782196,9.28204837929035,2.548996060671408
cvarr-4a9522e653b0b3ae560213725f3c5df370170eedecb71425fe4fe591e8691da4,penalty_x,100,8701,cvar_0.10,1.3466430844335578e-05,0.004956635931202259,0.002716848893331817,1.3466430844335578e-05,0.001007399681529724,0.001281782091444642,0.0021953166772757495,0.004956635931202259,0.002716848893331817,0.20324262171205573,0.2585992009975481,0.44290456425418023,1.3466430844335578e-05,0.001281782091444642,0.0024498891398658405,0.005641345769936378,0.012335055223992138,0.018850841569720715,9.256962198631498,2.507593092249958
cvarr-c45ac9d6b16b266825772744142d723761cdae0c39e43b8cd27e7ef680ebb017,penalty_x,100,8701,expectation,1.632837022155661e-05,0.0011788181490732183,0.013851475084934776,1.632837022155661e-05,2.681855215196553e-05,0.00020281563159594925,0.0005004918906943098,0.0011788181490732183,0.013851475084934776,0.022750372627915644,0.17204997374311043,0.42457090696117494,1.632837022155661e-05,0.00020281563159594925,0.0005429257542767165,0.0012627334617488063,0.0036190346572641443,0.0072798384081964995,9.2686048129354,2.6161214650336926
cvarr-092a2bdb73986d87e7607ef9e49336cfd2f61895ed5f9fcf4367b426204d5a4e,penalty_x,100,8702,cvar_0.10,0.00018243797812202926,0.0029947142246686356,0.06091999584441683,0.00018243797812202926,0.0007929008983697291,0.0014236112742929275,0.0019530242034435073,0.0029947142246686356,0.06091999584441683,0.2647667987276694,0.47537466599186096,0.652157119819875,0.00018243797812202926,0.0014236112742929275,0.001857223153987175,0.0029287593868758803,0.009176431476102878,0.016853906491123675,9.2738695632535,2.6673864490067762
cvarr-001655b78227deddfaa37326efb36824d0caa829f71a006e9185e1b269138431,penalty_x,100,8702,expectation,0.00014480428876430493,0.001961766472922266,0.07381321414296733,0.00014480428876430493,0.00025164878952799066,0.0003314842529101379,0.0009100008249892312,0.001961766472922266,0.07381321414296733,0.12827662874324294,0.16897233054266433,0.4638680686767398,0.00014480428876430493,0.0003314842529101379,0.0008236058067587109,0.0020907439174033147,0.004723964155360864,0.008411281577154026,9.276651391911798,2.7057236413967187
cvarr-523d01200c18cfc4d5e59e142056b2589aea73b6215f2d4e16df551900d5022c,penalty_x,100,8703,cvar_0.10,7.075986047920875e-05,0.0058140620185955765,0.01217046881386746,7.075986047920875e-05,0.0004909913506346585,0.0012293097200604705,0.003173731466269591,0.0058140620185955765,0.01217046881386746,0.08444893588411714,0.21143732490789943,0.5458716223044738,7.075986047920875e-05,0.0012293097200604705,0.0030788434774869275,0.00531385490436301,0.010860682339233008,0.016393285021170243,9.268844735056227,2.5590574966445807
cvarr-2afc1660ddbd689e871915f615060861f8b02c59dfda32d6c4ebb54131597d40,penalty_x,100,8703,expectation,9.632207031046061e-05,0.0011888256312494441,0.08102287482582879,9.632207031046061e-05,0.00024653604871754833,0.00034346215573405467,0.0006095640370565402,0.0011888256312494441,0.08102287482582879,0.20737780397487002,0.2889087740925297,0.512744696138402,9.632207031046061e-05,0.00034346215573405467,0.0005492405415601257,0.001223009185856462,0.003342443922766284,0.007463645903532993,9.269158413782504,2.5618497314070505
cvarr-94d512428e0e6d4ec320f9914ae11e40157207dead0d9d0c54e110d93686af1f,penalty_x,100,8704,cvar_0.10,0.0004251858322119231,0.004078452264301743,0.10425176136877445,0.0004251858322119231,0.0005857361646004785,0.0015853901297387695,0.0022694645001653017,0.004078452264301743,0.10425176136877445,0.14361726621820847,0.3887234732684063,0.5564523875955794,0.0004251858322119231,0.0015853901297387695,0.002504337480531881,0.0041438048172520335,0.009640752692161325,0.016186562409997135,9.270904543571802,2.5968092636015174
cvarr-a9e92188bef2bd6a41e404c2b5a9b28ff43e1a5d08f1c826d7e51c0a409e9c37,penalty_x,100,8704,expectation,2.783335050391896e-05,0.0016280308116631318,0.017096329077141672,2.783335050391896e-05,0.00015341305486776718,0.00021430167966660668,0.0005757442910634778,0.0016280308116631318,0.017096329077141672,0.09423227973864111,0.1316324470835319,0.3536445913301359,2.783335050391896e-05,0.00021430167966660668,0.0005182766182070274,0.0016270719654019167,0.0039815373111301185,0.008533154486463404,9.271982675625917,2.632835950012591
cvarr-9d4f43c5653b6fbf83e07c36fef9a5c93735ea7fc7068d56226abc1cf6b9d23a,penalty_x,100,8705,cvar_0.10,0.00011725619276843158,0.0071869003539366105,0.016315266247458785,0.00011725619276843158,0.0009415361794033416,0.0016890830551980667,0.0024979910135157534,0.0071869003539366105,0.016315266247458785,0.13100726781158403,0.2350224675472055,0.34757557368212066,0.00011725619276843158,0.0016890830551980667,0.0024104514826327346,0.007667864847954597,0.012228883967523986,0.018797396465222167,9.274361688280697,2.4205295414991954
cvarr-d46eb16b9474a1f1403da41e913ed29e40af6db20b57baaf7185dbacd539de7b,penalty_x,100,8705,expectation,2.047157921955623e-05,0.0013056311463369805,0.01567945072158424,2.047157921955623e-05,0.00010184175935727956,0.0001794665474557883,0.0005177868439026856,0.0013056311463369805,0.01567945072158424,0.07800193771648462,0.13745577988032187,0.396579727249434,2.047157921955623e-05,0.0001794665474557883,0.0006931427816343654,0.001274921723542181,0.003703548102572886,0.007340444451191962,9.27333157759193,2.7136398076533044
