algorithm,depth,seed,cvar_objective,cvar_alpha,expectation_run_id,cvar_run_id,initial_parameters_hash,expectation_p_opt,cvar_p_opt,absolute_difference,ratio,expectation_p_feas,cvar_p_feas,p_feas_difference,expectation_p_opt_given_feas,cvar_p_opt_given_feas,p_opt_given_feas_difference,expectation_P_feasible_top3,cvar_P_feasible_top3,P_feasible_top3_difference,expectation_P_feasible_top5,cvar_P_feasible_top5,P_feasible_top5_difference
global_grover,110,8601,cvar_0.05,0.05,cvarr-591e4ba510bca2bfec2eebd2571eed93d92c295c9f426eb52aae840713088692,cvarr-96c7649deda485a6273db7c38cc3980936d0020cd428b87035ec64c4116c547a,558426b91a78f597c449213303c8281b5c3ab4b93db1180558204ce01ca9db32,0.0005398857216771001,0.003544685436727781,0.003004799715050681,6.56562174994474,0.01008923201507999,0.06294629756133567,0.05285706554625568,0.053511082000111954,0.05631285038288065,0.002801768382768695,0.0015870624881210394,0.010594494458499967,0.009007431970378926,0.0026342392545649785,0.017644303480272152,0.015010064225707173
global_grover,110,8601,cvar_0.10,0.1,cvarr-591e4ba510bca2bfec2eebd2571eed93d92c295c9f426eb52aae840713088692,cvarr-cde57bccb3f4bc7c9d07de9c81d33a53e0d92b425c9aee4549252662cbcb81ee,558426b91a78f597c449213303c8281b5c3ab4b93db1180558204ce01ca9db32,0.0005398857216771001,0.0019066757795614764,0.0013667900578843762,3.5316284595165475,0.01008923201507999,0.03988548922718206,0.02979625721210207,0.053511082000111954,0.04780374558530103,-0.005707336414810922,0.0015870624881210394,0.0058553412680225365,0.004268278779901497,0.0026342392545649785,0.009804006756483597,0.007169767501918618
global_grover,110,8601,cvar_0.25,0.25,cvarr-591e4ba510bca2bfec2eebd2571eed93d92c295c9f426eb52aae840713088692,cvarr-3fadacd12c63156df58658254685e2eed8f62d6578cb5663fa86ff34d9e79a01,558426b91a78f597c449213303c8281b5c3ab4b93db1180558204ce01ca9db32,0.0005398857216771001,0.001013692682842533,0.00047380696116543295,1.8776060231665321,0.01008923201507999,0.02184852151780154,0.011759289502721551,0.053511082000111954,0.04639639721235168,-0.007114684787760277,0.0015870624881210394,0.003328141447300177,0.0017410789591791377,0.0026342392545649785,0.005642590211757821,0.0030083509571928423
global_grover,110,8601,cvar_0.50,0.5,cvarr-591e4ba510bca2bfec2eebd2571eed93d92c295c9f426eb52aae840713088692,cvarr-307617aa1863d4245618d6bb40edc75634a163148175006494ac6ec3e1950d03,558426b91a78f597c449213303c8281b5c3ab4b93db1180558204ce01ca9db32,0.0005398857216771001,0.0012536181352020307,0.0007137324135249307,2.3220064633452306,0.01008923201507999,0.023203816962130287,0.013114584947050298,0.053511082000111954,0.05402637580049843,0.0005152938003864793,0.0015870624881210394,0.0035593763951287547,0.0019723139070077153,0.0026342392545649785,0.005865134655055479,0.0032308954004905003
global_grover,110,8602,cvar_0.05,0.05,cvarr-b988377490e1bfee1884f42e6521fd2899fd49c103b521b5a97f86297fffa353,cvarr-98aa6407284784f4abf2da3f10eed27e04095468e6dcd9e340cddbd20ddb4199,673a26f6768a3abebeb07be363a384cd3d0909de0d74b939895de5d92617dee2,0.0006014280695784493,0.003277488438368958,0.0026760603687905086,5.449510264238586,0.012564081970046461,0.06056014349742988,0.04799606152738342,0.047868843184268504,0.054119561960880296,0.006250718776611791,0.0019017505891228339,0.009849464317397203,0.007947713728274368,0.003202073108667218,0.016421440196425448,0.01321936708775823
global_grover,110,8602,cvar_0.10,0.1,cvarr-b988377490e1bfee1884f42e6521fd2899fd49c103b521b5a97f86297fffa353,cvarr-dfc352caee13a5429d419a18118cf8a0dd05fc367aeee8309e7eb516d0bc7ca3,673a26f6768a3abebeb07be363a384cd3d0909de0d74b939895de5d92617dee2,0.0006014280695784493,0.0023747296127165575,0.0017733015431381082,3.9484848360686655,0.012564081970046461,0.04567797467982593,0.03311389270977946,0.047868843184268504,0.05198850494930935,0.004119661765040847,0.0019017505891228339,0.006882867462035702,0.004981116872912869,0.003202073108667218,0.011391005311354847,0.00818893220268763
global_grover,110,8602,cvar_0.25,0.25,cvarr-b988377490e1bfee1884f42e6521fd2899fd49c103b521b5a97f86297fffa353,cvarr-98cebf430484906cb62f44d4c50d7eb6d5575afee84d23e686aa33b78f785ddc,673a26f6768a3abebeb07be363a384cd3d0909de0d74b939895de5d92617dee2,0.0006014280695784493,0.002686604470314241,0.002085176400735792,4.467042039120864,0.012564081970046461,0.057247304034372254,0.04468322206432579,0.047868843184268504,0.046929798977103934,-0.0009390442071645702,0.0019017505891228339,0.008146657347775357,0.006244906758652523,0.003202073108667218,0.013606710225236473,0.010404637116569256
global_grover,110,8602,cvar_0.50,0.5,cvarr-b988377490e1bfee1884f42e6521fd2899fd49c103b521b5a97f86297fffa353,cvarr-48359b3d05ee17c7490b420e997081221401ce38412600e335213825aeb4d95a,673a26f6768a3abebeb07be363a384cd3d0909de0d74b939895de5d92617dee2,0.0006014280695784493,0.0017080383690087331,0.0011066102994302838,2.8399711543325954,0.012564081970046461,0.038679267652283265,0.026115185682236804,0.047868843184268504,0.0441590152213729,-0.0037098279628956024,0.0019017505891228339,0.005376000015403672,0.0034742494262808383,0.003202073108667218,0.00904396166179861,0.005841888553131392
global_grover,110,8603,cvar_0.05,0.05,cvarr-2a1e9e6539e085051d55333677f5eccede25592bb033125f3d80fd68eea09f5f,cvarr-8fa1376bc07ad42bb6ce2fa828bcfb7f7a0566f86f9e397c32f8e39761396feb,4f2b07d901a111359124e0e2b6aacf10aba321589b6f712f163c3d3bfe840ab4,0.000478425956867079,0.0016940445575009835,0.0012156186006339045,3.540870918865382,0.008895475461072526,0.033806319602304694,0.024910844141232166,0.053783067466232466,0.05011029231899868,-0.003672775147233784,0.0013138336802109487,0.00507267686558921,0.003758843185378261,0.0021492414035548186,0.008451309173677436,0.006302067770122617
global_grover,110,8603,cvar_0.10,0.1,cvarr-2a1e9e6539e085051d55333677f5eccede25592bb033125f3d80fd68eea09f5f,cvarr-95d8041e7473fd5469101b71f061f35cd83849546dfa2146814205699fcda92c,4f2b07d901a111359124e0e2b6aacf10aba321589b6f712f163c3d3bfe840ab4,0.000478425956867079,0.0018771877617131637,0.0013987618048460846,3.923674572353319,0.008895475461072526,0.03586230664842352,0.026966831187350992,0.053783067466232466,0.0523443118178703,-0.0014387556483621694,0.0013138336802109487,0.005568644195608276,0.004254810515397328,0.0021492414035548186,0.009260100629503389,0.00711085922594857
global_grover,110,8603,cvar_0.25,0.25,cvarr-2a1e9e6539e085051d55333677f5eccede25592bb033125f3d80fd68eea09f5f,cvarr-d2fe9945f1215e0cb017f378cde0094ebfc41498bde4b29782fe949849a034a3,4f2b07d901a111359124e0e2b6aacf10aba321589b6f712f163c3d3bfe840ab4,0.000478425956867079,0.0010901370402111193,0.0006117110833440402,2.278590917912909,0.008895475461072526,0.02300742910957934,0.014111953648506816,0.053783067466232466,0.04738195801969162,-0.006401109446540848,0.0013138336802109487,0.003267147233135657,0.001953313552924708,0.0021492414035548186,0.005444157426060194,0.0032949160225053753
global_grover,110,8603,cvar_0.50,0.5,cvarr-2a1e9e6539e085051d55333677f5eccede25592bb033125f3d80fd68eea09f5f,cvarr-0e42db359b748a8c524a7ab50296bde3477cc31d00ce7104a6f7b9502540b47f,4f2b07d901a111359124e0e2b6aacf10aba321589b6f712f163c3d3bfe840ab4,0.000478425956867079,0.0007243723160897163,0.0002459463592226373,1.514074028995397,0.008895475461072526,0.016565149534650832,0.007669674073578306,0.053783067466232466,0.0437286916471524,-0.010054375819080065,0.0013138336802109487,0.002252596340999711,0.0009387626607887624,0.0021492414035548186,0.003780820365909705,0.0016315789623548866
global_grover,110,8604,cvar_0.05,0.05,cvarr-ba74d88d7bfa7d2df404e3f85c56ddc418928e59a2926127faa143abc95bba29,cvarr-a7e76afdb83481bec126eba981a5e1aad7681d43a4de5d927f8d272742604551,7d8edd79032e4741954effcb6be95abd97aa47d499cf1a83475f7814bc7afe32,0.0005529604092603024,0.0023136204140004487,0.0017606600047401463,4.184061598723476,0.009875811815625114,0.04378885328113799,0.033913041465512876,0.05599138780524661,0.05283583014029369,-0.0031555576649529224,0.0016998221174713425,0.006933855293858366,0.005234033176387023,0.0028466838256823823,0.011554090173716282,0.0087074063480339
global_grover,110,8604,cvar_0.10,0.1,cvarr-ba74d88d7bfa7d2df404e3f85c56ddc418928e59a2926127faa143abc95bba29,cvarr-1f140cfe5213bd6aa0694e6ab5cf227484728c94aaa480fedf0507ac0728d31f,7d8edd79032e4741954effcb6be95abd97aa47d499cf1a83475f7814bc7afe32,0.0005529604092603024,0.002715292242483588,0.0021623318332232855,4.910464107395765,0.009875811815625114,0.056198303945575456,0.04632249212995034,0.05599138780524661,0.0483162667171091,-0.007675121088137511,0.0016998221174713425,0.008410549319883704,0.006710727202412362,0.0028466838256823823,0.01410580639728382,0.011259122571601438
global_grover,110,8604,cvar_0.25,0.25,cvarr-ba74d88d7bfa7d2df404e3f85c56ddc418928e59a2926127faa143abc95bba29,cvarr-fbb5d546f2fb3c69759150ea98aedcd273aaadc51ee95de68deb7f6efe1bbc02,7d8edd79032e4741954effcb6be95abd97aa47d499cf1a83475f7814bc7afe32,0.0005529604092603024,0.0011829168094003174,0.000629956400140015,2.139243225356243,0.009875811815625114,0.024276492383362738,0.014400680567737623,0.05599138780524661,0.04872684202974062,-0.00726454577550599,0.0016998221174713425,0.003664065225420894,0.0019642431079495513,0.0028466838256823823,0.00614521364144147,0.003298529815759088
global_grover,110,8604,cvar_0.50,0.5,cvarr-ba74d88d7bfa7d2df404e3f85c56ddc418928e59a2926127faa143abc95bba29,cvarr-73b9da2f4305f9dbf0b797842a238eadb0323057068f352312e2553e62a82904,7d8edd79032e4741954effcb6be95abd97aa47d499cf1a83475f7814bc7afe32,0.0005529604092603024,0.0009804529741244152,0.00042749256486411275,1.7730979609118336,0.009875811815625114,0.019382961994827048,0.009507150179201933,0.05599138780524661,0.0505832377108349,-0.005408150094411708,0.0016998221174713425,0.0029727028845910287,0.0012728807671196862,0.0028466838256823823,0.004964952795057642,0.0021182689693752597
global_grover,110,8605,cvar_0.05,0.05,cvarr-11b982985acc6a917f5356607bf6b82993464800ebb065dbb299487a3e788d97,cvarr-6054177663be92d1b4a6c33b28fcd627cd66858a72d9c6991c621c6241a4b291,13d596abab7720a51507726ad50d94d81baa8279c76ae653c277061b0ee429a0,0.0006420433158355153,0.003126528408631679,0.0024844850927961634,4.869653388670527,0.011178413265555529,0.05636126316411346,0.045182849898557934,0.057435997451791114,0.05547300101361839,-0.001962996438172722,0.0017295061752106234,0.009277826212005695,0.007548320036795072,0.0028169690345857317,0.015429124015379712,0.012612154980793981
global_grover,110,8605,cvar_0.10,0.1,cvarr-11b982985acc6a917f5356607bf6b82993464800ebb065dbb299487a3e788d97,cvarr-3f61daad13e0ae23dbb1bc1dd26e087daa8968b786ec528a4eb0f958e1c60d9a,13d596abab7720a51507726ad50d94d81baa8279c76ae653c277061b0ee429a0,0.0006420433158355153,0.002526015396631487,0.0018839720807959717,3.9343379711761153,0.011178413265555529,0.044666117063495624,0.0334877037979401,0.057435997451791114,0.05655327936924988,-0.0008827180825412353,0.0017295061752106234,0.007287282824055918,0.005557776648845295,0.0028169690345857317,0.01204855025148035,0.00923158121689462
global_grover,110,8605,cvar_0.25,0.25,cvarr-11b982985acc6a917f5356607bf6b82993464800ebb065dbb299487a3e788d97,cvarr-28f22af9e1b0f121b146ebcb358fd0896002c744d485eb1427ce6b0e6b9607f4,13d596abab7720a51507726ad50d94d81baa8279c76ae653c277061b0ee429a0,0.0006420433158355153,0.0011218070014438588,0.00047976368560834345,1.7472450437148601,0.011178413265555529,0.022623967929641327,0.011445554664085799,0.057435997451791114,0.04958489178081343,-0.007851105670977687,0.0017295061752106234,0.0033905181666985702,0.0016610119914879469,0.0028169690345857317,0.0056592293319532826,0.002842260297367551
global_grover,110,8605,cvar_0.50,0.5,cvarr-11b982985acc6a917f5356607bf6b82993464800ebb065dbb299487a3e788d97,cvarr-dd3fb88ca3a0902b06a524d1dab931f632b083af8065634c760c2af8b384ed03,13d596abab7720a51507726ad50d94d81baa8279c76ae653c277061b0ee429a0,0.0006420433158355153,0.001306995307994428,0.0006649519921589126,2.035680889058997,0.011178413265555529,0.027295638806797758,0.01611722554124223,0.057435997451791114,0.04788293533796803,-0.009553062113823084,0.0017295061752106234,0.0041823080029349926,0.002452801827724369,0.0028169690345857317,0.007057620697875557,0.004240651663289826
global_grover,110,8606,cvar_0.05,0.05,cvarr-2313ece459a8951031268cd20f25f487481bc76c13147fbfdc858043a0c39eba,cvarr-8d900b97a9492ed592e0941804bb46afa3ecde58dd4ed4b3daf737b18c227075,b1097067bb825dfc82f3bb1e24237aff71c80cd4a640e23155aafc5aa90fd7d5,0.0008478606682389471,0.0018968509012975165,0.0010489902330585695,2.2372200673459464,0.016236347341654297,0.0368043479597099,0.020568000618055606,0.05221991439316916,0.051538772086765904,-0.0006811423064032596,0.0023647597646674428,0.005687177149376402,0.003322417384708959,0.0038816588610959385,0.009477503397455287,0.005595844536359348
global_grover,110,8606,cvar_0.10,0.1,cvarr-2313ece459a8951031268cd20f25f487481bc76c13147fbfdc858043a0c39eba,cvarr-32e3915305cc0488df8b489bb3692ed5f246fd81f650a91313025185ca8c5f7a,b1097067bb825dfc82f3bb1e24237aff71c80cd4a640e23155aafc5aa90fd7d5,0.0008478606682389471,0.001747381579663853,0.0008995209114249059,2.0609301092988073,0.016236347341654297,0.03794757672834795,0.02171122938669365,0.05221991439316916,0.04604725071570928,-0.006172663677459882,0.0023647597646674428,0.005261194428311964,0.0028964346636445215,0.0038816588610959385,0.008775007276960076,0.004893348415864137
global_grover,110,8606,cvar_0.25,0.25,cvarr-2313ece459a8951031268cd20f25f487481bc76c13147fbfdc858043a0c39eba,cvarr-4bccde50aac1285640fd49887951c272939c7bf106f15bb3f7a69d1de765f55b,b1097067bb825dfc82f3bb1e24237aff71c80cd4a640e23155aafc5aa90fd7d5,0.0008478606682389471,0.0008838242466654274,3.596357842648029e-05,1.0424168495764505,0.016236347341654297,0.01589169216046488,-0.0003446551811894169,0.05221991439316916,0.055615490014599735,0.0033955756214305716,0.0023647597646674428,0.002614712590306631,0.00024995282563918843,0.0038816588610959385,0.004345600933947835,0.00046394207285189613
global_grover,110,8606,cvar_0.50,0.5,cvarr-2313ece459a8951031268cd20f25f487481bc76c13147fbfdc858043a0c39eba,cvarr-da92fe5df72a3adc0be6506599b8046ecab281d3a7919c1009b72f43d3f9be86,b1097067bb825dfc82f3bb1e24237aff71c80cd4a640e23155aafc5aa90fd7d5,0.0008478606682389471,0.0013430199632105818,0.0004951592949716347,1.5840102195094243,0.016236347341654297,0.025864864139171644,0.009628516797517347,0.05221991439316916,0.05192449324242202,-0.00029542115074714104,0.0023647597646674428,0.0041036512008839135,0.0017388914362164707,0.0038816588610959385,0.006864282438557245,0.002982623577461307
global_grover,110,8607,cvar_0.05,0.05,cvarr-817dd3d914c70329e926632cce747e40dd69ef557210972303cf38430fd2f77b,cvarr-8baff7b148efbcfbd361df50904543c80ac50438d271edda703f069acfe131cd,f078421b05073a8253d4cd5626379ba87884c5d41d9750da8c77ccb16b6aebbe,0.000797782616951373,0.0013249466496499602,0.0005271640326985871,1.6607865620249773,0.014206017432129146,0.031050210825590435,0.016844193393461288,0.056158076727898555,0.042671099951372575,-0.01348697677652598,0.0023336927019256617,0.004552768051647842,0.00221907534972218,0.003869602786899951,0.0077805894536457235,0.003910986666745772
global_grover,110,8607,cvar_0.10,0.1,cvarr-817dd3d914c70329e926632cce747e40dd69ef557210972303cf38430fd2f77b,cvarr-444d8fb700056457f37be1dec933fd913ed3678af674e2bc259c4c2c86504f4c,f078421b05073a8253d4cd5626379ba87884c5d41d9750da8c77ccb16b6aebbe,0.000797782616951373,0.0021527119482018103,0.0013549293312504372,2.6983690825805793,0.014206017432129146,0.04063620428388663,0.026430186851757485,0.056158076727898555,0.05297522212367211,-0.0031828546042264455,0.0023336927019256617,0.006177985823010913,0.0038442931210852516,0.003869602786899951,0.010203259697820016,0.006333656910920065
global_grover,110,8607,cvar_0.25,0.25,cvarr-817dd3d914c70329e926632cce747e40dd69ef557210972303cf38430fd2f77b,cvarr-43a1686d5ce546e76539e9f3c228fc4bc4ba4aec84e9b41929e8b926b5f2f9a3,f078421b05073a8253d4cd5626379ba87884c5d41d9750da8c77ccb16b6aebbe,0.000797782616951373,0.002997370285214004,0.002199587668262631,3.757126592539809,0.014206017432129146,0.05750132538214624,0.04329530795001709,0.056158076727898555,0.052126977339980875,-0.00403109938791768,0.0023336927019256617,0.009179919153033657,0.006846226451107995,0.003869602786899951,0.01536246802085331,0.011492865233953358
global_grover,110,8607,cvar_0.50,0.5,cvarr-817dd3d914c70329e926632cce747e40dd69ef557210972303cf38430fd2f77b,cvarr-cf0d11fc8864508dcc8f0c239a53bbab6c95afbee5bdc7f1313e3e3c67a8c632,f078421b05073a8253d4cd5626379ba87884c5d41d9750da8c77ccb16b6aebbe,0.000797782616951373,0.0011191027619879468,0.00032132014503657373,1.4027665409212082,0.014206017432129146,0.02283278884259105,0.008626771410461902,0.056158076727898555,0.04901296857352935,-0.007145108154369202,0.0023336927019256617,0.0035387594486236823,0.0012050667466980206,0.003869602786899951,0.005958416135259418,0.0020888133483594664
global_grover,110,8608,cvar_0.05,0.05,cvarr-5d9a10af610609662741ef7ad12f94f94d3efdab846d669ca0a270fe8a0e2b0f,cvarr-00a374cc315839349966f8137a36ee523fbd2678da13e002dfd2cf90a77829e8,5a948b0059e6cad1eafa1624a933c42e29e4d1718ac6dce50d36c055f84e6118,0.00034361699760389444,0.0014866078853007392,0.0011429908876968448,4.326351419362645,0.006297215686844716,0.029415294708861853,0.023118079022017138,0.05456649647902838,0.05053860245203913,-0.004027894026989248,0.0009911101978677813,0.004295365239202046,0.003304255041334265,0.0016386033981316682,0.007104122593103352,0.005465519194971684
global_grover,110,8608,cvar_0.10,0.1,cvarr-5d9a10af610609662741ef7ad12f94f94d3efdab846d669ca0a270fe8a0e2b0f,cvarr-87a852432974081d77b95275866db2192be72e28f4a20d16799cbd8f0dbe628c,5a948b0059e6cad1eafa1624a933c42e29e4d1718ac6dce50d36c055f84e6118,0.00034361699760389444,0.0011053380556113623,0.0007617210580074679,3.2167735103882844,0.006297215686844716,0.024217393166215562,0.017920177479370848,0.05456649647902838,0.04564232194707738,-0.008924174531950997,0.0009911101978677813,0.0035109265406229923,0.0025198163427552107,0.0016386033981316682,0.005916515025634623,0.004277911627502955
global_grover,110,8608,cvar_0.25,0.25,cvarr-5d9a10af610609662741ef7ad12f94f94d3efdab846d669ca0a270fe8a0e2b0f,cvarr-7e7d33cb0dfd95cc95f47a72085f9b6f214c82907408967cb3b26fe536108c7b,5a948b0059e6cad1eafa1624a933c42e29e4d1718ac6dce50d36c055f84e6118,0.00034361699760389444,0.001534073135336885,0.0011904561377329907,4.464485593070959,0.006297215686844716,0.03296470514495026,0.026667489458105542,0.05456649647902838,0.04653683776607006,-0.00802965871295832,0.0009911101978677813,0.004529830511883353,0.0035387203140155718,0.0016386033981316682,0.00752558788842982,0.005886984490298152
global_grover,110,8608,cvar_0.50,0.5,cvarr-5d9a10af610609662741ef7ad12f94f94d3efdab846d669ca0a270fe8a0e2b0f,cvarr-2b93c44db8074603324dd4bb8e4408f3a0a8dd752101679c14c85202c93d30ea,5a948b0059e6cad1eafa1624a933c42e29e4d1718ac6dce50d36c055f84e6118,0.00034361699760389444,0.0009632310435670829,0.0006196140459631884,2.8032112796627437,0.006297215686844716,0.02020699941154881,0.013909783724704094,0.05456649647902838,0.047668187836763735,-0.006898308642264643,0.0009911101978677813,0.003070247581386026,0.002079137383518245,0.0016386033981316682,0.00517726411920497,0.0035386607210733017
global_grover,110,8609,cvar_0.05,0.05,cvarr-41651a74b9eb6bb567ea0b8f861013dd6f8439329ded9d3fc43ed801faa2a62f,cvarr-54235a14f25bec7766503221e492ae2704e57d9f30b0792da7d6d8a963a21c3f,41434c6288e30ba1b0aaf3d27ab4b8a2f73993ce9973bfd4b4d3fbd6bcda505a,0.0003324331204545689,0.002099950055943124,0.0017675169354885551,6.31690985865564,0.007263242062615992,0.039346965361847036,0.032083723299231044,0.04576924706469674,0.05337006390788526,0.007600816843188522,0.0010511878867401577,0.006034906399693891,0.004983718512953733,0.0017699426530257468,0.00996986274344466,0.008199920090418913
global_grover,110,8609,cvar_0.10,0.1,cvarr-41651a74b9eb6bb567ea0b8f861013dd6f8439329ded9d3fc43ed801faa2a62f,cvarr-fd58d1ea74f5da8a5d8fcb11704ae1f67b96c34418ccee1dca56e6b3d037a9b0,41434c6288e30ba1b0aaf3d27ab4b8a2f73993ce9973bfd4b4d3fbd6bcda505a,0.0003324331204545689,0.0035386064334980392,0.00320617331304347,10.644566427855777,0.007263242062615992,0.06848536987164418,0.061222127809028186,0.04576924706469674,0.05166952358043949,0.00590027651574275,0.0010511878867401577,0.010804598423697622,0.009753410536957465,0.0017699426530257468,0.018070590413897206,0.016300647760871458
global_grover,110,8609,cvar_0.25,0.25,cvarr-41651a74b9eb6bb567ea0b8f861013dd6f8439329ded9d3fc43ed801faa2a62f,cvarr-159e1a5a30378ef08dccd99869cf8412b8f4974d6a1000d1546bbc1f4321610c,41434c6288e30ba1b0aaf3d27ab4b8a2f73993ce9973bfd4b4d3fbd6bcda505a,0.0003324331204545689,0.001423132461879422,0.0010906993414248531,4.280958708125807,0.007263242062615992,0.028870499426426246,0.021607257363810254,0.04576924706469674,0.049293655813129986,0.0035244087484332456,0.0010511878867401577,0.004518497292671687,0.0034673094059315293,0.0017699426530257468,0.007613862123463952,0.005843919470438205
global_grover,110,8609,cvar_0.50,0.5,cvarr-41651a74b9eb6bb567ea0b8f861013dd6f8439329ded9d3fc43ed801faa2a62f,cvarr-deb212bb027444365f2468e6d9ad8597709fb6351d6e88b35f9e5c8416c1cedb,41434c6288e30ba1b0aaf3d27ab4b8a2f73993ce9973bfd4b4d3fbd6bcda505a,0.0003324331204545689,0.001993509040318674,0.001661075919864105,5.996722100351344,0.007263242062615992,0.04155418014904389,0.0342909380864279,0.04576924706469674,0.047973730516845295,0.002204483452148555,0.0010511878867401577,0.006153437949921555,0.005102250063181397,0.0017699426530257468,0.010313366859524435,0.008543424206498689
global_grover,110,8610,cvar_0.05,0.05,cvarr-b8a6dea48a6f3b136a8a41427079b49509e001490f7efae365dc3c3d3e74010a,cvarr-b4a46ebeac0132df0a13130093cf98e23763837864385cb4f8d6eea8229d5782,13d3f4ae63becf2598963bbb0987a203d65da6a4ec88a7ba25be0b0459182886,0.0005259118684589714,0.002590420239799407,0.0020645083713404355,4.925578590553327,0.010192816296416512,0.046688115292558924,0.036495298996142414,0.05159632560471695,0.055483504175895995,0.0038871785711790466,0.0016358156616476205,0.00783714873067235,0.0062013330690247285,0.0027457194548362695,0.013083877221545291,0.010338157766709022
global_grover,110,8610,cvar_0.10,0.1,cvarr-b8a6dea48a6f3b136a8a41427079b49509e001490f7efae365dc3c3d3e74010a,cvarr-8f1cfbc4eb29b7eee33105bd6092e7b7624aa5979f9561ec2b3852ca67b1934f,13d3f4ae63becf2598963bbb0987a203d65da6a4ec88a7ba25be0b0459182886,0.0005259118684589714,0.002777134112524165,0.0022512222440651936,5.2806074155765526,0.010192816296416512,0.054994354726051055,0.044801538429634545,0.05159632560471695,0.05049853073753086,-0.001097794867186086,0.0016358156616476205,0.008352147506082201,0.00671633184443458,0.0027457194548362695,0.013927160899640238,0.011181441444803968
global_grover,110,8610,cvar_0.25,0.25,cvarr-b8a6dea48a6f3b136a8a41427079b49509e001490f7efae365dc3c3d3e74010a,cvarr-178dcd8b8cde61b0f085ac1b7ee1abb8d6948aac5cae6ded8c61c8681b11a493,13d3f4ae63becf2598963bbb0987a203d65da6a4ec88a7ba25be0b0459182886,0.0005259118684589714,0.001998784358592658,0.0014728724901336867,3.8006070569380803,0.010192816296416512,0.04039732715568526,0.03020451085926875,0.05159632560471695,0.04947813381042865,-0.0021181917942883002,0.0016358156616476205,0.006053405682242469,0.004417590020594848,0.0027457194548362695,0.010108027005892278,0.007362307551056008
global_grover,110,8610,cvar_0.50,0.5,cvarr-b8a6dea48a6f3b136a8a41427079b49509e001490f7efae365dc3c3d3e74010a,cvarr-068e311b6ad9d1016b09e208ca7e6cb92a081237806dda00b3abb8a3496bd7fe,13d3f4ae63becf2598963bbb0987a203d65da6a4ec88a7ba25be0b0459182886,0.0005259118684589714,0.0010447445628066086,0.0005188326943476372,1.9865392387281968,0.010192816296416512,0.021515503366105377,0.011322687069688865,0.05159632560471695,0.048557756006417936,-0.0030385695982990124,0.0016358156616476205,0.0033189910805236237,0.0016831754188760032,0.0027457194548362695,0.005593237598240639,0.00284751814340437
penalty_x,110,8601,cvar_0.05,0.05,cvarr-1a5f80ab48f1ab4c5564209e4583ea981e8e2a7589714a63731877aaaedda39f,cvarr-c98e6af68af7a75ef07c3d0cc70108bf10dd3ce9577c26604d5089d53a1e5e13,558426b91a78f597c449213303c8281b5c3ab4b93db1180558204ce01ca9db32,5.440879597814025e-05,0.0024779879738161268,0.0024235791778379864,45.543885492553535,0.001212462045428758,0.010764615140603891,0.009552153095175132,0.04487463849550844,0.23019754458932867,0.18532290609382024,0.00016504064969738528,0.003651671311729493,0.0034866306620321076,0.0005140923995298361,0.005585813699933801,0.005071721300403965
penalty_x,110,8601,cvar_0.10,0.1,cvarr-1a5f80ab48f1ab4c5564209e4583ea981e8e2a7589714a63731877aaaedda39f,cvarr-d3df689838a41381805a0ce216b1efe9c15826e302a237e41512f908efbd4c86,558426b91a78f597c449213303c8281b5c3ab4b93db1180558204ce01ca9db32,5.440879597814025e-05,0.0005614108534534579,0.0005070020574753177,10.318384065675984,0.001212462045428758,0.005037386972156316,0.003824924926727558,0.04487463849550844,0.11144882387567279,0.06657418538016435,0.00016504064969738528,0.0007402757140260465,0.0005752350643286612,0.0005140923995298361,0.0012620094525219567,0.0007479170529921205
penalty_x,110,8601,cvar_0.25,0.25,cvarr-1a5f80ab48f1ab4c5564209e4583ea981e8e2a7589714a63731877aaaedda39f,cvarr-feaff700bf3b4ac0f2c5f91e574929666f7226577d814be841d2b9290712f108,558426b91a78f597c449213303c8281b5c3ab4b93db1180558204ce01ca9db32,5.440879597814025e-05,5.844330401916842e-05,4.034508041028167e-06,1.0741517610985016,0.001212462045428758,0.002598660120359726,0.001386198074930968,0.04487463849550844,0.022489783700947494,-0.022384854794560947,0.00016504064969738528,0.0005994663076432281,0.0004344256579458428,0.0005140923995298361,0.0007732112517623594,0.0002591188522325233
penalty_x,110,8601,cvar_0.50,0.5,cvarr-1a5f80ab48f1ab4c5564209e4583ea981e8e2a7589714a63731877aaaedda39f,cvarr-319cbfb8265ec80518b6147c74c03076b6f1325937ac60caba11948de5c48777,558426b91a78f597c449213303c8281b5c3ab4b93db1180558204ce01ca9db32,5.440879597814025e-05,0.00017750690063292424,0.000123098104654784,3.262466986114542,0.001212462045428758,0.0024732149518118408,0.0012607529063830827,0.04487463849550844,0.07177172388630648,0.02689708539079804,0.00016504064969738528,0.00035983096231388315,0.00019479031261649787,0.0005140923995298361,0.0006423898908158737,0.00012829749128603755
penalty_x,110,8602,cvar_0.05,0.05,cvarr-a88922a2238e228e64ac126bec6026c6dc04f1617d1d0cacde416cc0c1dcc929,cvarr-ad2696c907d01dc1b4763ab8dab3365772ce5b5f88e6eac481e654c0e83d1715,673a26f6768a3abebeb07be363a384cd3d0909de0d74b939895de5d92617dee2,0.00025924221507870785,0.00048118101806109457,0.00022193880298238672,1.8561059506261528,0.002148320389858203,0.008658784605310398,0.006510464215452195,0.12067204514863762,0.05557142716842594,-0.06510061798021169,0.0005160456989478102,0.002718644959569157,0.0022025992606213465,0.0006632876566210834,0.004155457539423132,0.0034921698828020483
penalty_x,110,8602,cvar_0.10,0.1,cvarr-a88922a2238e228e64ac126bec6026c6dc04f1617d1d0cacde416cc0c1dcc929,cvarr-96717ccc42a848bcd8a79b2f88fdd607e395e1e9d7ddc50c33c540cfe0ae01b2,673a26f6768a3abebeb07be363a384cd3d0909de0d74b939895de5d92617dee2,0.00025924221507870785,6.750123436084425e-05,-0.0001917409807178636,0.2603790217590541,0.002148320389858203,0.0052349169069284005,0.0030865965170701975,0.12067204514863762,0.01289442326610887,-0.10777762188252875,0.0005160456989478102,0.0005612595643335229,4.5213865385712636e-05,0.0006632876566210834,0.0018083241969172065,0.0011450365402961233
penalty_x,110,8602,cvar_0.25,0.25,cvarr-a88922a2238e228e64ac126bec6026c6dc04f1617d1d0cacde416cc0c1dcc929,cvarr-f6e57b233b5fffaf332050c2bfa3c34e9dceba2491afb9ee781a47ad4bd6c038,673a26f6768a3abebeb07be363a384cd3d0909de0d74b939895de5d92617dee2,0.00025924221507870785,0.0002584278520183214,-8.143630603864652e-07,0.9968586788222774,0.002148320389858203,0.004471150767994563,0.00232283037813636,0.12067204514863762,0.057798957232263845,-0.06287308791637378,0.0005160456989478102,0.0012729594643399649,0.0007569137653921546,0.0006632876566210834,0.0017144618043530443,0.001051174147731961
penalty_x,110,8602,cvar_0.50,0.5,cvarr-a88922a2238e228e64ac126bec6026c6dc04f1617d1d0cacde416cc0c1dcc929,cvarr-12910b8b6a14e3dc57c9304c6ed4743fdb8f62953af7b4ac10dde550ac38e91d,673a26f6768a3abebeb07be363a384cd3d0909de0d74b939895de5d92617dee2,0.00025924221507870785,9.713480549444406e-05,-0.0001621074095842638,0.37468745383522206,0.002148320389858203,0.0023315311819071824,0.0001832107920489794,0.12067204514863762,0.0416613795467184,-0.07901066560191922,0.0005160456989478102,0.0007028707244352331,0.00018682502548742288,0.0006632876566210834,0.0008258094619602661,0.0001625218053391827
penalty_x,110,8603,cvar_0.05,0.05,cvarr-7a6ab1409cfb6f3cce7d1da105f566ac9dc6b868b7d8fcc2aa270139fba626d0,cvarr-5c7e6959ae7141fe38a1ec1477e61edb858546d44c4eb5be3a2f1a51d2bf32b2,4f2b07d901a111359124e0e2b6aacf10aba321589b6f712f163c3d3bfe840ab4,0.0004335385675477086,4.2475848948682534e-05,-0.00039106271859902606,0.09797478731579813,0.0018994853884902409,0.007332011692048382,0.005432526303558141,0.2282400118340979,0.005793205293814232,-0.22244680654028368,0.0006169555046494912,0.0006927091619228149,7.575365727332368e-05,0.000811952357410076,0.0022096040495765057,0.0013976516921664296
penalty_x,110,8603,cvar_0.10,0.1,cvarr-7a6ab1409cfb6f3cce7d1da105f566ac9dc6b868b7d8fcc2aa270139fba626d0,cvarr-7e335a84a9b841f13fcf266f3a6155f425ef2e1e8c90ff110c2b54bd02c013e8,4f2b07d901a111359124e0e2b6aacf10aba321589b6f712f163c3d3bfe840ab4,0.0004335385675477086,0.0005537886940121994,0.00012025012646449081,1.277368925087058,0.0018994853884902409,0.004335773180146567,0.002436287791656326,0.2282400118340979,0.12772547617296692,-0.10051453566113097,0.0006169555046494912,0.0012474854750051606,0.0006305299703556694,0.000811952357410076,0.0016318877556701073,0.0008199353982600312
penalty_x,110,8603,cvar_0.25,0.25,cvarr-7a6ab1409cfb6f3cce7d1da105f566ac9dc6b868b7d8fcc2aa270139fba626d0,cvarr-d0f293dd7781c1fa46a7651799a0083ae1f4639ceef0a8c3697a0f37e487fcbe,4f2b07d901a111359124e0e2b6aacf10aba321589b6f712f163c3d3bfe840ab4,0.0004335385675477086,5.704485617324921e-05,-0.0003764937113744594,0.13157965736686558,0.0018994853884902409,0.00301753487562831,0.0011180494871380691,0.2282400118340979,0.018904456294435157,-0.20933555553966274,0.0006169555046494912,0.00017658617559764852,-0.0004403693290518427,0.000811952357410076,0.0004863760026634055,-0.00032557635474667057
penalty_x,110,8603,cvar_0.50,0.5,cvarr-7a6ab1409cfb6f3cce7d1da105f566ac9dc6b868b7d8fcc2aa270139fba626d0,cvarr-6a2e9548aa2a4c2c6c25436400e5dbff15471d804e4a38f36de13a4b502ae2db,4f2b07d901a111359124e0e2b6aacf10aba321589b6f712f163c3d3bfe840ab4,0.0004335385675477086,1.426398929960813e-05,-0.00041927457824810047,0.03290131574750487,0.0018994853884902409,0.002155152198988541,0.0002556668104983001,0.2282400118340979,0.006618553114857747,-0.22162145871924016,0.0006169555046494912,0.0002555011249346178,-0.0003614543797148734,0.000811952357410076,0.00036701024717895414,-0.0004449421102311219
penalty_x,110,8604,cvar_0.05,0.05,cvarr-53aa021a122d2f8734e0c3ccb69624f6318207c154ba13c377f0e8806a22f970,cvarr-96932c1703c66af1db4c7d2911d467c88c46496c1c03edf91982009979f20385,7d8edd79032e4741954effcb6be95abd97aa47d499cf1a83475f7814bc7afe32,8.503431079058593e-05,0.00017138577730331319,8.635146651272725e-05,2.015489697157481,0.0018433733000408333,0.011303155605882994,0.00945978230584216,0.04612972900752241,0.015162648669024023,-0.030967080338498383,0.000595811616993641,0.0020656029031696165,0.0014697912861759755,0.0006971141784709817,0.004907496922676054,0.004210382744205073
penalty_x,110,8604,cvar_0.10,0.1,cvarr-53aa021a122d2f8734e0c3ccb69624f6318207c154ba13c377f0e8806a22f970,cvarr-199712421cbabe2a40513336b8afc39deb1c4475cd51f2d5f93c731d77de8355,7d8edd79032e4741954effcb6be95abd97aa47d499cf1a83475f7814bc7afe32,8.503431079058593e-05,3.896927055360399e-05,-4.6065040236981946e-05,0.4582770200792671,0.0018433733000408333,0.006164864139707652,0.004321490839666819,0.04612972900752241,0.0063211888649101645,-0.039808540142612245,0.000595811616993641,0.0010034027373925394,0.00040759112039889843,0.0006971141784709817,0.0016435296046320895,0.0009464154261611079
penalty_x,110,8604,cvar_0.25,0.25,cvarr-53aa021a122d2f8734e0c3ccb69624f6318207c154ba13c377f0e8806a22f970,cvarr-92af9c5be02abbddd8c558cb827260f90240eef9da5a7d5c20f2a1335056e802,7d8edd79032e4741954effcb6be95abd97aa47d499cf1a83475f7814bc7afe32,8.503431079058593e-05,0.0002980500272745286,0.0002130157164839427,3.5050560709374907,0.0018433733000408333,0.0033947901562363845,0.0015514168561955512,0.04612972900752241,0.08779630361747018,0.04166657460994777,0.000595811616993641,0.0006227753644711456,2.6963747477504662e-05,0.0006971141784709817,0.0008733902570401442,0.00017627607856916252
penalty_x,110,8604,cvar_0.50,0.5,cvarr-53aa021a122d2f8734e0c3ccb69624f6318207c154ba13c377f0e8806a22f970,cvarr-2de6ba369ed63d3495f8c0adf219c602c238da007e4e67b817e964e9a63f2ec3,7d8edd79032e4741954effcb6be95abd97aa47d499cf1a83475f7814bc7afe32,8.503431079058593e-05,0.00016305951337656013,7.80252025859742e-05,1.9175731755870513,0.0018433733000408333,0.0023278346959391123,0.00048446139589827905,0.04612972900752241,0.07004772016716482,0.02391799115964241,0.000595811616993641,0.00034258289068544263,-0.00025322872630819835,0.0006971141784709817,0.0004397770780352284,-0.00025733710043575325
penalty_x,110,8605,cvar_0.05,0.05,cvarr-6671718be2b3c37262fa9170f769540d30d657109d13c46e7b9cf04837020507,cvarr-42babf9db9092f0c70d7c1249f7fedb12d5de29b8ca687d2cf783859c31d3230,13d596abab7720a51507726ad50d94d81baa8279c76ae653c277061b0ee429a0,0.00017765024868987315,0.0002046618163007068,2.701156761083365e-05,1.1520491404320417,0.0018427144526341316,0.00936735301374828,0.007524638561114148,0.09640682441922832,0.02184841502186676,-0.07455840939736155,0.00022154655149937238,0.0017599383008696993,0.001538391749370327,0.00029561657654854514,0.003621323438287062,0.003325706861738517
penalty_x,110,8605,cvar_0.10,0.1,cvarr-6671718be2b3c37262fa9170f769540d30d657109d13c46e7b9cf04837020507,cvarr-4057c448f371285ff4b78f104d9c0b9809000ae8514fcdcfea8ba479aabbf514,13d596abab7720a51507726ad50d94d81baa8279c76ae653c277061b0ee429a0,0.00017765024868987315,0.00010886117646279106,-6.878907222708208e-05,0.6127836986754336,0.0018427144526341316,0.0036845037600245416,0.00184178930739041,0.09640682441922832,0.029545682011209554,-0.06686114240801877,0.00022154655149937238,0.0006314450419009029,0.0004098984904015305,0.00029561657654854514,0.0014872897559908246,0.0011916731794422795
penalty_x,110,8605,cvar_0.25,0.25,cvarr-6671718be2b3c37262fa9170f769540d30d657109d13c46e7b9cf04837020507,cvarr-b10058daa6c8ec246a1cac66b836013442bf671e485a6169fed2d43b876c512c,13d596abab7720a51507726ad50d94d81baa8279c76ae653c277061b0ee429a0,0.00017765024868987315,7.940310691653847e-05,-9.824714177333467e-05,0.44696310588989796,0.0018427144526341316,0.003029028341641121,0.0011863138890069892,0.09640682441922832,0.026214052151627622,-0.0701927722676007,0.00022154655149937238,0.00037528696737552827,0.0001537404158761559,0.00029561657654854514,0.0005350264720917768,0.00023940989554323164
penalty_x,110,8605,cvar_0.50,0.5,cvarr-6671718be2b3c37262fa9170f769540d30d657109d13c46e7b9cf04837020507,cvarr-758f02560b224a91735e0901588d274227d0b9dc15699346f2420556e865945e,13d596abab7720a51507726ad50d94d81baa8279c76ae653c277061b0ee429a0,0.00017765024868987315,4.4945813005557e-05,-0.00013270443568431613,0.2530016892012328,0.0018427144526341316,0.0020899535648352683,0.00024723911220113663,0.09640682441922832,0.021505651494749676,-0.07490117292447865,0.00022154655149937238,0.00011226470400512153,-0.00010928184749425086,0.00029561657654854514,0.00028278741446256307,-1.2829162085982069e-05
penalty_x,110,8606,cvar_0.05,0.05,cvarr-2ac6d31501763365675e447b109870e7b7f9176f9d17821ec0036618f7fc5bfe,cvarr-35235eecaa2383274e673a67ac62baa11789279a6956e0126e46beefe5b05a97,b1097067bb825dfc82f3bb1e24237aff71c80cd4a640e23155aafc5aa90fd7d5,4.435980076856337e-05,0.0007292511080287073,0.000684891307260144,16.439458595258355,0.0012018262919970372,0.010563762320698177,0.00936193602870114,0.03691032644563972,0.06903327487781927,0.03212294843217955,0.00016223649749661612,0.0008742574450314513,0.0007120209475348352,0.00039503913412944716,0.0030276539353227255,0.0026326148011932785
penalty_x,110,8606,cvar_0.10,0.1,cvarr-2ac6d31501763365675e447b109870e7b7f9176f9d17821ec0036618f7fc5bfe,cvarr-529de052dba7e9e20a131e87f8643f0387b55a2c2ddc728110fc55c3ef1c423c,b1097067bb825dfc82f3bb1e24237aff71c80cd4a640e23155aafc5aa90fd7d5,4.435980076856337e-05,0.00040285948954642774,0.00035849968877786436,9.081634330330981,0.0012018262919970372,0.004989768980860552,0.0037879426888635147,0.03691032644563972,0.08073710247742757,0.043826776031787855,0.00016223649749661612,0.0008897820163402892,0.0007275455188436731,0.00039503913412944716,0.0011581878908381723,0.0007631487567087251
penalty_x,110,8606,cvar_0.25,0.25,cvarr-2ac6d31501763365675e447b109870e7b7f9176f9d17821ec0036618f7fc5bfe,cvarr-704c3cfb38e5bc46bb7ce2dca934e0c7d4ad6969fc00011d3c1d98163f565b6a,b1097067bb825dfc82f3bb1e24237aff71c80cd4a640e23155aafc5aa90fd7d5,4.435980076856337e-05,0.0004968454623314007,0.0004524856615628373,11.200353782551298,0.0012018262919970372,0.0036014818157609797,0.0023996555237639425,0.03691032644563972,0.13795584366331698,0.10104551721767727,0.00016223649749661612,0.0005907202902814812,0.0004284837927848651,0.00039503913412944716,0.001318323259228631,0.0009232841250991837
penalty_x,110,8606,cvar_0.50,0.5,cvarr-2ac6d31501763365675e447b109870e7b7f9176f9d17821ec0036618f7fc5bfe,cvarr-0a59baef4651847f2fdef943d956f0a1e37076c8ff07b69559814bb8380d922c,b1097067bb825dfc82f3bb1e24237aff71c80cd4a640e23155aafc5aa90fd7d5,4.435980076856337e-05,6.091465445541175e-05,1.6554853686848383e-05,1.3731949512852721,0.0012018262919970372,0.0019191718809672242,0.000717345588970187,0.03691032644563972,0.03174007240284908,-0.005170254042790638,0.00016223649749661612,0.0001858245286199214,2.3588031123305273e-05,0.00039503913412944716,0.0003852074043634785,-9.83172976596865e-06
penalty_x,110,8607,cvar_0.05,0.05,cvarr-9c2a99d735c0d9a1051c1648b03fed7664855bdc7e351a09bd430d4979a8ab6e,cvarr-f244a7f7be41d9a321cba63c842f68296f018295852ac61d5b8f0f70198a4e78,f078421b05073a8253d4cd5626379ba87884c5d41d9750da8c77ccb16b6aebbe,6.638303384792269e-06,0.00033565054355210936,0.0003290122401673171,50.56270015032053,0.001155556596759531,0.010179571498520012,0.00902401490176048,0.005744680445257055,0.03297295407777321,0.027228273632516155,0.00021597312825691545,0.0010389576990319773,0.0008229845707750619,0.0003222200657777353,0.002538201190908537,0.0022159811251308017
penalty_x,110,8607,cvar_0.10,0.1,cvarr-9c2a99d735c0d9a1051c1648b03fed7664855bdc7e351a09bd430d4979a8ab6e,cvarr-91f82f3e75c34b24739d19d97adaa303ee9cb19ef3891f0a9354adcacfe9fa36,f078421b05073a8253d4cd5626379ba87884c5d41d9750da8c77ccb16b6aebbe,6.638303384792269e-06,1.7666727790184763e-05,1.1028424405392494e-05,2.661331784060605,0.001155556596759531,0.004935488584946916,0.0037799319881873846,0.005744680445257055,0.0035795296627911823,-0.0021651507824658723,0.00021597312825691545,0.0009657183351912434,0.000749745206934328,0.0003222200657777353,0.00184312484585739,0.0015209047800796547
penalty_x,110,8607,cvar_0.25,0.25,cvarr-9c2a99d735c0d9a1051c1648b03fed7664855bdc7e351a09bd430d4979a8ab6e,cvarr-b9432b61f79f46591a16ccc2174f9e097f6c4ad20b9ee9e34d0fa8244f8ad22b,f078421b05073a8253d4cd5626379ba87884c5d41d9750da8c77ccb16b6aebbe,6.638303384792269e-06,0.00024982259890792295,0.00024318429552313067,37.633501276883955,0.001155556596759531,0.002710092504801773,0.0015545359080422422,0.005744680445257055,0.09218231424399144,0.08643763379873438,0.00021597312825691545,0.0008798240802341367,0.0006638509519772212,0.0003222200657777353,0.0016458512820930575,0.0013236312163153222
penalty_x,110,8607,cvar_0.50,0.5,cvarr-9c2a99d735c0d9a1051c1648b03fed7664855bdc7e351a09bd430d4979a8ab6e,cvarr-3055513b92d0aba50193dbf5e22045b3e5b918f74ac7d76e57c3f4989f0c8a56,f078421b05073a8253d4cd5626379ba87884c5d41d9750da8c77ccb16b6aebbe,6.638303384792269e-06,0.00012286233423419667,0.0001162240308494044,18.508092672543825,0.001155556596759531,0.0026695389201971094,0.0015139823234375785,0.005744680445257055,0.046023803325978455,0.0402791228807214,0.00021597312825691545,0.0005516252288689773,0.00033565210061206184,0.0003222200657777353,0.0009845321317232497,0.0006623120659455144
penalty_x,110,8608,cvar_0.05,0.05,cvarr-05c529464c8fd6e3f25ce43582bc5e0930b48e074d5667389a129c41ec37c265,cvarr-1d4f860c6b23fff81b38665183de332686940b9427a195959f14b419f40fdf68,5a948b0059e6cad1eafa1624a933c42e29e4d1718ac6dce50d36c055f84e6118,4.3427712274204166e-05,0.00030154769041283296,0.0002581199781386288,6.9436697127596725,0.0015993247363103298,0.00953433291104701,0.00793500817473668,0.027153780147484406,0.031627560441427734,0.004473780293943328,0.00023779688259195804,0.0007885185915392257,0.0005507217089472676,0.00026716518244982747,0.001440371178804517,0.0011732059963546894
penalty_x,110,8608,cvar_0.10,0.1,cvarr-05c529464c8fd6e3f25ce43582bc5e0930b48e074d5667389a129c41ec37c265,cvarr-bf7a792bfa42eb5d8211a213fafebcb30cce82b778ebb9a69d9ec1e43f9bacdf,5a948b0059e6cad1eafa1624a933c42e29e4d1718ac6dce50d36c055f84e6118,4.3427712274204166e-05,0.00014247150904116434,9.904379676696017e-05,3.2806588599830913,0.0015993247363103298,0.007337562177504269,0.005738237441193939,0.027153780147484406,0.01941673618493592,-0.007737043962548484,0.00023779688259195804,0.001196540555317517,0.000958743672725559,0.00026716518244982747,0.0020086308173768806,0.001741465634927053
penalty_x,110,8608,cvar_0.25,0.25,cvarr-05c529464c8fd6e3f25ce43582bc5e0930b48e074d5667389a129c41ec37c265,cvarr-2313d414e3bf787b9cf4d8dc589a72d011cda97c878ad21b3da490a270d2123d,5a948b0059e6cad1eafa1624a933c42e29e4d1718ac6dce50d36c055f84e6118,4.3427712274204166e-05,7.937121608759752e-05,3.594350381339335e-05,1.8276628431736113,0.0015993247363103298,0.0029920251226309984,0.0013927003863206686,0.027153780147484406,0.026527590121904948,-0.0006261900255794574,0.00023779688259195804,0.0004895924718739651,0.00025179558928200706,0.00026716518244982747,0.0006750832582600801,0.00040791807581025267
penalty_x,110,8608,cvar_0.50,0.5,cvarr-05c529464c8fd6e3f25ce43582bc5e0930b48e074d5667389a129c41ec37c265,cvarr-ad0e5501f61af4ed909e7712c4bb5fafef8606b8598f4ba235d02d5065f604ed,5a948b0059e6cad1eafa1624a933c42e29e4d1718ac6dce50d36c055f84e6118,4.3427712274204166e-05,0.00022327663269191365,0.00017984892041770947,5.1413399647242946,0.0015993247363103298,0.003249406780810933,0.0016500820445006033,0.027153780147484406,0.06871304448875187,0.04155926434126747,0.00023779688259195804,0.0006067310262446082,0.0003689341436526501,0.00026716518244982747,0.0007766722329617114,0.0005095070505118839
penalty_x,110,8609,cvar_0.05,0.05,cvarr-48c0e81b0e5314e7336022ba5e249666d290bfb28145a741c3c5d45d64be447e,cvarr-844d5244f5027a32a717dfdac2c6d58e7f45c857b01f9a5303da5125ce4b1a2d,41434c6288e30ba1b0aaf3d27ab4b8a2f73993ce9973bfd4b4d3fbd6bcda505a,5.577113472055909e-05,0.0008023458323560177,0.0007465746976354586,14.386399638023617,0.0012958101138100854,0.009865064525149616,0.00856925441133953,0.04303958900010016,0.0813320409927931,0.03829245199269295,0.00027718330579390026,0.0015787099974590125,0.0013015266916651122,0.00030928940255437457,0.004661762499750498,0.0043524730971961235
penalty_x,110,8609,cvar_0.10,0.1,cvarr-48c0e81b0e5314e7336022ba5e249666d290bfb28145a741c3c5d45d64be447e,cvarr-81343f74aafd948ab9de434dea66467074c55e3dbd7cbf0ef76ac9b38611940b,41434c6288e30ba1b0aaf3d27ab4b8a2f73993ce9973bfd4b4d3fbd6bcda505a,5.577113472055909e-05,0.000439243313711043,0.00038347217899048394,7.875818125484963,0.0012958101138100854,0.005545692988787271,0.004249882874977186,0.04303958900010016,0.07920440503993649,0.03616481603983633,0.00027718330579390026,0.0007205646609962153,0.000443381355202315,0.00030928940255437457,0.000868984214081447,0.0005596948115270724
penalty_x,110,8609,cvar_0.25,0.25,cvarr-48c0e81b0e5314e7336022ba5e249666d290bfb28145a741c3c5d45d64be447e,cvarr-5995fc29bf5f820f1526b3393f81e462c2a34f1b11fc7340ce0bca1bad50b4b8,41434c6288e30ba1b0aaf3d27ab4b8a2f73993ce9973bfd4b4d3fbd6bcda505a,5.577113472055909e-05,2.8114392422765094e-06,-5.295969547828258e-05,0.05041029300126683,0.0012958101138100854,0.001986739652199801,0.0006909295383897157,0.04303958900010016,0.0014151019934411468,-0.041624487006659015,0.00027718330579390026,0.00014600622421616355,-0.0001311770815777367,0.00030928940255437457,0.0004827427369987557,0.0001734533344443811
penalty_x,110,8609,cvar_0.50,0.5,cvarr-48c0e81b0e5314e7336022ba5e249666d290bfb28145a741c3c5d45d64be447e,cvarr-671ec867edabbea9c1557001bf25cdf35dc0a2b17a26a668fd9738df109988f7,41434c6288e30ba1b0aaf3d27ab4b8a2f73993ce9973bfd4b4d3fbd6bcda505a,5.577113472055909e-05,4.593060727521855e-05,-9.840527445340537e-06,0.8235551868426841,0.0012958101138100854,0.0026588322785773334,0.001363022164767248,0.04303958900010016,0.01727472907760648,-0.02576485992249368,0.00027718330579390026,0.00034916159130047485,7.19782855065746e-05,0.00030928940255437457,0.00044184712125102505,0.00013255771869665048
penalty_x,110,8610,cvar_0.05,0.05,cvarr-29a0afdd84e636c7821dc92be067cae16c1fc3b5d8bd8a1419915ea36e44ecc4,cvarr-d506e1933d12a826dc7d2b99593c0fda0f72c0d23a2581eead415a26b3923400,13d3f4ae63becf2598963bbb0987a203d65da6a4ec88a7ba25be0b0459182886,1.1213519001414508e-05,3.432528787015347e-05,2.3111768868738963e-05,3.06106297816266,0.001181056398424036,0.006640347357688395,0.005459290959264359,0.009494482241811205,0.005169200648880305,-0.0043252815929309,8.067390413857493e-05,0.0003938860142787219,0.000313212110140147,0.0002828392573737011,0.001164831665137575,0.0008819924077638739
penalty_x,110,8610,cvar_0.10,0.1,cvarr-29a0afdd84e636c7821dc92be067cae16c1fc3b5d8bd8a1419915ea36e44ecc4,cvarr-76372716480e6ddfdd59698cf47e3e50e90f9687e9f678ca560ba743729ae752,13d3f4ae63becf2598963bbb0987a203d65da6a4ec88a7ba25be0b0459182886,1.1213519001414508e-05,0.0004889168170338433,0.00047770329803242876,43.6006588986178,0.001181056398424036,0.005324838185366828,0.004143781786942792,0.009494482241811205,0.0918181548459884,0.0823236726041772,8.067390413857493e-05,0.0016470855446859447,0.00156641164054737,0.0002828392573737011,0.0019026511287512013,0.0016198118713775002
penalty_x,110,8610,cvar_0.25,0.25,cvarr-29a0afdd84e636c7821dc92be067cae16c1fc3b5d8bd8a1419915ea36e44ecc4,cvarr-40111480f36ae3e6e0b9f108db1a0129df12b935a1717624966ee934d6b850c9,13d3f4ae63becf2598963bbb0987a203d65da6a4ec88a7ba25be0b0459182886,1.1213519001414508e-05,5.731293927395274e-05,4.6099420272538234e-05,5.111057400154501,0.001181056398424036,0.00213869590550141,0.0009576395070773739,0.009494482241811205,0.02679807780363984,0.017303595561828634,8.067390413857493e-05,0.0003220257305677341,0.00024135182642915918,0.0002828392573737011,0.0003741510456352401,9.1311788261539e-05
penalty_x,110,8610,cvar_0.50,0.5,cvarr-29a0afdd84e636c7821dc92be067cae16c1fc3b5d8bd8a1419915ea36e44ecc4,cvarr-98ce86cf0082b4a6cf7911e6ca5dec97e2dc69e5b550385de57129cafa924392,13d3f4ae63becf2598963bbb0987a203d65da6a4ec88a7ba25be0b0459182886,1.1213519001414508e-05,8.89179904132386e-05,7.770447141182409e-05,7.929534912458988,0.001181056398424036,0.0016726135609138413,0.0004915571624898054,0.009494482241811205,0.053161108154986966,0.04366662591317576,8.067390413857493e-05,0.0005173886913288832,0.0004367147871903082,0.0002828392573737011,0.0006786970447804558,0.00039585778740675476
