p,penalty_x_p_opt,penalty_x_p_feas,penalty_x_p_opt_given_feasible,penalty_x_expected_penalized_cost,penalty_x_nfev,penalty_x_status,global_grover_p_opt,global_grover_p_feas,global_grover_p_opt_given_feasible,global_grover_expected_penalized_cost,global_grover_nfev,global_grover_status
1,0.00032672836480405706,0.005251685228113069,0.0622140038125344,69.04069492338564,120,BUDGET_LIMITED,6.480843532618566e-05,0.0012232076733822172,0.052982364921720766,85.97100417734309,120,BUDGET_LIMITED
2,0.0013475410063316683,0.011251298572330086,0.11976759817267915,62.39596314646808,120,BUDGET_LIMITED,6.52654822691043e-05,0.00121917236322014,0.0535326129741998,85.96915655730987,120,BUDGET_LIMITED
3,0.0008070725652476909,0.01465845804619652,0.05505848996560077,60.24381828234743,120,BUDGET_LIMITED,6.602690732399946e-05,0.0012146108760121511,0.054360543469511066,85.96648869172668,120,BUDGET_LIMITED
4,0.0011668080274910917,0.014809233690585698,0.07878922379574828,59.673405286674935,120,BUDGET_LIMITED,6.618383448352744e-05,0.0012146271471963992,0.05448901305745791,85.96615990258732,120,BUDGET_LIMITED
5,0.0010816179868551145,0.015338674045372773,0.07051574234224026,59.43956944954293,120,BUDGET_LIMITED,6.568540944143444e-05,0.0012164100656226876,0.053999396501055494,85.95990584740898,120,BUDGET_LIMITED
6,0.0014193263373146426,0.015615615466400898,0.090891475931161,59.29613092308247,120,BUDGET_LIMITED,6.494374637031364e-05,0.0012205365928886743,0.05320917598759547,85.95364766876006,120,BUDGET_LIMITED
7,0.0015776451255014687,0.015643077757839727,0.1008526039391968,59.259880648578005,120,BUDGET_LIMITED,6.579441243355911e-05,0.0012186210835369391,0.053990869945066675,85.95078882535486,120,BUDGET_LIMITED
8,0.00169430644799696,0.01516658698099862,0.11171309999538216,59.304173933376276,120,BUDGET_LIMITED,6.693282898510081e-05,0.00121302048153315,0.05517864702540197,85.94825163017532,120,BUDGET_LIMITED
9,0.0017177472285687281,0.015235377473253967,0.11274727072461908,59.25943988706423,120,BUDGET_LIMITED,6.717036155480043e-05,0.0012101366581133864,0.05550642657129287,85.94489344333738,120,BUDGET_LIMITED
10,0.0016338906680880704,0.015546306061684197,0.10509832120924191,59.18394627105667,120,BUDGET_LIMITED,6.488244153472825e-05,0.0012051137803134018,0.05383926612958896,85.94168336823631,120,BUDGET_LIMITED
11,0.0018771261905928247,0.014611023269289727,0.12847328732534938,59.21332589028868,120,BUDGET_LIMITED,6.181735573597232e-05,0.0012690984547374605,0.04870966118129939,85.8862217058857,120,BUDGET_LIMITED
12,0.0019410192157447365,0.01470861876657102,0.13196475118086434,59.20782015542362,120,BUDGET_LIMITED,6.018631633760073e-05,0.0012671930935038928,0.04749577364818224,85.87602728411969,120,BUDGET_LIMITED
13,0.0019913358415023516,0.014716402167528826,0.1353140406760667,59.199089527213815,120,BUDGET_LIMITED,6.237281093911828e-05,0.0012706756673259794,0.04908633457220138,85.86646218413163,120,BUDGET_LIMITED
14,0.0019160875452559456,0.01462946466128712,0.1309745496242489,59.19887396708104,120,BUDGET_LIMITED,6.133703384260213e-05,0.0012697658004762996,0.04830578506650132,85.86520729250665,120,BUDGET_LIMITED
15,0.0018772781793469512,0.014615522049824347,0.12844414130041376,59.19737645885385,124,BUDGET_LIMITED,6.226399497789877e-05,0.0012575492617662462,0.04951217170645712,85.86450711403229,124,BUDGET_LIMITED
16,0.0021341054023496756,0.014559640942382789,0.14657678790260154,59.38053778588936,128,BUDGET_LIMITED,6.260765476101988e-05,0.0012487660159122209,0.050135617051754185,85.85287662002904,128,BUDGET_LIMITED
17,0.0019160195117306803,0.014382572994528681,0.13321813228130733,59.23218613984062,132,BUDGET_LIMITED,0.00011189882801425732,0.0022222027350665492,0.050354914179738974,73.51156184702668,132,BUDGET_LIMITED
18,0.0015945467068600127,0.013891003359412447,0.11478988706597346,59.102788688264155,136,BUDGET_LIMITED,0.00016842030870907498,0.00334085356041051,0.05041235889680247,64.32091147127053,136,BUDGET_LIMITED
19,0.002119924887468223,0.018215519097326296,0.11638015233830966,57.697276208113195,140,BUDGET_LIMITED,0.00021323992380466462,0.004241028858384074,0.05028023409534491,61.52504972198548,140,BUDGET_LIMITED
20,0.0012648519663668843,0.011325599743238088,0.11168079351577474,50.609462373350084,144,BUDGET_LIMITED,0.00021415777153051418,0.004244159992873977,0.05045940112768817,61.52291670879782,144,BUDGET_LIMITED
21,0.0028331539935815514,0.017946369478107183,0.15786780702568964,43.343087828286656,148,BUDGET_LIMITED,0.0002146538324896903,0.0042474732243904575,0.05053683005158782,61.521519892615146,148,BUDGET_LIMITED
22,7.448970897640856e-05,0.021208025419466488,0.0035123358965816645,37.27958022790568,152,BUDGET_LIMITED,0.0002153104546449675,0.004261535978153497,0.05052414334848828,61.51779187123377,152,BUDGET_LIMITED
23,6.937332159488764e-05,0.038164350909363244,0.0018177519056892329,34.04451028228348,156,BUDGET_LIMITED,0.00021570375789989064,0.0042686157253412176,0.05053248448187452,61.513889248633326,156,BUDGET_LIMITED
24,4.314598623347962e-05,0.033075311704621926,0.001304477086075365,33.20266649814698,160,BUDGET_LIMITED,0.00021468937212714876,0.004280638129131473,0.05015359057475585,61.51124220943045,160,BUDGET_LIMITED
25,6.195921754713217e-05,0.0368625493689962,0.0016808174857066152,32.82912041382441,164,BUDGET_LIMITED,0.00021688665903284187,0.004274751966595817,0.05073666512762816,61.50790003899017,164,BUDGET_LIMITED
26,9.016170820625976e-05,0.03987153552967627,0.0022613051393306047,32.21746220215138,168,BUDGET_LIMITED,0.00021573009771214097,0.0042789122944276135,0.050417041263753924,61.50627925161167,168,BUDGET_LIMITED
27,0.00011435313235175471,0.04350181786878279,0.0026286977867611212,32.291676991361285,172,BUDGET_LIMITED,0.00021458260634853196,0.004280342996971476,0.05013210541780372,61.50550739139711,172,BUDGET_LIMITED
28,0.00014468955558365063,0.05566696237099099,0.002599199766270179,32.187644090453325,176,BUDGET_LIMITED,0.00021455979606102037,0.004280344432460548,0.050126759527546035,61.504744318844814,176,BUDGET_LIMITED
29,7.935951396106816e-05,0.051496997199991484,0.001541051289900866,31.455693600040217,180,BUDGET_LIMITED,0.00021207844997715226,0.004240898609383726,0.05000790386921578,61.470178936445,180,BUDGET_LIMITED
30,7.880021038615159e-05,0.05097005629458374,0.001546009875498709,31.165826304751064,184,BUDGET_LIMITED,0.00021178098679082308,0.0042445859583962785,0.049894380480596925,61.46655800401268,184,BUDGET_LIMITED
31,0.0001138449047644958,0.05430659888377702,0.002096336487728467,30.83913909837726,188,BUDGET_LIMITED,0.00021462314431634156,0.004191147397283309,0.05120868439403008,61.447882748706284,188,BUDGET_LIMITED
32,0.00013980702131354285,0.05850866353904129,0.00238950973850656,30.599880688094338,192,BUDGET_LIMITED,0.00021844726423504512,0.004179396419579497,0.052267658366091006,61.439770163918894,192,BUDGET_LIMITED
33,0.00015418607654969335,0.05550801897779438,0.0027777261626175938,30.529659652197775,196,BUDGET_LIMITED,0.00022041369125304374,0.004172942669911493,0.05281972667449051,61.43620518783145,196,BUDGET_LIMITED
34,0.00011334811998749444,0.053551368657209296,0.0021166241466778098,29.650634279060057,200,BUDGET_LIMITED,0.00021906269955964688,0.00418310487544834,0.05236844546867069,61.434745294835814,200,BUDGET_LIMITED
35,6.423635531677916e-05,0.06561931186886309,0.0009789245496074738,28.496087023552207,204,BUDGET_LIMITED,0.00021912055780724205,0.004186194259753965,0.05234361909906217,61.42926054592501,204,BUDGET_LIMITED
36,8.01063392149446e-05,0.07102119527458496,0.001127921586017164,28.045216243812163,208,BUDGET_LIMITED,0.0002206258052584712,0.0041765061724367185,0.05282544695241057,61.424230060523946,208,BUDGET_LIMITED
37,6.863495052440831e-05,0.07387561782305088,0.0009290609344047019,27.8699201141038,212,BUDGET_LIMITED,0.00021956064197171552,0.004150329057822169,0.05290198413494642,61.415842438952,212,BUDGET_LIMITED
38,4.978513568749853e-05,0.07220671095624448,0.0006894807287049415,27.949785643622015,216,BUDGET_LIMITED,0.00022041058193839915,0.0041155332401117024,0.05355577736323103,61.41211148154001,216,BUDGET_LIMITED
39,7.57652806842576e-05,0.06199639490090212,0.001222091716871026,27.65565429984766,220,BUDGET_LIMITED,0.00022004372789808228,0.004104795765907101,0.053606498458628124,61.39396295029323,220,BUDGET_LIMITED
40,0.0001007980850302729,0.06927388093507042,0.00145506623376204,27.605263007026558,224,BUDGET_LIMITED,0.0002591280135313276,0.004882725298965293,0.053070364942758484,54.678102455226195,224,BUDGET_LIMITED
41,7.10520084357585e-05,0.07257100188181327,0.0009790688648817533,27.55192144741305,228,BUDGET_LIMITED,0.00037380940128601,0.006966747997975251,0.05365622545765261,49.759518718108815,228,BUDGET_LIMITED
42,6.483244257145526e-05,0.08745852918019562,0.0007412935385395908,26.89510341960333,232,BUDGET_LIMITED,0.00042348561409965397,0.00783659949293458,0.054039461182297945,47.538469958932566,232,BUDGET_LIMITED
43,7.985391050533298e-05,0.07813315749977776,0.0010220233388822167,26.818134046189165,236,BUDGET_LIMITED,0.0005039220808348196,0.009452851735246959,0.053309000812510304,46.31874108737662,236,BUDGET_LIMITED
44,7.201340425149854e-05,0.0721117844860781,0.000998635725973491,26.864040341233896,240,BUDGET_LIMITED,0.0005374458974242641,0.010151433677804743,0.05294285659367942,45.55756633533813,240,BUDGET_LIMITED
45,8.713713582593884e-05,0.07244109053368111,0.0012028689129883387,27.007449352388715,244,BUDGET_LIMITED,0.0005070246504258673,0.009740607527635458,0.05205267217546419,44.999782777509026,244,BUDGET_LIMITED
46,7.405240145701492e-05,0.06819269446718498,0.0010859286619426614,27.04702790992584,248,BUDGET_LIMITED,0.0005104747874444683,0.009839130594872375,0.05188210304988738,44.97038064546652,248,BUDGET_LIMITED
47,7.232038732973008e-05,0.0662238635700316,0.0010920593186661697,26.498041835228573,252,BUDGET_LIMITED,0.0005119269793257072,0.00991563000276684,0.05162828576528773,44.93594891086293,252,BUDGET_LIMITED
48,5.723363403543194e-05,0.07256670713694793,0.0007887037498810659,26.40664481264077,256,BUDGET_LIMITED,0.0005113562114653048,0.00994899609652122,0.05139776983570296,44.92168046517454,256,BUDGET_LIMITED
49,5.7855643372662973e-05,0.07373639706489936,0.0007846280219216722,26.13208911267578,260,BUDGET_LIMITED,0.0005120713212951294,0.010020941569547756,0.05110012045686832,44.88772700186798,260,BUDGET_LIMITED
50,4.566694964479663e-05,0.07444995442905987,0.0006133912370397846,25.774954984051227,264,BUDGET_LIMITED,0.0005116045802984566,0.010065515719616084,0.05082745827930315,44.88302208071629,264,BUDGET_LIMITED
51,4.782005495461137e-05,0.07444968674728077,0.0006423137160662127,25.743491380391603,268,BUDGET_LIMITED,0.0005096906213395035,0.010056784982740763,0.05068126863746451,44.87427351351085,268,BUDGET_LIMITED
52,5.324403942763739e-05,0.07375367514854711,0.0007219171020345588,25.979962670319054,272,BUDGET_LIMITED,0.0005157028726057424,0.01001830132406054,0.05147607921985737,44.872410862953615,272,BUDGET_LIMITED
53,3.564197228907962e-05,0.06455766527186334,0.0005520951251719714,25.886792660191148,276,BUDGET_LIMITED,0.0005065880000993981,0.009909784963238192,0.05111997908921949,44.823518266849725,276,BUDGET_LIMITED
54,3.424432195647372e-05,0.06737707336965942,0.0005082488781991871,25.593309559274786,280,BUDGET_LIMITED,0.0004982862743641862,0.009796792893285873,0.05086218314420849,44.78788852596777,280,BUDGET_LIMITED
55,2.3756778143392174e-05,0.08325974692706321,0.00028533329754417184,25.15840125461294,284,BUDGET_LIMITED,0.00047955487572839663,0.009537000743548924,0.0502836152186294,44.260625980945605,284,BUDGET_LIMITED
56,4.2178058507047414e-05,0.08571730375720837,0.0004920600235690505,24.72824212578483,288,BUDGET_LIMITED,0.0004850709709341603,0.009564517658464972,0.050715675191927066,43.8327998428026,288,BUDGET_LIMITED
57,4.4621990150131636e-05,0.09133119278317568,0.0004885733864887347,24.314289021783928,292,BUDGET_LIMITED,0.0005486692664725917,0.011160876556038493,0.04916005151725642,42.15849788181534,292,BUDGET_LIMITED
58,8.160772075311085e-05,0.10343778481834322,0.0007889546445375817,23.931801683890328,296,BUDGET_LIMITED,0.000546733139135821,0.011274857454065807,0.048491357107017304,41.71250085735825,296,BUDGET_LIMITED
59,9.75011227860039e-05,0.10472321792860442,0.0009310363519623296,23.45501486412879,300,BUDGET_LIMITED,0.0005504025416044073,0.01141588450745739,0.04821374473829502,41.5610164224082,300,BUDGET_LIMITED
60,0.00015014076127738737,0.10866566953040295,0.001381676125737028,23.178378409381786,304,BUDGET_LIMITED,0.0005500524917635087,0.011431764208246011,0.048116150905801784,41.55848726808966,304,BUDGET_LIMITED
61,0.0001395186628900623,0.11694299874943652,0.0011930484456704987,23.126329438729492,308,BUDGET_LIMITED,0.0005817504107675144,0.01206514832239426,0.04821742718966172,39.887311434545765,308,BUDGET_LIMITED
62,0.000140173555254779,0.11758676676576293,0.0011920861429416609,23.066414099444877,312,BUDGET_LIMITED,0.0006186729298573198,0.012824627359715533,0.0482410063469511,39.59822277693593,312,BUDGET_LIMITED
63,0.00012017135528032693,0.1091201429147189,0.0011012756405042918,23.07348085662587,316,BUDGET_LIMITED,0.0006212131244801457,0.012776073366637367,0.04862316508782288,39.292363922285105,316,BUDGET_LIMITED
64,0.0001760107701358115,0.13920323345779437,0.0012644158168148944,22.000100851056242,320,BUDGET_LIMITED,0.0006219930744909824,0.01281563243852603,0.04853393521346341,39.265465982581134,320,BUDGET_LIMITED
65,0.00013770251095375182,0.14706031296665778,0.0009363675907923057,21.447846574432624,324,BUDGET_LIMITED,0.0006254361153293281,0.012910615753551093,0.04844355430199373,39.0975767338999,324,BUDGET_LIMITED
66,3.155785495506267e-05,0.13787632972675995,0.00022888522647508298,21.33832976565028,328,BUDGET_LIMITED,0.0006252252280031843,0.012912976267187787,0.048418367312568995,39.09737824007459,328,BUDGET_LIMITED
67,3.80364701755937e-05,0.13066804235974014,0.00029109237032017433,20.863544210743747,332,BUDGET_LIMITED,0.0006302791384778999,0.013077727673506012,0.04819485114029203,38.878244336157934,332,BUDGET_LIMITED
68,3.53270185957417e-05,0.1309345616820506,0.00026980667397448943,20.679592462736757,336,BUDGET_LIMITED,0.0006381420465970633,0.01323871682677275,0.04820271140678409,38.80252250504957,336,BUDGET_LIMITED
69,3.1683931726263506e-05,0.12152419842114698,0.0002607211743661256,20.670480384746796,340,BUDGET_LIMITED,0.000693199959852768,0.014214953897628241,0.048765544007035304,38.399654827649606,340,BUDGET_LIMITED
70,2.8118131441232675e-05,0.11708823705011197,0.0002401448014730852,20.746969460466087,344,BUDGET_LIMITED,0.0007050943453638413,0.014426194096803763,0.04887597800448703,38.17219527992645,344,BUDGET_LIMITED
71,3.127524167917396e-06,0.12556531972087062,2.4907547520842735e-05,20.84454291973089,348,BUDGET_LIMITED,0.0007007024073032352,0.01434607501644578,0.04884279543359262,38.166910963034276,348,BUDGET_LIMITED
72,1.828468397122348e-05,0.13235342090206434,0.00013815044482116812,20.4819105831831,352,BUDGET_LIMITED,0.0007052950805082115,0.014428662146249294,0.04888152992698299,38.13026249580098,352,BUDGET_LIMITED
73,3.2336339762840004e-05,0.1468804946165787,0.00022015407728066117,20.432206880650316,356,BUDGET_LIMITED,0.0007067499332716321,0.014427280030132682,0.048987053124048385,38.08470231669529,356,BUDGET_LIMITED
74,4.6343030489494366e-05,0.14275945808409107,0.00032462318862401713,20.28486996551226,360,BUDGET_LIMITED,0.0007160036459433841,0.014620154123407846,0.048973741309403455,38.03064631727079,360,BUDGET_LIMITED
75,5.8282456344821674e-05,0.1403499722822042,0.00041526517887464985,20.271753546036074,364,BUDGET_LIMITED,0.0007111719752484299,0.01477547127190144,0.048131931778099546,37.963144768351114,364,BUDGET_LIMITED
76,3.986045472610445e-05,0.14775751835762388,0.00026976938411775757,20.112891162316295,368,BUDGET_LIMITED,0.0007149378518931348,0.014879080093142222,0.04804986917320582,37.936526269018465,368,BUDGET_LIMITED
77,3.8312834162051975e-05,0.14128226438978359,0.00027117936088814876,20.117692557140245,372,BUDGET_LIMITED,0.0007263560701771177,0.015113407965181406,0.04806037604824223,37.92605137229442,372,BUDGET_LIMITED
78,0.00016162186429305908,0.13963572055536808,0.0011574535774245037,19.88453357341206,376,BUDGET_LIMITED,0.0007249366136919576,0.015000222271326458,0.0483283914450857,37.898078388847665,376,BUDGET_LIMITED
79,0.0002039167139864957,0.14400916784654058,0.0014159981412002458,20.07314264841702,380,BUDGET_LIMITED,0.0007228654875907802,0.01500175304885413,0.04818540108190852,37.89617617910939,380,BUDGET_LIMITED
80,0.00039901516480528136,0.16418839817804898,0.0024302275266281717,20.16649944279155,384,BUDGET_LIMITED,0.0007188664208228143,0.014965892005857857,0.04803365015205509,37.861666812992866,384,BUDGET_LIMITED
81,0.0003083624948118673,0.16358898954561324,0.00188498318663364,20.12387117239937,388,BUDGET_LIMITED,0.0007214384069936624,0.015008864799194966,0.048067486558500974,37.83972479769453,388,BUDGET_LIMITED
82,0.0002743917544421108,0.15642707903479777,0.0017541192748416108,20.571794707297286,392,BUDGET_LIMITED,0.0007217316925761164,0.015003404772332356,0.04810452717419551,37.798422021920096,392,BUDGET_LIMITED
83,0.00027661353125167063,0.15346772232602024,0.0018024215584827976,20.71227712854604,396,BUDGET_LIMITED,0.0007175027547848661,0.014954752802147838,0.04797824238738447,37.79748343805374,396,BUDGET_LIMITED
84,0.00018840707816675776,0.1319768504648941,0.001427576711393595,20.34788520564399,400,BUDGET_LIMITED,0.0007275253124033573,0.015106835182792882,0.048158684701348264,37.78936817352978,400,BUDGET_LIMITED
85,0.0001414201974657885,0.13491838805968479,0.0010481906840098584,20.23760851290313,404,BUDGET_LIMITED,0.0007348327295630343,0.015192792109906266,0.04836719440687245,37.77900307411304,404,BUDGET_LIMITED
86,0.00017943886601163605,0.14855812251865627,0.0012078697749367537,20.023698318092627,408,BUDGET_LIMITED,0.0007348533229460017,0.015189624287130889,0.04837863722334408,37.77857699368746,408,BUDGET_LIMITED
87,0.0001771670505118435,0.13050019701281618,0.001357599870094022,20.366562754614602,412,BUDGET_LIMITED,0.0007352882664993916,0.015174959775554853,0.04845405044722807,37.772475719234976,412,BUDGET_LIMITED
88,6.875120151520123e-05,0.14787996371399892,0.00046491221520832013,19.720933822283058,416,BUDGET_LIMITED,0.000735258908763125,0.015170747883917996,0.048465567708929395,37.77217987136287,416,BUDGET_LIMITED
89,0.00013030509217534664,0.14428688235109802,0.0009030972882085772,19.288307525948948,420,BUDGET_LIMITED,0.0007352195666435174,0.015166283096232362,0.04847724138989349,37.771921171253496,420,BUDGET_LIMITED
90,0.00015926354579888442,0.1356734323506734,0.0011738742290180878,19.519583145334273,424,BUDGET_LIMITED,0.0007387539558478011,0.015233595737909576,0.04849504795570847,37.75421583080232,424,BUDGET_LIMITED
91,0.0002444212330167808,0.15684890503009466,0.0015583228519821903,19.28686177654328,428,BUDGET_LIMITED,0.0007378140546015221,0.01525618941527923,0.04836162127500815,37.73556309320708,428,BUDGET_LIMITED
92,0.0002902505456148687,0.17030021092302597,0.0017043463659951609,18.988016422465904,432,BUDGET_LIMITED,0.0007377819267719927,0.01525618652399923,0.048359524551656555,37.73535047407209,432,BUDGET_LIMITED
93,0.00027622019358441226,0.17979733162881303,0.0015362863902488929,18.876317878103805,436,BUDGET_LIMITED,0.0007378325904611716,0.015252473520788856,0.048374618677784864,37.735320872791,436,BUDGET_LIMITED
94,0.000275744082879135,0.1838419472948074,0.0014998975312035512,18.88683911422698,440,BUDGET_LIMITED,0.0007379962970180402,0.015251761623131802,0.048387610248166193,37.7351933981933,440,BUDGET_LIMITED
95,0.0002823937815409814,0.18704019251633838,0.0015098026672332133,18.68582930789082,444,BUDGET_LIMITED,0.0007379136139879748,0.015253717520024862,0.048375985265182234,37.73515814567368,444,BUDGET_LIMITED
96,0.00027170435591430383,0.18842808774666506,0.0014419525197305022,18.68847082279442,448,BUDGET_LIMITED,0.0007421178838273204,0.015339910627354986,0.04837824038582952,37.72927792151762,448,BUDGET_LIMITED
97,0.00027031880350798966,0.18870479017246233,0.0014324957159854719,18.688072616160177,452,BUDGET_LIMITED,0.0007070147331342638,0.015213264816438064,0.04647357037855071,36.02738555006361,452,BUDGET_LIMITED
98,0.00023575346828397164,0.18839293957992537,0.0012513922698464696,18.87403575347969,456,BUDGET_LIMITED,0.0008161189254992881,0.0175853095719641,0.046409130425568955,34.43395271502612,456,BUDGET_LIMITED
99,0.00023301112875876752,0.1757141856959731,0.0013260803493801668,18.796819673848653,460,BUDGET_LIMITED,0.0008183055704733459,0.01773804552417638,0.04613279232810751,34.39395842498041,460,BUDGET_LIMITED
100,0.0001348414792719059,0.17759806548073492,0.0007592508336558031,19.02360400816378,464,BUDGET_LIMITED,0.0008439592737625252,0.0183336697978007,0.04603329737419871,34.154057582838085,464,BUDGET_LIMITED
101,0.0001438791568135757,0.17975610944377984,0.000800413166811307,18.976687077125437,468,BUDGET_LIMITED,0.0008719418955819544,0.01886663542194515,0.04621607807016484,34.11530598721373,468,BUDGET_LIMITED
102,0.00017391277324292292,0.18209436674786256,0.0009550694859425921,18.988755115447745,472,BUDGET_LIMITED,0.000883067841156081,0.019101907504876305,0.04622930149413888,34.012543362075185,472,BUDGET_LIMITED
103,0.00019327970135714617,0.17362680658360727,0.0011131904408094688,18.929541195252582,476,BUDGET_LIMITED,0.0009293825089780482,0.01995532344318504,0.046573161874529395,33.75392496383915,476,BUDGET_LIMITED
104,0.00033209913749498933,0.1787114069086721,0.001858298489389118,18.73217050427347,480,BUDGET_LIMITED,0.0009292260230666774,0.019954316067420663,0.046567670870154315,33.733287456467274,480,BUDGET_LIMITED
105,0.0004026084385192199,0.13868445741808183,0.0029030537813296976,18.806194967563354,484,BUDGET_LIMITED,0.0009333058542295409,0.020012110734965435,0.046637052262501026,33.6719565803635,484,BUDGET_LIMITED
106,0.00034904431745775286,0.13845356855239346,0.0025210207371843063,18.52635884737471,488,BUDGET_LIMITED,0.0009881227373030649,0.020921391281268294,0.047230259403817386,33.55333045082446,488,BUDGET_LIMITED
107,0.00033138360369007393,0.1400557781748493,0.0023660830563974732,18.44705634412088,492,BUDGET_LIMITED,0.0009613699338535616,0.020631012495928244,0.046598291481976396,33.4397345493181,492,BUDGET_LIMITED
108,0.0003068212206879945,0.14766193182678866,0.00207786270226983,18.31050362700588,496,BUDGET_LIMITED,0.0009694609450103274,0.02088132733653158,0.04642717052350736,33.42768156251124,496,BUDGET_LIMITED
109,0.00031316327596353104,0.14770606372524347,0.0021201788746199614,18.291716907591884,500,BUDGET_LIMITED,0.001026519660382785,0.021835821266171427,0.04701081071647594,33.29483468389526,500,BUDGET_LIMITED
110,0.0003578671392297369,0.14697022726160758,0.002434963501775989,18.369254680082744,504,BUDGET_LIMITED,0.001029783422714649,0.02194609805728336,0.046923303633599214,33.27459464773947,504,BUDGET_LIMITED
