algorithm,depth,n_parameters,evaluation_budget,nfev,optimizer_wall_time_s,wall_time_s,status
global_grover,1,2,120,120,0.26253575598821044,0.2660830430686474,BUDGET_LIMITED
global_grover,2,4,120,120,0.2738195210695267,0.2777152780909091,BUDGET_LIMITED
global_grover,3,6,120,120,0.2730204570107162,0.2770872609689832,BUDGET_LIMITED
global_grover,4,8,120,120,0.2947063250467181,0.29906989401206374,BUDGET_LIMITED
global_grover,5,10,120,120,0.35587529512122273,0.3604689659550786,BUDGET_LIMITED
global_grover,6,12,120,120,0.382046289043501,0.3868045941926539,BUDGET_LIMITED
global_grover,7,14,120,120,0.3939368480350822,0.3988194849807769,BUDGET_LIMITED
global_grover,8,16,120,120,0.38769114715978503,0.3926447650883347,BUDGET_LIMITED
global_grover,9,18,120,120,0.4226510638836771,0.42775125801563263,BUDGET_LIMITED
global_grover,10,20,120,120,0.43954360391944647,0.44487712415866554,BUDGET_LIMITED
global_grover,11,22,120,120,0.5210427450947464,0.5271417789626867,BUDGET_LIMITED
global_grover,12,24,120,120,0.5442285030148923,0.550285603152588,BUDGET_LIMITED
global_grover,13,26,120,120,0.5646254997700453,0.5707615790888667,BUDGET_LIMITED
global_grover,14,28,120,120,0.575267513981089,0.5816995080094784,BUDGET_LIMITED
global_grover,15,30,124,124,0.566152918851003,0.5726355090737343,BUDGET_LIMITED
global_grover,16,32,128,128,0.6414284941274673,0.6483237738721073,BUDGET_LIMITED
global_grover,17,34,132,132,0.6771219859365374,0.6840451578609645,BUDGET_LIMITED
global_grover,18,36,136,136,0.6051556619349867,0.612433347851038,BUDGET_LIMITED
global_grover,19,38,140,140,0.9505748699884862,0.9576330829877406,BUDGET_LIMITED
global_grover,20,40,144,144,0.8963626041077077,0.9039859799668193,BUDGET_LIMITED
global_grover,21,42,148,148,1.0134060359559953,1.0209257830865681,BUDGET_LIMITED
global_grover,22,44,152,152,1.0513670928776264,1.0593056669458747,BUDGET_LIMITED
global_grover,23,46,156,156,1.1095748650841415,1.117736206855625,BUDGET_LIMITED
global_grover,24,48,160,160,1.0585201140493155,1.0667231779079884,BUDGET_LIMITED
global_grover,25,50,164,164,1.1640010999981314,1.1724659348838031,BUDGET_LIMITED
global_grover,26,52,168,168,1.1994754509069026,1.208121115108952,BUDGET_LIMITED
global_grover,27,54,172,172,1.2671880549751222,1.2755962929222733,BUDGET_LIMITED
global_grover,28,56,176,176,0.9377572690136731,0.9463459679391235,BUDGET_LIMITED
global_grover,29,58,180,180,1.2110684150829911,1.2199450039770454,BUDGET_LIMITED
global_grover,30,60,184,184,1.511897784890607,1.5208429559133947,BUDGET_LIMITED
global_grover,31,62,188,188,1.5783599470742047,1.5873946310020983,BUDGET_LIMITED
global_grover,32,64,192,192,1.7282542018219829,1.7375197559595108,BUDGET_LIMITED
global_grover,33,66,196,196,1.645441548898816,1.6549559370614588,BUDGET_LIMITED
global_grover,34,68,200,200,1.6985931450035423,1.70840413402766,BUDGET_LIMITED
global_grover,35,70,204,204,2.241291692946106,2.251185175962746,BUDGET_LIMITED
global_grover,36,72,208,208,2.017588325077668,2.027828410966322,BUDGET_LIMITED
global_grover,37,74,212,212,1.9663074291311204,1.9768080860376358,BUDGET_LIMITED
global_grover,38,76,216,216,1.587448654929176,1.5983674789313227,BUDGET_LIMITED
global_grover,39,78,220,220,2.103601743001491,2.1145776680205017,BUDGET_LIMITED
global_grover,40,80,224,224,1.9197242159862071,1.9305971809662879,BUDGET_LIMITED
global_grover,41,82,228,228,2.095958766993135,2.1073997251223773,BUDGET_LIMITED
global_grover,42,84,232,232,2.0164332871790975,2.028184685856104,BUDGET_LIMITED
global_grover,43,86,236,236,2.5568691447842866,2.568693778011948,BUDGET_LIMITED
global_grover,44,88,240,240,2.9457664031069726,2.9575307331979275,BUDGET_LIMITED
global_grover,45,90,244,244,2.65067419083789,2.6621293439529836,BUDGET_LIMITED
global_grover,46,92,248,248,2.5972854720894247,2.60917163384147,BUDGET_LIMITED
global_grover,47,94,252,252,2.842678845161572,2.854628540808335,BUDGET_LIMITED
global_grover,48,96,256,256,3.1938091351184994,3.205820420058444,BUDGET_LIMITED
global_grover,49,98,260,260,3.659169735852629,3.6715768889989704,BUDGET_LIMITED
global_grover,50,100,264,264,3.2079577380791306,3.220489245140925,BUDGET_LIMITED
global_grover,51,102,268,268,2.712587014073506,2.7252774429507554,BUDGET_LIMITED
global_grover,52,104,272,272,3.790592186152935,3.80346462293528,BUDGET_LIMITED
global_grover,53,106,276,276,3.4469666709192097,3.4597004030365497,BUDGET_LIMITED
global_grover,54,108,280,280,4.132235381053761,4.145153567194939,BUDGET_LIMITED
global_grover,55,110,284,284,5.542815035907552,5.555697914911434,BUDGET_LIMITED
global_grover,56,112,288,288,4.236416576895863,4.249533477937803,BUDGET_LIMITED
global_grover,57,114,292,292,4.410989504074678,4.424712649080902,BUDGET_LIMITED
global_grover,58,116,296,296,3.6967464240733534,3.710595919052139,BUDGET_LIMITED
global_grover,59,118,300,300,4.050318778026849,4.064001790015027,BUDGET_LIMITED
global_grover,60,120,304,304,7.2630101018585265,7.277379947016016,BUDGET_LIMITED
global_grover,61,122,308,308,4.118613434955478,4.132939710048959,BUDGET_LIMITED
global_grover,62,124,312,312,5.0058661920484155,5.020503944018856,BUDGET_LIMITED
global_grover,63,126,316,316,4.213616177905351,4.228220894932747,BUDGET_LIMITED
global_grover,64,128,320,320,6.294371572090313,6.309507586993277,BUDGET_LIMITED
global_grover,65,130,324,324,6.130382393952459,6.145334518980235,BUDGET_LIMITED
global_grover,66,132,328,328,7.642789619043469,7.657449004007503,BUDGET_LIMITED
global_grover,67,134,332,332,4.677856225986034,4.693018523976207,BUDGET_LIMITED
global_grover,68,136,336,336,5.370583054842427,5.386416767956689,BUDGET_LIMITED
global_grover,69,138,340,340,4.594900488154963,4.6106451018713415,BUDGET_LIMITED
global_grover,70,140,344,344,5.082743989070877,5.098768305964768,BUDGET_LIMITED
global_grover,71,142,348,348,5.243653080891818,5.259713731938973,BUDGET_LIMITED
global_grover,72,144,352,352,5.741431735921651,5.757135433843359,BUDGET_LIMITED
global_grover,73,146,356,356,5.294874707004055,5.311107064131647,BUDGET_LIMITED
global_grover,74,148,360,360,5.6586930099874735,5.675214254995808,BUDGET_LIMITED
global_grover,75,150,364,364,6.000617736950517,6.017259137937799,BUDGET_LIMITED
global_grover,76,152,368,368,7.9556082368362695,7.972381544066593,BUDGET_LIMITED
global_grover,77,154,372,372,10.290946919936687,10.307994592934847,BUDGET_LIMITED
global_grover,78,156,376,376,8.763584790052846,8.780711109982803,BUDGET_LIMITED
global_grover,79,158,380,380,8.672469548881054,8.689746980089694,BUDGET_LIMITED
global_grover,80,160,384,384,6.251700324937701,6.269200418842956,BUDGET_LIMITED
global_grover,81,162,388,388,6.355944951996207,6.373921330086887,BUDGET_LIMITED
global_grover,82,164,392,392,6.4731096611358225,6.4910627889912575,BUDGET_LIMITED
global_grover,83,166,396,396,7.598136738874018,7.615995771950111,BUDGET_LIMITED
global_grover,84,168,400,400,6.968091904884204,6.9860837298911065,BUDGET_LIMITED
global_grover,85,170,404,404,8.420233902987093,8.438103781081736,BUDGET_LIMITED
global_grover,86,172,408,408,6.649233999894932,6.668140559922904,BUDGET_LIMITED
global_grover,87,174,412,412,7.922271603019908,7.941623472142965,BUDGET_LIMITED
global_grover,88,176,416,416,7.813235347159207,7.832579982932657,BUDGET_LIMITED
global_grover,89,178,420,420,7.828742684097961,7.847998617915437,BUDGET_LIMITED
global_grover,90,180,424,424,8.492176200961694,8.511531034018844,BUDGET_LIMITED
global_grover,91,182,428,428,7.850014386000112,7.869752612896264,BUDGET_LIMITED
global_grover,92,184,432,432,8.621466787997633,8.641815932001919,BUDGET_LIMITED
global_grover,93,186,436,436,8.748644936829805,8.768847867846489,BUDGET_LIMITED
global_grover,94,188,440,440,10.654663895023987,10.675322821130976,BUDGET_LIMITED
global_grover,95,190,444,444,10.972463803132996,10.993016436928883,BUDGET_LIMITED
global_grover,96,192,448,448,8.591111513087526,8.612038472201675,BUDGET_LIMITED
global_grover,97,194,452,452,17.495609156088904,17.516248122090474,BUDGET_LIMITED
global_grover,98,196,456,456,11.029664356959984,11.05105717596598,BUDGET_LIMITED
global_grover,99,198,460,460,12.559940048959106,12.58100262703374,BUDGET_LIMITED
global_grover,100,200,464,464,11.27747160801664,11.298627637093887,BUDGET_LIMITED
global_grover,101,202,468,468,11.151851085014641,11.173421910963953,BUDGET_LIMITED
global_grover,102,204,472,472,10.660244768951088,10.681777260033414,BUDGET_LIMITED
global_grover,103,206,476,476,11.712686154991388,11.73440069006756,BUDGET_LIMITED
global_grover,104,208,480,480,12.960266289068386,12.981744315009564,BUDGET_LIMITED
global_grover,105,210,484,484,12.143587552011013,12.165425807936117,BUDGET_LIMITED
global_grover,106,212,488,488,11.659941174089909,11.682379814097658,BUDGET_LIMITED
global_grover,107,214,492,492,12.383922779001296,12.405796240083873,BUDGET_LIMITED
global_grover,108,216,496,496,12.607527950080112,12.629896475933492,BUDGET_LIMITED
global_grover,109,218,500,500,13.168621556134894,13.191299104131758,BUDGET_LIMITED
global_grover,110,220,504,504,12.659797137835994,12.682864609872922,BUDGET_LIMITED
penalty_x,1,2,120,120,0.8426751929800957,0.8496705789584666,BUDGET_LIMITED
penalty_x,2,4,120,120,0.5513747241348028,0.5602858911734074,BUDGET_LIMITED
penalty_x,3,6,120,120,0.6999580969568342,0.7113170730881393,BUDGET_LIMITED
penalty_x,4,8,120,120,0.8803082820959389,0.8939862679690123,BUDGET_LIMITED
penalty_x,5,10,120,120,1.0170134110376239,1.0332627440802753,BUDGET_LIMITED
penalty_x,6,12,120,120,1.1036195801571012,1.1230502100661397,BUDGET_LIMITED
penalty_x,7,14,120,120,1.2265506889671087,1.2487945549655706,BUDGET_LIMITED
penalty_x,8,16,120,120,1.4556482178159058,1.4803067999891937,BUDGET_LIMITED
penalty_x,9,18,120,120,1.5051849458832294,1.5304246759042144,BUDGET_LIMITED
penalty_x,10,20,120,120,1.642784349853173,1.670939784962684,BUDGET_LIMITED
penalty_x,11,22,120,120,1.6548497658222914,1.6865497338585556,BUDGET_LIMITED
penalty_x,12,24,120,120,1.577149118995294,1.6115263199899346,BUDGET_LIMITED
penalty_x,13,26,120,120,1.7340396461077034,1.7704408208373934,BUDGET_LIMITED
penalty_x,14,28,120,120,2.0281775379553437,2.067128448979929,BUDGET_LIMITED
penalty_x,15,30,124,124,2.1372696361504495,2.1790801079478115,BUDGET_LIMITED
penalty_x,16,32,128,128,2.526542920153588,2.5718038349878043,BUDGET_LIMITED
penalty_x,17,34,132,132,2.5889767198823392,2.6364770350046456,BUDGET_LIMITED
penalty_x,18,36,136,136,2.950723492074758,3.0014835968613625,BUDGET_LIMITED
penalty_x,19,38,140,140,2.5565538888331503,2.6112646858673543,BUDGET_LIMITED
penalty_x,20,40,144,144,3.29829516611062,3.358243583003059,BUDGET_LIMITED
penalty_x,21,42,148,148,2.8513135290704668,2.9147925230208784,BUDGET_LIMITED
penalty_x,22,44,152,152,3.456085041165352,3.5190315151121467,BUDGET_LIMITED
penalty_x,23,46,156,156,3.3198259179480374,3.387972096912563,BUDGET_LIMITED
penalty_x,24,48,160,160,3.837030339986086,3.9069567820988595,BUDGET_LIMITED
penalty_x,25,50,164,164,4.024055941961706,4.095847258111462,BUDGET_LIMITED
penalty_x,26,52,168,168,4.550016653025523,4.624350277008489,BUDGET_LIMITED
penalty_x,27,54,172,172,4.11816406599246,4.1945320789236575,BUDGET_LIMITED
penalty_x,28,56,176,176,4.8106448848266155,4.890183775918558,BUDGET_LIMITED
penalty_x,29,58,180,180,5.987372502917424,6.070761669892818,BUDGET_LIMITED
penalty_x,30,60,184,184,5.086077061016113,5.171936189988628,BUDGET_LIMITED
penalty_x,31,62,188,188,6.150388536043465,6.2399452270474285,BUDGET_LIMITED
penalty_x,32,64,192,192,5.327403513016179,5.414993334095925,BUDGET_LIMITED
penalty_x,33,66,196,196,6.176767497090623,6.268966362113133,BUDGET_LIMITED
penalty_x,34,68,200,200,5.11659184191376,5.208361030789092,BUDGET_LIMITED
penalty_x,35,70,204,204,8.094094265950844,8.188845776952803,BUDGET_LIMITED
penalty_x,36,72,208,208,8.363061244832352,8.459267544094473,BUDGET_LIMITED
penalty_x,37,74,212,212,9.039788288995624,9.138497822917998,BUDGET_LIMITED
penalty_x,38,76,216,216,8.415541313122958,8.512863311218098,BUDGET_LIMITED
penalty_x,39,78,220,220,8.138211498968303,8.242567948065698,BUDGET_LIMITED
penalty_x,40,80,224,224,9.262006018077955,9.370436487952247,BUDGET_LIMITED
penalty_x,41,82,228,228,9.16023951699026,9.268684359034523,BUDGET_LIMITED
penalty_x,42,84,232,232,10.94448892492801,11.058093564817682,BUDGET_LIMITED
penalty_x,43,86,236,236,11.450281484983861,11.571534289047122,BUDGET_LIMITED
penalty_x,44,88,240,240,11.986686476971954,12.109992546029389,BUDGET_LIMITED
penalty_x,45,90,244,244,12.829125868855044,12.95368734607473,BUDGET_LIMITED
penalty_x,46,92,248,248,13.195095232920721,13.320706557948142,BUDGET_LIMITED
penalty_x,47,94,252,252,13.30643246602267,13.434883712092414,BUDGET_LIMITED
penalty_x,48,96,256,256,11.851706258952618,11.985317419050261,BUDGET_LIMITED
penalty_x,49,98,260,260,13.440132861956954,13.580791014945135,BUDGET_LIMITED
penalty_x,50,100,264,264,15.5687450109981,15.711531538981944,BUDGET_LIMITED
penalty_x,51,102,268,268,14.85321669606492,14.995094483019784,BUDGET_LIMITED
penalty_x,52,104,272,272,13.281134751159698,13.42717104498297,BUDGET_LIMITED
penalty_x,53,106,276,276,16.49273225106299,16.64018353819847,BUDGET_LIMITED
penalty_x,54,108,280,280,14.99222452682443,15.142889969982207,BUDGET_LIMITED
penalty_x,55,110,284,284,17.397802255814895,17.546847294084728,BUDGET_LIMITED
penalty_x,56,112,288,288,16.25073068914935,16.392813245067373,BUDGET_LIMITED
penalty_x,57,114,292,292,20.864898391999304,21.008074878016487,BUDGET_LIMITED
penalty_x,58,116,296,296,17.283631216036156,17.43814969714731,BUDGET_LIMITED
penalty_x,59,118,300,300,17.542752168141305,17.694302474847063,BUDGET_LIMITED
penalty_x,60,120,304,304,19.001517481170595,19.146956937853247,BUDGET_LIMITED
penalty_x,61,122,308,308,20.681996585801244,20.837327020941302,BUDGET_LIMITED
penalty_x,62,124,312,312,22.70137088210322,22.859530412126333,BUDGET_LIMITED
penalty_x,63,126,316,316,21.970644664019346,22.12347878795117,BUDGET_LIMITED
penalty_x,64,128,320,320,22.050768505083397,22.20027121109888,BUDGET_LIMITED
penalty_x,65,130,324,324,23.004813204985112,23.14933094405569,BUDGET_LIMITED
penalty_x,66,132,328,328,22.621396358124912,22.773435110924765,BUDGET_LIMITED
penalty_x,67,134,332,332,24.016570016974583,24.163075904129073,BUDGET_LIMITED
penalty_x,68,136,336,336,22.528295161901042,22.676063627935946,BUDGET_LIMITED
penalty_x,69,138,340,340,23.25263852882199,23.403376033063978,BUDGET_LIMITED
penalty_x,70,140,344,344,25.549056462943554,25.699366284068674,BUDGET_LIMITED
penalty_x,71,142,348,348,29.626738269114867,29.779721453087404,BUDGET_LIMITED
penalty_x,72,144,352,352,24.75007902411744,24.909514317987487,BUDGET_LIMITED
penalty_x,73,146,356,356,25.78925914200954,25.948315628105775,BUDGET_LIMITED
penalty_x,74,148,360,360,28.09018553001806,28.250322745880112,BUDGET_LIMITED
penalty_x,75,150,364,364,28.181847809115425,28.343341476051137,BUDGET_LIMITED
penalty_x,76,152,368,368,28.427920914022252,28.593495317036286,BUDGET_LIMITED
penalty_x,77,154,372,372,30.462422171141952,30.62962633697316,BUDGET_LIMITED
penalty_x,78,156,376,376,33.37132934201509,33.550582552095875,BUDGET_LIMITED
penalty_x,79,158,380,380,32.39441020810045,32.57600902719423,BUDGET_LIMITED
penalty_x,80,160,384,384,33.299293684074655,33.49933507293463,BUDGET_LIMITED
penalty_x,81,162,388,388,25.255252172937617,25.46165889292024,BUDGET_LIMITED
penalty_x,82,164,392,392,30.193452487001196,30.394786975113675,BUDGET_LIMITED
penalty_x,83,166,396,396,24.005122886039317,24.218240411952138,BUDGET_LIMITED
penalty_x,84,168,400,400,26.09510984714143,26.30534106004052,BUDGET_LIMITED
penalty_x,85,170,404,404,32.4158215560019,32.62204546504654,BUDGET_LIMITED
penalty_x,86,172,408,408,31.688101073959842,31.901823699008673,BUDGET_LIMITED
penalty_x,87,174,412,412,26.418621892109513,26.636567733017728,BUDGET_LIMITED
penalty_x,88,176,416,416,39.60910841100849,39.82452098396607,BUDGET_LIMITED
penalty_x,89,178,420,420,40.26268920209259,40.47847508103587,BUDGET_LIMITED
penalty_x,90,180,424,424,37.877915764926,38.09637675690465,BUDGET_LIMITED
penalty_x,91,182,428,428,42.80216378904879,43.031578812981024,BUDGET_LIMITED
penalty_x,92,184,432,432,37.43135003792122,37.66742122801952,BUDGET_LIMITED
penalty_x,93,186,436,436,42.65116681996733,42.883960337145254,BUDGET_LIMITED
penalty_x,94,188,440,440,44.2476136169862,44.49934197892435,BUDGET_LIMITED
penalty_x,95,190,444,444,46.32722860900685,46.58358244597912,BUDGET_LIMITED
penalty_x,96,192,448,448,42.20610338705592,42.45114570809528,BUDGET_LIMITED
penalty_x,97,194,452,452,44.11181878694333,44.36285966797732,BUDGET_LIMITED
penalty_x,98,196,456,456,43.58702449710108,43.8341446518898,BUDGET_LIMITED
penalty_x,99,198,460,460,46.04364428692497,46.289973297854885,BUDGET_LIMITED
penalty_x,100,200,464,464,50.02598771103658,50.272004605969414,BUDGET_LIMITED
penalty_x,101,202,468,468,48.89225911605172,49.14568982110359,BUDGET_LIMITED
penalty_x,102,204,472,472,49.603103153873235,49.85122241801582,BUDGET_LIMITED
penalty_x,103,206,476,476,53.55124894413166,53.81871896609664,BUDGET_LIMITED
penalty_x,104,208,480,480,49.60386980487965,49.86531038302928,BUDGET_LIMITED
penalty_x,105,210,484,484,59.031448276015,59.279970064992085,BUDGET_LIMITED
penalty_x,106,212,488,488,61.273459217045456,61.542268263874575,BUDGET_LIMITED
penalty_x,107,214,492,492,51.68738748389296,51.93818007595837,BUDGET_LIMITED
penalty_x,108,216,496,496,55.10572671005502,55.370010268874466,BUDGET_LIMITED
penalty_x,109,218,500,500,59.17672730702907,59.41249213903211,BUDGET_LIMITED
penalty_x,110,220,504,504,63.541318220086396,63.798645481001586,BUDGET_LIMITED
