algorithm,depth,seed,representation,search_dimension,mixer_type,parameter_count,initialization_source,evaluation_budget,evaluation_budget_used,optimizer_reason,optimizer_success,optimizer_wall_time_seconds,p_feas,p_opt,invalid_mass,expected_cost_full,expected_cost_feasible,feasible_conditional_p_opt,normalized_regret,bsp
penalty_x,1,2601,14 edge bits; all 2^14 bitstrings,16384,H_X=sum_j X_j (course beta/q scaling),2,depth_derived_seed,83,29,converged,True,0.1292566999909468,0.0012207031249999998,6.1035156249999986e-05,0.9987792968749998,25.999999999999996,12.2,0.049999999999999996,1.5999999999999996,nan
penalty_x,2,2601,14 edge bits; all 2^14 bitstrings,16384,H_X=sum_j X_j (course beta/q scaling),4,continuation_from_p1_plus_seed_small_angle,86,86,evaluation_budget_exhausted,False,0.5182061999803409,0.0012205452967007553,6.102708732807018e-05,0.9987794547032992,26.000229381743566,12.200001401441545,0.04999985456748876,1.6000229381743565,nan
penalty_x,3,2601,14 edge bits; all 2^14 bitstrings,16384,H_X=sum_j X_j (course beta/q scaling),6,continuation_from_p2_plus_seed_small_angle,89,89,evaluation_budget_exhausted,False,0.6252048999886028,0.0012203918214975888,6.1019240972945916e-05,0.9987796081785024,26.000452467354716,12.200002764452739,0.049999713123336814,1.6000452467354715,nan
penalty_x,4,2601,14 edge bits; all 2^14 bitstrings,16384,H_X=sum_j X_j (course beta/q scaling),8,continuation_from_p3_plus_seed_small_angle,92,92,evaluation_budget_exhausted,False,0.9034867000300437,0.0012201818066414718,6.1008504076562686e-05,0.9987798181933585,26.00075778570369,12.200004629956712,0.049999519534295864,1.600075778570369,nan
penalty_x,5,2601,14 edge bits; all 2^14 bitstrings,16384,H_X=sum_j X_j (course beta/q scaling),10,continuation_from_p4_plus_seed_small_angle,95,95,evaluation_budget_exhausted,False,0.9703045999631286,0.001220047586303721,6.1001642152642876e-05,0.9987799524136962,26.000952939317802,12.200005822391017,0.04999939579197447,1.6000952939317803,nan
penalty_x,6,2601,14 edge bits; all 2^14 bitstrings,16384,H_X=sum_j X_j (course beta/q scaling),12,continuation_from_p5_plus_seed_small_angle,98,98,evaluation_budget_exhausted,False,1.0373446999583393,0.0012203980307397624,6.1019558417357514e-05,0.9987796019692603,26.00044344238117,12.200002709305652,0.049999718846128915,1.600044344238117,nan
penalty_x,7,2601,14 edge bits; all 2^14 bitstrings,16384,H_X=sum_j X_j (course beta/q scaling),14,continuation_from_p6_plus_seed_small_angle,101,101,evaluation_budget_exhausted,False,1.2317449999973178,0.001220156007657883,6.100718513147499e-05,0.9987798439923422,26.000795274238012,12.200004859052758,0.049999495760037815,1.600079527423801,nan
penalty_x,8,2601,14 edge bits; all 2^14 bitstrings,16384,H_X=sum_j X_j (course beta/q scaling),16,continuation_from_p7_plus_seed_small_angle,104,104,evaluation_budget_exhausted,False,1.0055690999724902,0.0012194034857172808,6.0968713145585014e-05,0.9987805965142826,26.001889707862926,12.200011546777299,0.04999880175815787,1.6001889707862926,nan
penalty_x,9,2601,14 edge bits; all 2^14 bitstrings,16384,H_X=sum_j X_j (course beta/q scaling),18,continuation_from_p8_plus_seed_small_angle,107,107,evaluation_budget_exhausted,False,0.9837974000256509,0.0012203120421554379,6.1015162297329646e-05,0.9987796879578446,26.000568432576053,12.200003473030092,0.04999963959181992,1.6000568432576052,nan
penalty_x,10,2601,14 edge bits; all 2^14 bitstrings,16384,H_X=sum_j X_j (course beta/q scaling),20,continuation_from_p9_plus_seed_small_angle,110,110,evaluation_budget_exhausted,False,1.3361955999862403,0.0012203861847487644,6.101895279658455e-05,0.9987796138152513,26.00046065856616,12.200002814517445,0.04999970792781979,1.6000460658566158,nan
penalty_x,11,2601,14 edge bits; all 2^14 bitstrings,16384,H_X=sum_j X_j (course beta/q scaling),22,continuation_from_p10_plus_seed_small_angle,113,113,evaluation_budget_exhausted,False,1.6636993000283837,0.001219399026830489,6.096848492401447e-05,0.9987806009731695,26.001896439198173,12.200011588498661,0.04999879742604536,1.6001896439198173,nan
penalty_x,12,2601,14 edge bits; all 2^14 bitstrings,16384,H_X=sum_j X_j (course beta/q scaling),24,continuation_from_p11_plus_seed_small_angle,116,116,evaluation_budget_exhausted,False,1.70184860000154,0.0012186637097662172,6.093089323139842e-05,0.9987813362902338,26.002966019312925,12.2000181257909,0.04999811904063929,1.6002966019312925,nan
penalty_x,13,2601,14 edge bits; all 2^14 bitstrings,16384,H_X=sum_j X_j (course beta/q scaling),26,continuation_from_p12_plus_seed_small_angle,119,119,evaluation_budget_exhausted,False,2.115892200032249,0.0012185386793410714,6.09245012735909e-05,0.9987814613206589,26.003148020316196,12.200019238268114,0.049998003597666686,1.6003148020316196,nan
penalty_x,14,2601,14 edge bits; all 2^14 bitstrings,16384,H_X=sum_j X_j (course beta/q scaling),28,continuation_from_p13_plus_seed_small_angle,122,122,evaluation_budget_exhausted,False,2.151911300024949,0.0012180453835744164,6.089928232724595e-05,0.9987819546164258,26.00386651833297,12.20002363030994,0.049997547832359,1.600386651833297,nan
penalty_x,15,2601,14 edge bits; all 2^14 bitstrings,16384,H_X=sum_j X_j (course beta/q scaling),30,continuation_from_p14_plus_seed_small_angle,125,125,evaluation_budget_exhausted,False,2.3033074000268243,0.001217958850476379,6.08948584568524e-05,0.9987820411495236,26.003992700056582,12.200024401192644,0.049997467839767044,1.6003992700056582,nan
penalty_x,16,2601,14 edge bits; all 2^14 bitstrings,16384,H_X=sum_j X_j (course beta/q scaling),32,continuation_from_p15_plus_seed_small_angle,128,128,evaluation_budget_exhausted,False,2.3893830999732018,0.0012179256794226574,6.0893162501486545e-05,0.9987820743205773,26.004041364312428,12.200024697831568,0.049997437060652336,1.600404136431243,nan
penalty_x,17,2601,14 edge bits; all 2^14 bitstrings,16384,H_X=sum_j X_j (course beta/q scaling),34,continuation_from_p16_plus_seed_small_angle,131,131,evaluation_budget_exhausted,False,2.4209651999990456,0.0012178144304795832,6.088747514584013e-05,0.9987821855695205,26.004203425010882,12.200025688502443,0.049997334258769004,1.6004203425010881,nan
penalty_x,18,2601,14 edge bits; all 2^14 bitstrings,16384,H_X=sum_j X_j (course beta/q scaling),36,continuation_from_p17_plus_seed_small_angle,134,134,evaluation_budget_exhausted,False,3.497732499963604,0.0012170359131385593,6.084767547032443e-05,0.9987829640868614,26.00533779186262,12.200032623899267,0.04999661457270155,1.600533779186262,nan
penalty_x,19,2601,14 edge bits; all 2^14 bitstrings,16384,H_X=sum_j X_j (course beta/q scaling),38,continuation_from_p18_plus_seed_small_angle,137,137,evaluation_budget_exhausted,False,2.5922054999973625,0.0012164706570992059,6.0818778521593844e-05,0.9987835293429008,26.006161869898303,12.200037662734779,0.04999609169909796,1.6006161869898303,nan
penalty_x,20,2601,14 edge bits; all 2^14 bitstrings,16384,H_X=sum_j X_j (course beta/q scaling),40,continuation_from_p19_plus_seed_small_angle,140,140,evaluation_budget_exhausted,False,2.991425500018522,0.0012164511770197794,6.081778266959665e-05,0.9987835488229804,26.006190273247743,12.200037836419693,0.04999607367604837,1.6006190273247742,nan
penalty_x,21,2601,14 edge bits; all 2^14 bitstrings,16384,H_X=sum_j X_j (course beta/q scaling),42,continuation_from_p20_plus_seed_small_angle,143,143,evaluation_budget_exhausted,False,4.169233800028451,0.0012151330334385108,6.07503983516764e-05,0.9987848669665613,26.008112356846656,12.20004959222662,0.049994853797833604,1.6008112356846655,nan
penalty_x,22,2601,14 edge bits; all 2^14 bitstrings,16384,H_X=sum_j X_j (course beta/q scaling),44,continuation_from_p21_plus_seed_small_angle,146,146,evaluation_budget_exhausted,False,3.8818336999975145,0.0012132949637203086,6.065643639013477e-05,0.9987867050362796,26.01079714245181,12.200066017620786,0.04999314940214111,1.6010797142451811,nan
penalty_x,23,2601,14 edge bits; all 2^14 bitstrings,16384,H_X=sum_j X_j (course beta/q scaling),46,continuation_from_p22_plus_seed_small_angle,149,149,evaluation_budget_exhausted,False,4.38914789998671,0.0012112602633755317,6.0552425528963004e-05,0.9987887397366244,26.013773826731388,12.200084236110156,0.049991258988564456,1.6013773826731388,nan
penalty_x,24,2601,14 edge bits; all 2^14 bitstrings,16384,H_X=sum_j X_j (course beta/q scaling),48,continuation_from_p23_plus_seed_small_angle,152,152,evaluation_budget_exhausted,False,4.562095899949782,0.0012112441168147274,6.0551589811375165e-05,0.9987887558831852,26.013811177165937,12.200084463152866,0.04999123543370504,1.6013811177165937,nan
penalty_x,25,2601,14 edge bits; all 2^14 bitstrings,16384,H_X=sum_j X_j (course beta/q scaling),50,continuation_from_p24_plus_seed_small_angle,155,155,evaluation_budget_exhausted,False,5.273733899986837,0.001209586995732071,6.04668822740372e-05,0.998790413004268,26.01623948885807,12.200099330778817,0.049989692752476396,1.6016239488858068,nan
penalty_x,26,2601,14 edge bits; all 2^14 bitstrings,16384,H_X=sum_j X_j (course beta/q scaling),52,continuation_from_p25_plus_seed_small_angle,158,158,evaluation_budget_exhausted,False,6.056105400028173,0.001208230004569687,6.039751790491796e-05,0.9987917699954303,26.018230646744488,12.200111525574867,0.04998842743226578,1.601823064674449,nan
penalty_x,27,2601,14 edge bits; all 2^14 bitstrings,16384,H_X=sum_j X_j (course beta/q scaling),54,continuation_from_p26_plus_seed_small_angle,161,161,evaluation_budget_exhausted,False,7.886202799971215,0.0012109720529176243,6.0537663812845295e-05,0.9987890279470822,26.014233637446978,12.200087050875998,0.04999096689885653,1.6014233637446977,nan
penalty_x,28,2601,14 edge bits; all 2^14 bitstrings,16384,H_X=sum_j X_j (course beta/q scaling),56,continuation_from_p27_plus_seed_small_angle,164,164,evaluation_budget_exhausted,False,10.48318239999935,0.0012142637307402566,6.070593117694326e-05,0.9987857362692597,26.009418597382187,12.200057580483994,0.04999402488941579,1.6009418597382186,nan
penalty_x,29,2601,14 edge bits; all 2^14 bitstrings,16384,H_X=sum_j X_j (course beta/q scaling),58,continuation_from_p28_plus_seed_small_angle,167,167,evaluation_budget_exhausted,False,10.105530500004534,0.0012132031927568378,6.06517173089848e-05,0.998786796807243,26.01096793892875,12.200067059628008,0.04999304129027397,1.601096793892875,nan
penalty_x,30,2601,14 edge bits; all 2^14 bitstrings,16384,H_X=sum_j X_j (course beta/q scaling),60,continuation_from_p29_plus_seed_small_angle,170,170,evaluation_budget_exhausted,False,10.051427599973977,0.0012125401478168259,6.061782331769648e-05,0.9987874598521833,26.011937346713758,12.20007299168623,0.049992425757479995,1.6011937346713758,nan
penalty_x,31,2601,14 edge bits; all 2^14 bitstrings,16384,H_X=sum_j X_j (course beta/q scaling),62,continuation_from_p30_plus_seed_small_angle,173,173,evaluation_budget_exhausted,False,9.029802099976223,0.0012110385252420113,6.0541062776029534e-05,0.9987889614747579,26.014135711285146,12.200086446905553,0.049991029611490795,1.6014135711285147,nan
penalty_x,32,2601,14 edge bits; all 2^14 bitstrings,16384,H_X=sum_j X_j (course beta/q scaling),64,continuation_from_p31_plus_seed_small_angle,176,176,evaluation_budget_exhausted,False,9.863366300007328,0.0012087596049783786,6.042457036609395e-05,0.9987912403950214,26.017478232318673,12.200106912749943,0.049988906079612726,1.6017478232318674,nan
penalty_x,33,2601,14 edge bits; all 2^14 bitstrings,16384,H_X=sum_j X_j (course beta/q scaling),66,continuation_from_p32_plus_seed_small_angle,179,179,evaluation_budget_exhausted,False,11.044934800011106,0.0012072795697057896,6.034891690352202e-05,0.9987927204302942,26.019652358932685,12.2001202295642,0.04998752436291858,1.6019652358932686,nan
penalty_x,34,2601,14 edge bits; all 2^14 bitstrings,16384,H_X=sum_j X_j (course beta/q scaling),68,continuation_from_p33_plus_seed_small_angle,182,182,evaluation_budget_exhausted,False,10.168249599984847,0.0012050435545805124,6.023462297101786e-05,0.9987949564454195,26.022943140437846,12.200140393463167,0.049985432262642265,1.6022943140437846,nan
penalty_x,35,2601,14 edge bits; all 2^14 bitstrings,16384,H_X=sum_j X_j (course beta/q scaling),70,continuation_from_p34_plus_seed_small_angle,185,185,evaluation_budget_exhausted,False,10.588171300012618,0.0012045966006676502,6.0211777816885556e-05,0.9987954033993323,26.023601058219025,12.2001444258478,0.04998501389055311,1.6023601058219026,nan
penalty_x,36,2601,14 edge bits; all 2^14 bitstrings,16384,H_X=sum_j X_j (course beta/q scaling),72,continuation_from_p35_plus_seed_small_angle,188,188,evaluation_budget_exhausted,False,11.093270399956964,0.0012045444338603375,6.020911195596448e-05,0.9987954555661396,26.023677160652625,12.200144892359674,0.049984965488575325,1.6023677160652625,nan
penalty_x,37,2601,14 edge bits; all 2^14 bitstrings,16384,H_X=sum_j X_j (course beta/q scaling),74,continuation_from_p36_plus_seed_small_angle,191,191,evaluation_budget_exhausted,False,12.064518600003794,0.0012028679920711683,6.012342401389181e-05,0.9987971320079287,26.0261490071293,12.200160045102315,0.04998339336502569,1.6026149007129298,nan
penalty_x,38,2601,14 edge bits; all 2^14 bitstrings,16384,H_X=sum_j X_j (course beta/q scaling),76,continuation_from_p37_plus_seed_small_angle,194,194,evaluation_budget_exhausted,False,12.94349420000799,0.0012005401893296198,6.0004445667271455e-05,0.9987994598106704,26.02958802678887,12.200181135142731,0.049981205294574824,1.6029588026788868,nan
penalty_x,39,2601,14 edge bits; all 2^14 bitstrings,16384,H_X=sum_j X_j (course beta/q scaling),78,continuation_from_p38_plus_seed_small_angle,197,197,evaluation_budget_exhausted,False,13.041872399975546,0.0011984362605022066,5.9896913000029715e-05,0.9988015637394977,26.032702521660877,12.200200243253382,0.04997922290412827,1.6032702521660878,nan
penalty_x,40,2601,14 edge bits; all 2^14 bitstrings,16384,H_X=sum_j X_j (course beta/q scaling),80,continuation_from_p39_plus_seed_small_angle,200,200,evaluation_budget_exhausted,False,13.07825329998741,0.001195685422545078,5.9756320664212104e-05,0.998804314577455,26.036783979501042,12.200225295651968,0.04997662389913368,1.6036783979501041,nan
penalty_x,41,2601,14 edge bits; all 2^14 bitstrings,16384,H_X=sum_j X_j (course beta/q scaling),82,continuation_from_p40_plus_seed_small_angle,203,203,evaluation_budget_exhausted,False,14.22823690000223,0.0011931527687646657,5.962688340270748e-05,0.9988068472312354,26.04055134760935,12.200248432305553,0.049974223723624554,1.604055134760935,nan
penalty_x,42,2601,14 edge bits; all 2^14 bitstrings,16384,H_X=sum_j X_j (course beta/q scaling),84,continuation_from_p41_plus_seed_small_angle,206,206,evaluation_budget_exhausted,False,14.193864299973939,0.0011903252701912612,5.948238176288763e-05,0.998809674729809,26.044768423587428,12.200274344380063,0.049971535724289896,1.6044768423587428,nan
penalty_x,43,2601,14 edge bits; all 2^14 bitstrings,16384,H_X=sum_j X_j (course beta/q scaling),86,continuation_from_p42_plus_seed_small_angle,209,209,evaluation_budget_exhausted,False,15.280523299996275,0.0011871769869764863,5.93214921307438e-05,0.9988128230130235,26.04947720978141,12.200303294095841,0.049968532730595074,1.604947720978141,nan
penalty_x,44,2601,14 edge bits; all 2^14 bitstrings,16384,H_X=sum_j X_j (course beta/q scaling),88,continuation_from_p43_plus_seed_small_angle,212,212,evaluation_budget_exhausted,False,15.23655069997767,0.0011846590085770469,5.9192817842774635e-05,0.9988153409914231,26.053253653626456,12.200326524591052,0.04996612309045291,1.6053253653626456,nan
penalty_x,45,2601,14 edge bits; all 2^14 bitstrings,16384,H_X=sum_j X_j (course beta/q scaling),90,continuation_from_p44_plus_seed_small_angle,215,215,evaluation_budget_exhausted,False,16.676824299967848,0.0011820474846470405,5.905936704200901e-05,0.9988179525153529,26.057180440939135,12.200350691929323,0.04996361635983189,1.6057180440939134,nan
penalty_x,46,2601,14 edge bits; all 2^14 bitstrings,16384,H_X=sum_j X_j (course beta/q scaling),92,continuation_from_p45_plus_seed_small_angle,218,218,evaluation_budget_exhausted,False,16.820699899981264,0.0011787889914622836,5.889286216608919e-05,0.9988212110085376,26.062093340375245,12.200380944273927,0.04996047858661524,1.6062093340375245,nan
penalty_x,47,2601,14 edge bits; all 2^14 bitstrings,16384,H_X=sum_j X_j (course beta/q scaling),94,continuation_from_p46_plus_seed_small_angle,221,221,evaluation_budget_exhausted,False,21.508443300030194,0.0011756911804862119,5.873457508521438e-05,0.9988243088195137,26.066777218300082,12.200409802947902,0.04995748548604784,1.6066777218300081,nan
penalty_x,48,2601,14 edge bits; all 2^14 bitstrings,16384,H_X=sum_j X_j (course beta/q scaling),96,continuation_from_p47_plus_seed_small_angle,224,224,evaluation_budget_exhausted,False,22.52578969998285,0.0011729157685473977,5.859276614489235e-05,0.9988270842314526,26.07098608759971,12.20043575006764,0.049954794467003204,1.607098608759971,nan
penalty_x,49,2601,14 edge bits; all 2^14 bitstrings,16384,H_X=sum_j X_j (course beta/q scaling),98,continuation_from_p48_plus_seed_small_angle,227,227,evaluation_budget_exhausted,False,23.0291419000132,0.0011701083544347294,5.844932623401885e-05,0.9988298916455653,26.07525612436852,12.200462088206171,0.049952062996982266,1.6075256124368518,nan
penalty_x,50,2601,14 edge bits; all 2^14 bitstrings,16384,H_X=sum_j X_j (course beta/q scaling),100,continuation_from_p49_plus_seed_small_angle,230,230,evaluation_budget_exhausted,False,19.848720300011337,0.001167091619241416,5.8295198077789756e-05,0.9988329083807584,26.079856314825268,12.200490477471696,0.0499491189180849,1.6079856314825267,nan
penalty_x,51,2601,14 edge bits; all 2^14 bitstrings,16384,H_X=sum_j X_j (course beta/q scaling),102,continuation_from_p50_plus_seed_small_angle,233,233,evaluation_budget_exhausted,False,21.707913299964275,0.0011666503974904709,5.8272656127230706e-05,0.9988333496025096,26.080530212706496,12.200494637648605,0.04994868750105292,1.6080530212706496,nan
penalty_x,52,2601,14 edge bits; all 2^14 bitstrings,16384,H_X=sum_j X_j (course beta/q scaling),104,continuation_from_p51_plus_seed_small_angle,236,236,evaluation_budget_exhausted,False,24.02560660004383,0.001163274403267343,5.8100182243067116e-05,0.9988367255967326,26.085694902297735,12.200526531760268,0.049945380109695896,1.6085694902297736,nan
penalty_x,53,2601,14 edge bits; all 2^14 bitstrings,16384,H_X=sum_j X_j (course beta/q scaling),106,continuation_from_p52_plus_seed_small_angle,239,239,evaluation_budget_exhausted,False,22.57339180004783,0.0011598852114925924,5.79270415035795e-05,0.9988401147885075,26.090896907836473,12.200558677363599,0.04994204679016157,1.6090896907836474,nan
penalty_x,54,2601,14 edge bits; all 2^14 bitstrings,16384,H_X=sum_j X_j (course beta/q scaling),108,continuation_from_p53_plus_seed_small_angle,242,242,evaluation_budget_exhausted,False,25.69186580000678,0.0011593667551644165,5.790055640734814e-05,0.9988406332448355,26.09169397420017,12.200563604506566,0.04994153588536953,1.609169397420017,nan
penalty_x,55,2601,14 edge bits; all 2^14 bitstrings,16384,H_X=sum_j X_j (course beta/q scaling),110,continuation_from_p54_plus_seed_small_angle,245,245,evaluation_budget_exhausted,False,27.718254600011278,0.0011551985791177952,5.76876337404061e-05,0.9988448014208824,26.0981163877778,12.200603323274928,0.04993741749964852,1.60981163877778,nan
penalty_x,56,2601,14 edge bits; all 2^14 bitstrings,16384,H_X=sum_j X_j (course beta/q scaling),112,continuation_from_p55_plus_seed_small_angle,248,248,evaluation_budget_exhausted,False,31.01500600000145,0.001154117331867823,5.763240217688784e-05,0.998845882668132,26.099786839504986,12.20061365940309,0.04993634579910137,1.6099786839504986,nan
penalty_x,57,2601,14 edge bits; all 2^14 bitstrings,16384,H_X=sum_j X_j (course beta/q scaling),114,continuation_from_p56_plus_seed_small_angle,251,251,evaluation_budget_exhausted,False,26.274370900006033,0.0011508203746659275,5.74639950720363e-05,0.998849179625334,26.10488990258481,12.200645247808612,0.04993307064859498,1.610488990258481,nan
penalty_x,58,2601,14 edge bits; all 2^14 bitstrings,16384,H_X=sum_j X_j (course beta/q scaling),116,continuation_from_p57_plus_seed_small_angle,254,254,evaluation_budget_exhausted,False,26.928869600000326,0.0011493619493516468,5.738950168252191e-05,0.9988506380506484,26.107152480785917,12.200659259842249,0.04993161789886574,1.6107152480785918,nan
penalty_x,59,2601,14 edge bits; all 2^14 bitstrings,16384,H_X=sum_j X_j (course beta/q scaling),118,continuation_from_p58_plus_seed_small_angle,257,257,evaluation_budget_exhausted,False,27.60696879995521,0.001145660625960577,5.7200451010440476e-05,0.9988543393740393,26.112910394134683,12.200694937050972,0.049927919066329846,1.6112910394134683,nan
penalty_x,60,2601,14 edge bits; all 2^14 bitstrings,16384,H_X=sum_j X_j (course beta/q scaling),120,continuation_from_p59_plus_seed_small_angle,260,260,evaluation_budget_exhausted,False,31.52201159996912,0.0011449187409920234,5.71625595181008e-05,0.998855081259008,26.114066646260483,12.200702104260984,0.04992717602698326,1.6114066646260483,nan
penalty_x,61,2601,14 edge bits; all 2^14 bitstrings,16384,H_X=sum_j X_j (course beta/q scaling),122,continuation_from_p60_plus_seed_small_angle,263,263,evaluation_budget_exhausted,False,28.474507200007793,0.0011421363469279883,5.702045274393046e-05,0.998857863653072,26.118411034470604,12.200729043193126,0.049924383281644745,1.6118411034470603,nan
penalty_x,62,2601,14 edge bits; all 2^14 bitstrings,16384,H_X=sum_j X_j (course beta/q scaling),124,continuation_from_p61_plus_seed_small_angle,266,266,evaluation_budget_exhausted,False,26.370038699998986,0.0011420534983603938,5.701622143903215e-05,0.9988579465016396,26.118540591643843,12.200729846793852,0.04992429997446559,1.6118540591643842,nan
penalty_x,63,2601,14 edge bits; all 2^14 bitstrings,16384,H_X=sum_j X_j (course beta/q scaling),126,continuation_from_p62_plus_seed_small_angle,269,269,evaluation_budget_exhausted,False,28.042460399970878,0.001140310434668383,5.692719992037634e-05,0.9988596895653316,26.121268218604364,12.200746767995822,0.049922545817035785,1.6121268218604363,nan
penalty_x,64,2601,14 edge bits; all 2^14 bitstrings,16384,H_X=sum_j X_j (course beta/q scaling),128,continuation_from_p63_plus_seed_small_angle,272,272,evaluation_budget_exhausted,False,30.01742780004861,0.001139533833974332,5.68875382432029e-05,0.9988604661660255,26.122484849044334,12.200754317298047,0.049921763222068836,1.6122484849044334,nan
penalty_x,65,2601,14 edge bits; all 2^14 bitstrings,16384,H_X=sum_j X_j (course beta/q scaling),130,continuation_from_p64_plus_seed_small_angle,275,275,evaluation_budget_exhausted,False,30.576379299978726,0.0011350583054712932,5.665897787809142e-05,0.9988649416945289,26.129513366058514,12.2007979518277,0.0499172400263313,1.6129513366058514,nan
penalty_x,66,2601,14 edge bits; all 2^14 bitstrings,16384,H_X=sum_j X_j (course beta/q scaling),132,continuation_from_p65_plus_seed_small_angle,278,278,evaluation_budget_exhausted,False,32.172261200030334,0.0011305657769699786,5.642956096483361e-05,0.9988694342230299,26.136602527667478,12.20084200318473,0.04991267391453338,1.6136602527667478,nan
penalty_x,67,2601,14 edge bits; all 2^14 bitstrings,16384,H_X=sum_j X_j (course beta/q scaling),134,continuation_from_p66_plus_seed_small_angle,281,281,evaluation_budget_exhausted,False,30.042751599976327,0.0011278473681035172,5.6290749647960134e-05,0.9988721526318964,26.14090611819666,12.200868763180297,0.049909900257703664,1.614090611819666,nan
penalty_x,68,2601,14 edge bits; all 2^14 bitstrings,16384,H_X=sum_j X_j (course beta/q scaling),136,continuation_from_p67_plus_seed_small_angle,284,284,evaluation_budget_exhausted,False,32.91119820001768,0.0011270124112592607,5.624811536844137e-05,0.9988729875887408,26.14222969851977,12.200876995806953,0.04990904696922802,1.614222969851977,nan
penalty_x,69,2601,14 edge bits; all 2^14 bitstrings,16384,H_X=sum_j X_j (course beta/q scaling),138,continuation_from_p68_plus_seed_small_angle,287,287,evaluation_budget_exhausted,False,38.33688969997456,0.0011240618896100596,5.6097461394914654e-05,0.9988759381103899,26.146914788906315,12.200906147429425,0.049906025560901304,1.6146914788906315,nan
penalty_x,70,2601,14 edge bits; all 2^14 bitstrings,16384,H_X=sum_j X_j (course beta/q scaling),140,continuation_from_p69_plus_seed_small_angle,290,290,evaluation_budget_exhausted,False,37.228322400012985,0.001121321227883057,5.595752882054514e-05,0.9988786787721169,26.151278283899032,12.20093331307369,0.049903210096349813,1.615127828389903,nan
penalty_x,71,2601,14 edge bits; all 2^14 bitstrings,16384,H_X=sum_j X_j (course beta/q scaling),142,continuation_from_p70_plus_seed_small_angle,293,293,evaluation_budget_exhausted,False,38.313742299971636,0.0011172792673078548,5.575116569135911e-05,0.9988827207326921,26.15773334838776,12.200973526457208,0.04989904254259956,1.6157733348387762,nan
penalty_x,72,2601,14 edge bits; all 2^14 bitstrings,16384,H_X=sum_j X_j (course beta/q scaling),144,continuation_from_p71_plus_seed_small_angle,296,296,evaluation_budget_exhausted,False,37.454207200033125,0.001115025137527415,5.563608649317288e-05,0.9988849748624726,26.161343360336716,12.200996029585513,0.049896710505152146,1.6161343360336715,nan
penalty_x,73,2601,14 edge bits; all 2^14 bitstrings,16384,H_X=sum_j X_j (course beta/q scaling),146,continuation_from_p72_plus_seed_small_angle,299,299,evaluation_budget_exhausted,False,36.71343850000994,0.0011138951152279528,5.557839708754585e-05,0.9988861048847721,26.163156375269335,12.201007335030058,0.04989553893157349,1.6163156375269334,nan
penalty_x,74,2601,14 edge bits; all 2^14 bitstrings,16384,H_X=sum_j X_j (course beta/q scaling),148,continuation_from_p73_plus_seed_small_angle,302,302,evaluation_budget_exhausted,False,37.742385799996555,0.0011136430934439966,5.556553127354045e-05,0.9988863569065561,26.16356077767039,12.201009857022669,0.04989527758098987,1.6163560777670392,nan
penalty_x,75,2601,14 edge bits; all 2^14 bitstrings,16384,H_X=sum_j X_j (course beta/q scaling),150,continuation_from_p74_plus_seed_small_angle,305,305,evaluation_budget_exhausted,False,40.719754500023555,0.001109927019206389,5.537582957365342e-05,0.9988900729807937,26.169535276171654,12.201047131020436,0.04989141503488022,1.6169535276171654,nan
penalty_x,76,2601,14 edge bits; all 2^14 bitstrings,16384,H_X=sum_j X_j (course beta/q scaling),152,continuation_from_p75_plus_seed_small_angle,308,308,evaluation_budget_exhausted,False,39.58808229997521,0.0011090096755583302,5.5329001528692996e-05,0.9988909903244415,26.171013700515065,12.201056359088797,0.04989045880130635,1.6171013700515064,nan
penalty_x,77,2601,14 edge bits; all 2^14 bitstrings,16384,H_X=sum_j X_j (course beta/q scaling),154,continuation_from_p76_plus_seed_small_angle,311,311,evaluation_budget_exhausted,False,41.92899760004366,0.0011052305198419137,5.513609394638064e-05,0.9988947694801581,26.177115556025093,12.201094462890953,0.049886510512093904,1.6177115556025092,nan
penalty_x,78,2601,14 edge bits; all 2^14 bitstrings,16384,H_X=sum_j X_j (course beta/q scaling),156,continuation_from_p77_plus_seed_small_angle,314,314,evaluation_budget_exhausted,False,53.079524700006004,0.0011008478473205235,5.4912395682338476e-05,0.9988991521526795,26.18421660644477,12.201138842062267,0.04988191221520384,1.618421660644477,nan
penalty_x,79,2601,14 edge bits; all 2^14 bitstrings,16384,H_X=sum_j X_j (course beta/q scaling),158,continuation_from_p78_plus_seed_small_angle,317,317,evaluation_budget_exhausted,False,46.52926080004545,0.0010953210414467733,5.463031511646216e-05,0.9989046789585532,26.19322124615204,12.201195176333677,0.04987607564290263,1.6193221246152039,nan
penalty_x,80,2601,14 edge bits; all 2^14 bitstrings,16384,H_X=sum_j X_j (course beta/q scaling),160,continuation_from_p79_plus_seed_small_angle,320,320,evaluation_budget_exhausted,False,45.77450360002695,0.001091198816841215,5.4419940918275384e-05,0.9989088011831587,26.199964696753643,12.201237404582969,0.04987170081049883,1.6199964696753644,nan
penalty_x,81,2601,14 edge bits; all 2^14 bitstrings,16384,H_X=sum_j X_j (course beta/q scaling),162,continuation_from_p80_plus_seed_small_angle,323,323,evaluation_budget_exhausted,False,50.94300079997629,0.001085834290808532,5.414617936248417e-05,0.9989141657091913,26.20879132976202,12.201292732827204,0.049865969255922044,1.6208791329762018,nan
penalty_x,82,2601,14 edge bits; all 2^14 bitstrings,16384,H_X=sum_j X_j (course beta/q scaling),164,continuation_from_p81_plus_seed_small_angle,326,326,evaluation_budget_exhausted,False,46.745343999995384,0.0010809127438880387,5.3895052300666746e-05,0.998919087256112,26.216917946525985,12.201343724225621,0.04986068728064623,1.6216917946525986,nan
penalty_x,83,2601,14 edge bits; all 2^14 bitstrings,16384,H_X=sum_j X_j (course beta/q scaling),166,continuation_from_p82_plus_seed_small_angle,329,329,evaluation_budget_exhausted,False,47.08519509999314,0.0010781219943831525,5.375266210830004e-05,0.9989218780056166,26.221540442612337,12.201372751086721,0.049857680659835375,1.6221540442612337,nan
penalty_x,84,2601,14 edge bits; all 2^14 bitstrings,16384,H_X=sum_j X_j (course beta/q scaling),168,continuation_from_p83_plus_seed_small_angle,332,332,evaluation_budget_exhausted,False,46.23557060002349,0.0010769856124630364,5.369468318401148e-05,0.9989230143875367,26.223426296827487,12.201384598118,0.04985645357064076,1.6223426296827488,nan
penalty_x,85,2601,14 edge bits; all 2^14 bitstrings,16384,H_X=sum_j X_j (course beta/q scaling),170,continuation_from_p84_plus_seed_small_angle,335,335,evaluation_budget_exhausted,False,48.45393260003766,0.0010746855691678827,5.357732376855819e-05,0.998925314430832,26.22726803316067,12.201408742417875,0.04985395291949675,1.622726803316067,nan
penalty_x,86,2601,14 edge bits; all 2^14 bitstrings,16384,H_X=sum_j X_j (course beta/q scaling),172,continuation_from_p85_plus_seed_small_angle,338,338,evaluation_budget_exhausted,False,53.049901199992746,0.0010723434233566617,5.345783536071298e-05,0.9989276565766434,26.231167891034296,12.201433261147853,0.049851413452398165,1.6231167891034297,nan
penalty_x,87,2601,14 edge bits; all 2^14 bitstrings,16384,H_X=sum_j X_j (course beta/q scaling),174,continuation_from_p86_plus_seed_small_angle,341,341,evaluation_budget_exhausted,False,50.67295330000343,0.0010655117745027186,5.3109329382835916e-05,0.9989344882254974,26.24259927535403,12.201505201515944,0.04984396292347158,1.624259927535403,nan
penalty_x,88,2601,14 edge bits; all 2^14 bitstrings,16384,H_X=sum_j X_j (course beta/q scaling),176,continuation_from_p87_plus_seed_small_angle,344,344,evaluation_budget_exhausted,False,50.79030660004355,0.0010628117454387549,5.2971600694725425e-05,0.9989371882545615,26.24714032259486,12.201533808333323,0.049841000461335175,1.624714032259486,nan
penalty_x,89,2601,14 edge bits; all 2^14 bitstrings,16384,H_X=sum_j X_j (course beta/q scaling),178,continuation_from_p88_plus_seed_small_angle,347,347,evaluation_budget_exhausted,False,49.71158000000287,0.0010605581782320126,5.285663035568003e-05,0.9989394418217679,26.250969112224535,12.201557941891812,0.049838501499082186,1.6250969112224536,nan
penalty_x,90,2601,14 edge bits; all 2^14 bitstrings,16384,H_X=sum_j X_j (course beta/q scaling),180,continuation_from_p89_plus_seed_small_angle,350,350,evaluation_budget_exhausted,False,58.260727699962445,0.001053409876547512,5.2492036193881264e-05,0.9989465901234524,26.263079075802953,12.20163434177817,0.049830590506632404,1.6263079075802953,nan
penalty_x,91,2601,14 edge bits; all 2^14 bitstrings,16384,H_X=sum_j X_j (course beta/q scaling),182,continuation_from_p90_plus_seed_small_angle,353,353,evaluation_budget_exhausted,False,58.32824190001702,0.001051973712095589,5.241879075918765e-05,0.9989480262879042,26.265522417026567,12.201649770328457,0.04982899302185656,1.6265522417026568,nan
penalty_x,92,2601,14 edge bits; all 2^14 bitstrings,16384,H_X=sum_j X_j (course beta/q scaling),184,continuation_from_p91_plus_seed_small_angle,356,356,evaluation_budget_exhausted,False,56.601380199950654,0.0010514737272991528,5.239329165807884e-05,0.9989485262727009,26.266373735832527,12.201655147081256,0.04982843631543494,1.6266373735832527,nan
penalty_x,93,2601,14 edge bits; all 2^14 bitstrings,16384,H_X=sum_j X_j (course beta/q scaling),186,continuation_from_p92_plus_seed_small_angle,359,359,evaluation_budget_exhausted,False,57.268663199967705,0.0010471774798201574,5.2174171137582315e-05,0.9989528225201798,26.273738478582036,12.201701682591485,0.049823618386582114,1.6273738478582036,nan
penalty_x,94,2601,14 edge bits; all 2^14 bitstrings,16384,H_X=sum_j X_j (course beta/q scaling),188,continuation_from_p93_plus_seed_small_angle,362,362,evaluation_budget_exhausted,False,62.000082799990196,0.001043417723093889,5.1982444848551805e-05,0.9989565822769061,26.280181470301784,12.201742428762097,0.04981939993736747,1.6280181470301784,nan
penalty_x,95,2601,14 edge bits; all 2^14 bitstrings,16384,H_X=sum_j X_j (course beta/q scaling),190,continuation_from_p94_plus_seed_small_angle,365,365,evaluation_budget_exhausted,False,57.44024410005659,0.001040408826798177,5.1828986378184595e-05,0.9989595911732019,26.285400469857993,12.20177545604156,0.049815981029002365,1.6285400469857993,nan
penalty_x,96,2601,14 edge bits; all 2^14 bitstrings,16384,H_X=sum_j X_j (course beta/q scaling),192,continuation_from_p95_plus_seed_small_angle,368,368,evaluation_budget_exhausted,False,62.864692500035744,0.0010386537701830248,5.173949626239879e-05,0.9989613462298168,26.288426769031478,12.201794617148641,0.0498139974529545,1.6288426769031479,nan
penalty_x,97,2601,14 edge bits; all 2^14 bitstrings,16384,H_X=sum_j X_j (course beta/q scaling),194,continuation_from_p96_plus_seed_small_angle,371,371,evaluation_budget_exhausted,False,61.87046859995462,0.0010381691752120248,5.171478799948879e-05,0.9989618308247881,26.289262271751472,12.201799908304286,0.049813449709607396,1.6289262271751472,nan
penalty_x,98,2601,14 edge bits; all 2^14 bitstrings,16384,H_X=sum_j X_j (course beta/q scaling),196,continuation_from_p97_plus_seed_small_angle,374,374,evaluation_budget_exhausted,False,62.58429880003678,0.0010311877211202805,5.135884571045992e-05,0.9989688122788798,26.301341258992277,12.201876465381421,0.049805524889943185,1.6301341258992277,nan
penalty_x,99,2601,14 edge bits; all 2^14 bitstrings,16384,H_X=sum_j X_j (course beta/q scaling),198,continuation_from_p98_plus_seed_small_angle,377,377,evaluation_budget_exhausted,False,65.03261360002216,0.0010291724450449966,5.1256108388728086e-05,0.998970827554955,26.304841236062206,12.20189867007056,0.0498032265005765,1.6304841236062206,nan
penalty_x,100,2601,14 edge bits; all 2^14 bitstrings,16384,H_X=sum_j X_j (course beta/q scaling),200,continuation_from_p99_plus_seed_small_angle,380,380,evaluation_budget_exhausted,False,63.81801260000793,0.0010221984714726582,5.0900607864792346e-05,0.9989778015285272,26.317007200148286,12.201975930339216,0.049795229874939055,1.6317007200148286,nan
penalty_x,101,2601,14 edge bits; all 2^14 bitstrings,16384,H_X=sum_j X_j (course beta/q scaling),202,continuation_from_p100_plus_seed_small_angle,383,383,evaluation_budget_exhausted,False,67.1568530999939,0.0010211538110360722,5.084735936209505e-05,0.998978846188964,26.318837344668022,12.20198756293612,0.049794025946497567,1.6318837344668022,nan
penalty_x,102,2601,14 edge bits; all 2^14 bitstrings,16384,H_X=sum_j X_j (course beta/q scaling),204,continuation_from_p101_plus_seed_small_angle,386,386,evaluation_budget_exhausted,False,68.66600949998247,0.0010182836883867574,5.0701067741974534e-05,0.998981716311613,26.323876170460885,12.202019604044434,0.04979070991729135,1.6323876170460885,nan
penalty_x,103,2601,14 edge bits; all 2^14 bitstrings,16384,H_X=sum_j X_j (course beta/q scaling),206,continuation_from_p102_plus_seed_small_angle,389,389,evaluation_budget_exhausted,False,70.90525999997044,0.0010157687712598663,5.0572846760824005e-05,0.9989842312287402,26.328366470249332,12.202048160107209,0.04978775504005512,1.6328366470249331,nan
penalty_x,104,2601,14 edge bits; all 2^14 bitstrings,16384,H_X=sum_j X_j (course beta/q scaling),208,continuation_from_p103_plus_seed_small_angle,392,392,evaluation_budget_exhausted,False,69.77964029996656,0.0010111085267728304,5.033534042446127e-05,0.998988891473227,26.336596750570983,12.202100564212477,0.04978233205600323,1.6336596750570984,nan
penalty_x,105,2601,14 edge bits; all 2^14 bitstrings,16384,H_X=sum_j X_j (course beta/q scaling),210,continuation_from_p104_plus_seed_small_angle,395,395,evaluation_budget_exhausted,False,71.7390185999684,0.0010022786749392426,4.9885389553991584e-05,0.9989977213250607,26.352292423776724,12.20220065365097,0.049771975400968796,1.6352292423776724,nan
penalty_x,106,2601,14 edge bits; all 2^14 bitstrings,16384,H_X=sum_j X_j (course beta/q scaling),212,continuation_from_p105_plus_seed_small_angle,398,398,evaluation_budget_exhausted,False,83.80594559997553,0.0009998090244139378,4.9759555231461233e-05,0.999000190975586,26.356705618463195,12.202228831965204,0.04976905990684471,1.6356705618463194,nan
penalty_x,107,2601,14 edge bits; all 2^14 bitstrings,16384,H_X=sum_j X_j (course beta/q scaling),214,continuation_from_p106_plus_seed_small_angle,400,400,evaluation_budget_exhausted,False,75.88236970000435,0.0009979202424314627,4.966332077702519e-05,0.9990020797575685,26.36008903583467,12.202250445657555,0.04976682370528832,1.6360089035834668,nan
penalty_x,108,2601,14 edge bits; all 2^14 bitstrings,16384,H_X=sum_j X_j (course beta/q scaling),216,continuation_from_p107_plus_seed_small_angle,400,400,evaluation_budget_exhausted,False,75.94702859997051,0.0009965997137502025,4.9596043011790246e-05,0.99900340028625,26.362455318206855,12.202265567888128,0.04976525913815533,1.6362455318206854,nan
penalty_x,109,2601,14 edge bits; all 2^14 bitstrings,16384,H_X=sum_j X_j (course beta/q scaling),218,continuation_from_p108_plus_seed_small_angle,400,400,evaluation_budget_exhausted,False,74.28540240001166,0.000996011062307445,4.95660535338828e-05,0.9990039889376926,26.363510539233353,12.202272313156351,0.049764561268078496,1.6363510539233352,nan
penalty_x,110,2601,14 edge bits; all 2^14 bitstrings,16384,H_X=sum_j X_j (course beta/q scaling),220,continuation_from_p109_plus_seed_small_angle,400,400,evaluation_budget_exhausted,False,76.0898924000212,0.0009884231598798123,4.9179504271215244e-05,0.9990115768401201,26.377175982264266,12.202359746866094,0.04975551592416678,1.6377175982264265,nan
grover_cost_phase,1,2601,logical_feasible_routes_20_routes,20,"H_G,F=|s_F><s_F| (rank-one feasible Grover mixer)",2,depth_derived_seed,83,17,converged,True,0.03612619999330491,1.0,0.049999999999999996,0.0,12.2,12.2,0.049999999999999996,0.21999999999999992,0.049999999999999996
grover_cost_phase,2,2601,logical_feasible_routes_20_routes,20,"H_G,F=|s_F><s_F| (rank-one feasible Grover mixer)",4,continuation_from_p1_plus_seed_small_angle,86,86,evaluation_budget_exhausted,False,0.0891138999722898,1.0,0.04985285875809476,0.0,12.201419369501458,12.201419369501458,0.04985285875809476,0.22014193695014583,0.04985285875809476
grover_cost_phase,3,2601,logical_feasible_routes_20_routes,20,"H_G,F=|s_F><s_F| (rank-one feasible Grover mixer)",6,continuation_from_p2_plus_seed_small_angle,89,89,evaluation_budget_exhausted,False,0.10013729997444898,1.0,0.04986231578417486,0.0,12.201327982414837,12.201327982414837,0.04986231578417486,0.22013279824148366,0.04986231578417486
grover_cost_phase,4,2601,logical_feasible_routes_20_routes,20,"H_G,F=|s_F><s_F| (rank-one feasible Grover mixer)",8,continuation_from_p3_plus_seed_small_angle,92,92,evaluation_budget_exhausted,False,0.12314160005189478,1.0,0.049468802963051055,0.0,12.205131093461276,12.205131093461276,0.049468802963051055,0.22051310934612758,0.049468802963051055
grover_cost_phase,5,2601,logical_feasible_routes_20_routes,20,"H_G,F=|s_F><s_F| (rank-one feasible Grover mixer)",10,continuation_from_p4_plus_seed_small_angle,95,95,evaluation_budget_exhausted,False,0.1256165000377223,1.0,0.0494373474882116,0.0,12.205435917099635,12.205435917099635,0.0494373474882116,0.2205435917099635,0.0494373474882116
grover_cost_phase,6,2601,logical_feasible_routes_20_routes,20,"H_G,F=|s_F><s_F| (rank-one feasible Grover mixer)",12,continuation_from_p5_plus_seed_small_angle,98,98,evaluation_budget_exhausted,False,0.12205530004575849,1.0,0.049331047427655705,0.0,12.206466874574666,12.206466874574666,0.049331047427655705,0.22064668745746657,0.049331047427655705
grover_cost_phase,7,2601,logical_feasible_routes_20_routes,20,"H_G,F=|s_F><s_F| (rank-one feasible Grover mixer)",14,continuation_from_p6_plus_seed_small_angle,101,101,evaluation_budget_exhausted,False,0.1408868000144139,1.0,0.04888921499364283,0.0,12.210761559133253,12.210761559133253,0.04888921499364283,0.22107615591332533,0.04888921499364283
grover_cost_phase,8,2601,logical_feasible_routes_20_routes,20,"H_G,F=|s_F><s_F| (rank-one feasible Grover mixer)",16,continuation_from_p7_plus_seed_small_angle,104,104,evaluation_budget_exhausted,False,0.17773039999883622,1.0,0.048194748127804804,0.0,12.217551363460961,12.217551363460961,0.048194748127804804,0.22175513634609612,0.048194748127804804
grover_cost_phase,9,2601,logical_feasible_routes_20_routes,20,"H_G,F=|s_F><s_F| (rank-one feasible Grover mixer)",18,continuation_from_p8_plus_seed_small_angle,107,107,evaluation_budget_exhausted,False,0.1671998999081552,1.0,0.04823932857406645,0.0,12.217114591532301,12.217114591532301,0.04823932857406645,0.2217114591532301,0.04823932857406645
grover_cost_phase,10,2601,logical_feasible_routes_20_routes,20,"H_G,F=|s_F><s_F| (rank-one feasible Grover mixer)",20,continuation_from_p9_plus_seed_small_angle,110,110,evaluation_budget_exhausted,False,0.3163784999633208,1.0,0.04833058464629864,0.0,12.216201760611934,12.216201760611934,0.04833058464629864,0.2216201760611934,0.04833058464629864
grover_cost_phase,11,2601,logical_feasible_routes_20_routes,20,"H_G,F=|s_F><s_F| (rank-one feasible Grover mixer)",22,continuation_from_p10_plus_seed_small_angle,113,113,evaluation_budget_exhausted,False,0.4740685001015663,1.0,0.046858999171752146,0.0,12.230786309895672,12.230786309895672,0.046858999171752146,0.2230786309895672,0.046858999171752146
grover_cost_phase,12,2601,logical_feasible_routes_20_routes,20,"H_G,F=|s_F><s_F| (rank-one feasible Grover mixer)",24,continuation_from_p11_plus_seed_small_angle,116,116,evaluation_budget_exhausted,False,0.37949740001931787,1.0,0.045488778120261565,0.0,12.244688521410627,12.244688521410627,0.045488778120261565,0.22446885214106266,0.045488778120261565
grover_cost_phase,13,2601,logical_feasible_routes_20_routes,20,"H_G,F=|s_F><s_F| (rank-one feasible Grover mixer)",26,continuation_from_p12_plus_seed_small_angle,119,119,evaluation_budget_exhausted,False,0.3388482000445947,1.0,0.05575290674333162,0.0,12.172374036023111,12.172374036023111,0.05575290674333162,0.2172374036023111,0.05575290674333162
grover_cost_phase,14,2601,logical_feasible_routes_20_routes,20,"H_G,F=|s_F><s_F| (rank-one feasible Grover mixer)",28,continuation_from_p13_plus_seed_small_angle,122,122,evaluation_budget_exhausted,False,0.34696329990401864,1.0,0.17742439458486395,0.0,11.270485101887154,11.270485101887154,0.17742439458486395,0.12704851018871538,0.17742439458486395
grover_cost_phase,15,2601,logical_feasible_routes_20_routes,20,"H_G,F=|s_F><s_F| (rank-one feasible Grover mixer)",30,continuation_from_p14_plus_seed_small_angle,125,125,evaluation_budget_exhausted,False,0.29536270000971854,1.0,0.18206060762371054,0.0,11.25218504152186,11.25218504152186,0.18206060762371054,0.12521850415218605,0.18206060762371054
grover_cost_phase,16,2601,logical_feasible_routes_20_routes,20,"H_G,F=|s_F><s_F| (rank-one feasible Grover mixer)",32,continuation_from_p15_plus_seed_small_angle,128,128,evaluation_budget_exhausted,False,0.4293620999669656,1.0,0.18544533334052954,0.0,11.24851344764633,11.24851344764633,0.18544533334052954,0.12485134476463297,0.18544533334052954
grover_cost_phase,17,2601,logical_feasible_routes_20_routes,20,"H_G,F=|s_F><s_F| (rank-one feasible Grover mixer)",34,continuation_from_p16_plus_seed_small_angle,131,131,evaluation_budget_exhausted,False,0.38266669993754476,1.0,0.1888605713027222,0.0,11.245448423436368,11.245448423436368,0.1888605713027222,0.12454484234363683,0.1888605713027222
grover_cost_phase,18,2601,logical_feasible_routes_20_routes,20,"H_G,F=|s_F><s_F| (rank-one feasible Grover mixer)",36,continuation_from_p17_plus_seed_small_angle,134,134,evaluation_budget_exhausted,False,0.40745329996570945,1.0,0.1853522035909374,0.0,11.245761828396706,11.245761828396706,0.1853522035909374,0.12457618283967058,0.1853522035909374
grover_cost_phase,19,2601,logical_feasible_routes_20_routes,20,"H_G,F=|s_F><s_F| (rank-one feasible Grover mixer)",38,continuation_from_p18_plus_seed_small_angle,137,137,evaluation_budget_exhausted,False,0.4043508000904694,1.0,0.18480703392004613,0.0,11.244647685859277,11.244647685859277,0.18480703392004613,0.12446476858592774,0.18480703392004613
grover_cost_phase,20,2601,logical_feasible_routes_20_routes,20,"H_G,F=|s_F><s_F| (rank-one feasible Grover mixer)",40,continuation_from_p19_plus_seed_small_angle,140,140,evaluation_budget_exhausted,False,0.8183156999293715,1.0,0.18385835368221304,0.0,11.239782045601586,11.239782045601586,0.18385835368221304,0.12397820456015865,0.18385835368221304
grover_cost_phase,21,2601,logical_feasible_routes_20_routes,20,"H_G,F=|s_F><s_F| (rank-one feasible Grover mixer)",42,continuation_from_p20_plus_seed_small_angle,143,143,evaluation_budget_exhausted,False,0.7012963000452146,1.0,0.18277807065378807,0.0,11.243019083176456,11.243019083176456,0.18277807065378807,0.12430190831764562,0.18277807065378807
grover_cost_phase,22,2601,logical_feasible_routes_20_routes,20,"H_G,F=|s_F><s_F| (rank-one feasible Grover mixer)",44,continuation_from_p21_plus_seed_small_angle,146,146,evaluation_budget_exhausted,False,0.7535935000050813,1.0,0.18255014248195292,0.0,11.246075828088308,11.246075828088308,0.18255014248195292,0.12460758280883084,0.18255014248195292
grover_cost_phase,23,2601,logical_feasible_routes_20_routes,20,"H_G,F=|s_F><s_F| (rank-one feasible Grover mixer)",46,continuation_from_p22_plus_seed_small_angle,149,149,evaluation_budget_exhausted,False,0.5468126999912784,1.0,0.1794515414305813,0.0,11.248953277396708,11.248953277396708,0.1794515414305813,0.12489532773967085,0.1794515414305813
grover_cost_phase,24,2601,logical_feasible_routes_20_routes,20,"H_G,F=|s_F><s_F| (rank-one feasible Grover mixer)",48,continuation_from_p23_plus_seed_small_angle,152,152,evaluation_budget_exhausted,False,0.4561930999625474,1.0,0.17933911546816536,0.0,11.249149105660353,11.249149105660353,0.17933911546816536,0.12491491056603525,0.17933911546816536
grover_cost_phase,25,2601,logical_feasible_routes_20_routes,20,"H_G,F=|s_F><s_F| (rank-one feasible Grover mixer)",50,continuation_from_p24_plus_seed_small_angle,155,155,evaluation_budget_exhausted,False,0.5408244000282139,1.0,0.1767549091681491,0.0,11.254168097603797,11.254168097603797,0.1767549091681491,0.1254168097603797,0.1767549091681491
grover_cost_phase,26,2601,logical_feasible_routes_20_routes,20,"H_G,F=|s_F><s_F| (rank-one feasible Grover mixer)",52,continuation_from_p25_plus_seed_small_angle,158,158,evaluation_budget_exhausted,False,0.5193593000294641,1.0,0.17460914137298936,0.0,11.258789750595135,11.258789750595135,0.17460914137298936,0.12587897505951345,0.17460914137298936
grover_cost_phase,27,2601,logical_feasible_routes_20_routes,20,"H_G,F=|s_F><s_F| (rank-one feasible Grover mixer)",54,continuation_from_p26_plus_seed_small_angle,161,161,evaluation_budget_exhausted,False,0.6506647999631241,1.0,0.17207817596196257,0.0,11.26563251833548,11.26563251833548,0.17207817596196257,0.12656325183354794,0.17207817596196257
grover_cost_phase,28,2601,logical_feasible_routes_20_routes,20,"H_G,F=|s_F><s_F| (rank-one feasible Grover mixer)",56,continuation_from_p27_plus_seed_small_angle,164,164,evaluation_budget_exhausted,False,0.7415778000140563,1.0,0.16952717916896753,0.0,11.27235488709674,11.27235488709674,0.16952717916896753,0.1272354887096739,0.16952717916896753
grover_cost_phase,29,2601,logical_feasible_routes_20_routes,20,"H_G,F=|s_F><s_F| (rank-one feasible Grover mixer)",58,continuation_from_p28_plus_seed_small_angle,167,167,evaluation_budget_exhausted,False,0.5946525000035763,1.0,0.16557413659235928,0.0,11.284040977650292,11.284040977650292,0.16557413659235928,0.12840409776502923,0.16557413659235928
grover_cost_phase,30,2601,logical_feasible_routes_20_routes,20,"H_G,F=|s_F><s_F| (rank-one feasible Grover mixer)",60,continuation_from_p29_plus_seed_small_angle,170,170,evaluation_budget_exhausted,False,0.7612214999971911,1.0,0.16482908730841445,0.0,11.285891254498793,11.285891254498793,0.16482908730841445,0.1285891254498793,0.16482908730841445
grover_cost_phase,31,2601,logical_feasible_routes_20_routes,20,"H_G,F=|s_F><s_F| (rank-one feasible Grover mixer)",62,continuation_from_p30_plus_seed_small_angle,173,173,evaluation_budget_exhausted,False,0.7206528999377042,1.0,0.16141063195129002,0.0,11.296660262232454,11.296660262232454,0.16141063195129002,0.12966602622324536,0.16141063195129002
grover_cost_phase,32,2601,logical_feasible_routes_20_routes,20,"H_G,F=|s_F><s_F| (rank-one feasible Grover mixer)",64,continuation_from_p31_plus_seed_small_angle,176,176,evaluation_budget_exhausted,False,1.1470764999976382,1.0,0.15625128516484155,0.0,11.31414717282877,11.31414717282877,0.15625128516484155,0.131414717282877,0.15625128516484155
grover_cost_phase,33,2601,logical_feasible_routes_20_routes,20,"H_G,F=|s_F><s_F| (rank-one feasible Grover mixer)",66,continuation_from_p32_plus_seed_small_angle,179,179,evaluation_budget_exhausted,False,1.0773619000101462,1.0,0.17796200670706852,0.0,11.320752101681252,11.320752101681252,0.17796200670706852,0.13207521016812523,0.17796200670706852
grover_cost_phase,34,2601,logical_feasible_routes_20_routes,20,"H_G,F=|s_F><s_F| (rank-one feasible Grover mixer)",68,continuation_from_p33_plus_seed_small_angle,182,182,evaluation_budget_exhausted,False,1.2958918999647722,1.0,0.1732728071541454,0.0,11.325783643362403,11.325783643362403,0.1732728071541454,0.1325783643362403,0.1732728071541454
grover_cost_phase,35,2601,logical_feasible_routes_20_routes,20,"H_G,F=|s_F><s_F| (rank-one feasible Grover mixer)",70,continuation_from_p34_plus_seed_small_angle,185,185,evaluation_budget_exhausted,False,1.228629499906674,1.0,0.1723558030913416,0.0,11.327215326025186,11.327215326025186,0.1723558030913416,0.13272153260251862,0.1723558030913416
grover_cost_phase,36,2601,logical_feasible_routes_20_routes,20,"H_G,F=|s_F><s_F| (rank-one feasible Grover mixer)",72,continuation_from_p35_plus_seed_small_angle,188,188,evaluation_budget_exhausted,False,1.2759786000242457,1.0,0.172243355483167,0.0,11.327407767068788,11.327407767068788,0.172243355483167,0.1327407767068788,0.172243355483167
grover_cost_phase,37,2601,logical_feasible_routes_20_routes,20,"H_G,F=|s_F><s_F| (rank-one feasible Grover mixer)",74,continuation_from_p36_plus_seed_small_angle,191,191,evaluation_budget_exhausted,False,1.3362978999502957,1.0,0.1688735752133068,0.0,11.334462194395062,11.334462194395062,0.1688735752133068,0.13344621943950621,0.1688735752133068
grover_cost_phase,38,2601,logical_feasible_routes_20_routes,20,"H_G,F=|s_F><s_F| (rank-one feasible Grover mixer)",76,continuation_from_p37_plus_seed_small_angle,194,194,evaluation_budget_exhausted,False,1.363039999967441,1.0,0.1641861622461171,0.0,11.34518649129994,11.34518649129994,0.1641861622461171,0.13451864912999395,0.1641861622461171
grover_cost_phase,39,2601,logical_feasible_routes_20_routes,20,"H_G,F=|s_F><s_F| (rank-one feasible Grover mixer)",78,continuation_from_p38_plus_seed_small_angle,197,197,evaluation_budget_exhausted,False,1.586940599954687,1.0,0.15992008855578727,0.0,11.356719398440486,11.356719398440486,0.15992008855578727,0.1356719398440486,0.15992008855578727
grover_cost_phase,40,2601,logical_feasible_routes_20_routes,20,"H_G,F=|s_F><s_F| (rank-one feasible Grover mixer)",80,continuation_from_p39_plus_seed_small_angle,200,200,evaluation_budget_exhausted,False,1.458755899919197,1.0,0.15438951499056833,0.0,11.373890662885913,11.373890662885913,0.15438951499056833,0.13738906628859127,0.15438951499056833
grover_cost_phase,41,2601,logical_feasible_routes_20_routes,20,"H_G,F=|s_F><s_F| (rank-one feasible Grover mixer)",82,continuation_from_p40_plus_seed_small_angle,203,203,evaluation_budget_exhausted,False,1.5526660999748856,1.0,0.15095778727611325,0.0,11.387624598063045,11.387624598063045,0.15095778727611325,0.1387624598063045,0.15095778727611325
grover_cost_phase,42,2601,logical_feasible_routes_20_routes,20,"H_G,F=|s_F><s_F| (rank-one feasible Grover mixer)",84,continuation_from_p41_plus_seed_small_angle,206,206,evaluation_budget_exhausted,False,1.8899808999849483,1.0,0.14546090226469077,0.0,11.405562885355133,11.405562885355133,0.14546090226469077,0.1405562885355133,0.14546090226469077
grover_cost_phase,43,2601,logical_feasible_routes_20_routes,20,"H_G,F=|s_F><s_F| (rank-one feasible Grover mixer)",86,continuation_from_p42_plus_seed_small_angle,209,209,evaluation_budget_exhausted,False,1.9455067000817508,1.0,0.13953184015271183,0.0,11.427490433647463,11.427490433647463,0.13953184015271183,0.14274904336474634,0.13953184015271183
grover_cost_phase,44,2601,logical_feasible_routes_20_routes,20,"H_G,F=|s_F><s_F| (rank-one feasible Grover mixer)",88,continuation_from_p43_plus_seed_small_angle,212,212,evaluation_budget_exhausted,False,2.1047499000560492,1.0,0.13489936353705215,0.0,11.446339404110411,11.446339404110411,0.13489936353705215,0.1446339404110411,0.13489936353705215
grover_cost_phase,45,2601,logical_feasible_routes_20_routes,20,"H_G,F=|s_F><s_F| (rank-one feasible Grover mixer)",90,continuation_from_p44_plus_seed_small_angle,215,215,evaluation_budget_exhausted,False,2.0759336000774056,1.0,0.13024703212307237,0.0,11.466934967129195,11.466934967129195,0.13024703212307237,0.14669349671291948,0.13024703212307237
grover_cost_phase,46,2601,logical_feasible_routes_20_routes,20,"H_G,F=|s_F><s_F| (rank-one feasible Grover mixer)",92,continuation_from_p45_plus_seed_small_angle,218,218,evaluation_budget_exhausted,False,1.4728815000271425,1.0,0.13413629713470016,0.0,11.47610673042319,11.47610673042319,0.13413629713470016,0.147610673042319,0.13413629713470016
grover_cost_phase,47,2601,logical_feasible_routes_20_routes,20,"H_G,F=|s_F><s_F| (rank-one feasible Grover mixer)",94,continuation_from_p46_plus_seed_small_angle,221,221,evaluation_budget_exhausted,False,2.9191394000081345,1.0,0.19882327921239937,0.0,11.257384883928403,11.257384883928403,0.19882327921239937,0.12573848839284024,0.19882327921239937
grover_cost_phase,48,2601,logical_feasible_routes_20_routes,20,"H_G,F=|s_F><s_F| (rank-one feasible Grover mixer)",96,continuation_from_p47_plus_seed_small_angle,224,224,evaluation_budget_exhausted,False,2.8656617999076843,1.0,0.21252220308290265,0.0,11.103101504253248,11.103101504253248,0.21252220308290265,0.11031015042532477,0.21252220308290265
grover_cost_phase,49,2601,logical_feasible_routes_20_routes,20,"H_G,F=|s_F><s_F| (rank-one feasible Grover mixer)",98,continuation_from_p48_plus_seed_small_angle,227,227,evaluation_budget_exhausted,False,4.948934099986218,1.0,0.22686924359737157,0.0,11.005431168712516,11.005431168712516,0.22686924359737157,0.10054311687125157,0.22686924359737157
grover_cost_phase,50,2601,logical_feasible_routes_20_routes,20,"H_G,F=|s_F><s_F| (rank-one feasible Grover mixer)",100,continuation_from_p49_plus_seed_small_angle,230,230,evaluation_budget_exhausted,False,1.6071256999857724,1.0,0.24408685390550494,0.0,10.979432341673547,10.979432341673547,0.24408685390550494,0.09794323416735473,0.24408685390550494
grover_cost_phase,51,2601,logical_feasible_routes_20_routes,20,"H_G,F=|s_F><s_F| (rank-one feasible Grover mixer)",102,continuation_from_p50_plus_seed_small_angle,233,233,evaluation_budget_exhausted,False,6.736618499970064,1.0,0.2592713029648253,0.0,10.93439995075164,10.93439995075164,0.2592713029648253,0.09343999507516401,0.2592713029648253
grover_cost_phase,52,2601,logical_feasible_routes_20_routes,20,"H_G,F=|s_F><s_F| (rank-one feasible Grover mixer)",104,continuation_from_p51_plus_seed_small_angle,236,236,evaluation_budget_exhausted,False,5.929502499988303,1.0,0.31318928725715234,0.0,10.843675822403398,10.843675822403398,0.31318928725715234,0.0843675822403398,0.31318928725715234
grover_cost_phase,53,2601,logical_feasible_routes_20_routes,20,"H_G,F=|s_F><s_F| (rank-one feasible Grover mixer)",106,continuation_from_p52_plus_seed_small_angle,239,239,evaluation_budget_exhausted,False,1.8555241000140086,1.0,0.38389440411387754,0.0,10.79544189997476,10.79544189997476,0.38389440411387754,0.07954418999747599,0.38389440411387754
grover_cost_phase,54,2601,logical_feasible_routes_20_routes,20,"H_G,F=|s_F><s_F| (rank-one feasible Grover mixer)",108,continuation_from_p53_plus_seed_small_angle,242,242,evaluation_budget_exhausted,False,1.8106520000146702,1.0,0.4286029853853609,0.0,10.681303588356647,10.681303588356647,0.4286029853853609,0.06813035883566468,0.4286029853853609
grover_cost_phase,55,2601,logical_feasible_routes_20_routes,20,"H_G,F=|s_F><s_F| (rank-one feasible Grover mixer)",110,continuation_from_p54_plus_seed_small_angle,245,245,evaluation_budget_exhausted,False,2.412559099961072,1.0,0.4223125714126248,0.0,10.692058756794966,10.692058756794966,0.4223125714126248,0.06920587567949657,0.4223125714126248
grover_cost_phase,56,2601,logical_feasible_routes_20_routes,20,"H_G,F=|s_F><s_F| (rank-one feasible Grover mixer)",112,continuation_from_p55_plus_seed_small_angle,248,248,evaluation_budget_exhausted,False,2.314665299956687,1.0,0.4158927239608653,0.0,10.694403575694896,10.694403575694896,0.4158927239608653,0.06944035756948956,0.4158927239608653
grover_cost_phase,57,2601,logical_feasible_routes_20_routes,20,"H_G,F=|s_F><s_F| (rank-one feasible Grover mixer)",114,continuation_from_p56_plus_seed_small_angle,251,251,evaluation_budget_exhausted,False,2.7301607000408694,1.0,0.49302564220788103,0.0,10.58061724589859,10.58061724589859,0.49302564220788103,0.05806172458985905,0.49302564220788103
grover_cost_phase,58,2601,logical_feasible_routes_20_routes,20,"H_G,F=|s_F><s_F| (rank-one feasible Grover mixer)",116,continuation_from_p57_plus_seed_small_angle,254,254,evaluation_budget_exhausted,False,3.320922899991274,1.0,0.553335274788629,0.0,10.476602638065675,10.476602638065675,0.553335274788629,0.047660263806567474,0.553335274788629
grover_cost_phase,59,2601,logical_feasible_routes_20_routes,20,"H_G,F=|s_F><s_F| (rank-one feasible Grover mixer)",118,continuation_from_p58_plus_seed_small_angle,257,257,evaluation_budget_exhausted,False,5.192802099976689,1.0,0.6188730241684545,0.0,10.39862748482696,10.39862748482696,0.6188730241684545,0.03986274848269602,0.6188730241684545
grover_cost_phase,60,2601,logical_feasible_routes_20_routes,20,"H_G,F=|s_F><s_F| (rank-one feasible Grover mixer)",120,continuation_from_p59_plus_seed_small_angle,260,260,evaluation_budget_exhausted,False,2.3367304999846965,1.0,0.6491474955151488,0.0,10.387693226611537,10.387693226611537,0.6491474955151488,0.03876932266115372,0.6491474955151488
grover_cost_phase,61,2601,logical_feasible_routes_20_routes,20,"H_G,F=|s_F><s_F| (rank-one feasible Grover mixer)",122,continuation_from_p60_plus_seed_small_angle,263,263,evaluation_budget_exhausted,False,2.0234516999917105,1.0,0.6460876829972911,0.0,10.388192081156138,10.388192081156138,0.6460876829972911,0.03881920811561379,0.6460876829972911
grover_cost_phase,62,2601,logical_feasible_routes_20_routes,20,"H_G,F=|s_F><s_F| (rank-one feasible Grover mixer)",124,continuation_from_p61_plus_seed_small_angle,266,266,evaluation_budget_exhausted,False,4.351081900065765,1.0,0.6813418580922442,0.0,10.37544815573974,10.37544815573974,0.6813418580922442,0.037544815573973975,0.6813418580922442
grover_cost_phase,63,2601,logical_feasible_routes_20_routes,20,"H_G,F=|s_F><s_F| (rank-one feasible Grover mixer)",126,continuation_from_p62_plus_seed_small_angle,269,269,evaluation_budget_exhausted,False,2.5163884999928996,1.0,0.6833193506978013,0.0,10.37069947956768,10.37069947956768,0.6833193506978013,0.03706994795676799,0.6833193506978013
grover_cost_phase,64,2601,logical_feasible_routes_20_routes,20,"H_G,F=|s_F><s_F| (rank-one feasible Grover mixer)",128,continuation_from_p63_plus_seed_small_angle,272,272,evaluation_budget_exhausted,False,2.37934589991346,1.0,0.7561474470519635,0.0,10.281945278767388,10.281945278767388,0.7561474470519635,0.028194527876738817,0.7561474470519635
grover_cost_phase,65,2601,logical_feasible_routes_20_routes,20,"H_G,F=|s_F><s_F| (rank-one feasible Grover mixer)",130,continuation_from_p64_plus_seed_small_angle,275,275,evaluation_budget_exhausted,False,2.330553299980238,1.0,0.815614077626948,0.0,10.256359396958311,10.256359396958311,0.815614077626948,0.025635939695831132,0.815614077626948
grover_cost_phase,66,2601,logical_feasible_routes_20_routes,20,"H_G,F=|s_F><s_F| (rank-one feasible Grover mixer)",132,continuation_from_p65_plus_seed_small_angle,278,278,evaluation_budget_exhausted,False,2.803457499947399,1.0,0.8151029061976803,0.0,10.25506896337408,10.25506896337408,0.8151029061976803,0.025506896337408057,0.8151029061976803
grover_cost_phase,67,2601,logical_feasible_routes_20_routes,20,"H_G,F=|s_F><s_F| (rank-one feasible Grover mixer)",134,continuation_from_p66_plus_seed_small_angle,281,281,evaluation_budget_exhausted,False,2.4536186000332236,1.0,0.8488497577157531,0.0,10.229019845179447,10.229019845179447,0.8488497577157531,0.02290198451794474,0.8488497577157531
grover_cost_phase,68,2601,logical_feasible_routes_20_routes,20,"H_G,F=|s_F><s_F| (rank-one feasible Grover mixer)",136,continuation_from_p67_plus_seed_small_angle,284,284,evaluation_budget_exhausted,False,7.642717799986713,1.0,0.8751900240020108,0.0,10.176652774104952,10.176652774104952,0.8751900240020108,0.017665277410495152,0.8751900240020108
grover_cost_phase,69,2601,logical_feasible_routes_20_routes,20,"H_G,F=|s_F><s_F| (rank-one feasible Grover mixer)",138,continuation_from_p68_plus_seed_small_angle,287,287,evaluation_budget_exhausted,False,7.488379999995232,1.0,0.9013646757675632,0.0,10.107203199601486,10.107203199601486,0.9013646757675632,0.010720319960148572,0.9013646757675632
grover_cost_phase,70,2601,logical_feasible_routes_20_routes,20,"H_G,F=|s_F><s_F| (rank-one feasible Grover mixer)",140,continuation_from_p69_plus_seed_small_angle,290,290,evaluation_budget_exhausted,False,2.5978848999366164,1.0,0.9072145495101238,0.0,10.102644805256494,10.102644805256494,0.9072145495101238,0.01026448052564941,0.9072145495101238
grover_cost_phase,71,2601,logical_feasible_routes_20_routes,20,"H_G,F=|s_F><s_F| (rank-one feasible Grover mixer)",142,continuation_from_p70_plus_seed_small_angle,293,293,evaluation_budget_exhausted,False,2.4660402999725193,1.0,0.9069065310783505,0.0,10.10039395320081,10.10039395320081,0.9069065310783505,0.010039395320080935,0.9069065310783505
grover_cost_phase,72,2601,logical_feasible_routes_20_routes,20,"H_G,F=|s_F><s_F| (rank-one feasible Grover mixer)",144,continuation_from_p71_plus_seed_small_angle,296,296,evaluation_budget_exhausted,False,2.620865499950014,1.0,0.9069651145555764,0.0,10.098841689483942,10.098841689483942,0.9069651145555764,0.009884168948394213,0.9069651145555764
grover_cost_phase,73,2601,logical_feasible_routes_20_routes,20,"H_G,F=|s_F><s_F| (rank-one feasible Grover mixer)",146,continuation_from_p72_plus_seed_small_angle,299,299,evaluation_budget_exhausted,False,2.799490200006403,1.0,0.9074663464664255,0.0,10.097538236938739,10.097538236938739,0.9074663464664255,0.009753823693873898,0.9074663464664255
grover_cost_phase,74,2601,logical_feasible_routes_20_routes,20,"H_G,F=|s_F><s_F| (rank-one feasible Grover mixer)",148,continuation_from_p73_plus_seed_small_angle,302,302,evaluation_budget_exhausted,False,2.8376340999966487,1.0,0.9082845025747661,0.0,10.096527036183312,10.096527036183312,0.9082845025747661,0.009652703618331237,0.9082845025747661
grover_cost_phase,75,2601,logical_feasible_routes_20_routes,20,"H_G,F=|s_F><s_F| (rank-one feasible Grover mixer)",150,continuation_from_p74_plus_seed_small_angle,305,305,evaluation_budget_exhausted,False,2.839027200010605,1.0,0.9087872814108037,0.0,10.09541219374182,10.09541219374182,0.9087872814108037,0.009541219374182041,0.9087872814108037
grover_cost_phase,76,2601,logical_feasible_routes_20_routes,20,"H_G,F=|s_F><s_F| (rank-one feasible Grover mixer)",152,continuation_from_p75_plus_seed_small_angle,308,308,evaluation_budget_exhausted,False,2.8649914000416175,1.0,0.9093753165298427,0.0,10.095221788356534,10.095221788356534,0.9093753165298427,0.009522178835653428,0.9093753165298427
grover_cost_phase,77,2601,logical_feasible_routes_20_routes,20,"H_G,F=|s_F><s_F| (rank-one feasible Grover mixer)",154,continuation_from_p76_plus_seed_small_angle,311,311,evaluation_budget_exhausted,False,2.8043168999720365,1.0,0.9369288060341945,0.0,10.080007652316024,10.080007652316024,0.9369288060341945,0.008000765231602359,0.9369288060341945
grover_cost_phase,78,2601,logical_feasible_routes_20_routes,20,"H_G,F=|s_F><s_F| (rank-one feasible Grover mixer)",156,continuation_from_p77_plus_seed_small_angle,314,314,evaluation_budget_exhausted,False,3.8869383999845013,1.0,0.9394615624966232,0.0,10.08053654717599,10.08053654717599,0.9394615624966232,0.008053654717599024,0.9394615624966232
grover_cost_phase,79,2601,logical_feasible_routes_20_routes,20,"H_G,F=|s_F><s_F| (rank-one feasible Grover mixer)",158,continuation_from_p78_plus_seed_small_angle,317,317,evaluation_budget_exhausted,False,3.29803099995479,1.0,0.957240093006386,0.0,10.056836853734472,10.056836853734472,0.957240093006386,0.0056836853734472115,0.957240093006386
grover_cost_phase,80,2601,logical_feasible_routes_20_routes,20,"H_G,F=|s_F><s_F| (rank-one feasible Grover mixer)",160,continuation_from_p79_plus_seed_small_angle,320,320,evaluation_budget_exhausted,False,4.564264000044204,1.0,0.9546901499505387,0.0,10.054499544634972,10.054499544634972,0.9546901499505387,0.005449954463497164,0.9546901499505387
grover_cost_phase,81,2601,logical_feasible_routes_20_routes,20,"H_G,F=|s_F><s_F| (rank-one feasible Grover mixer)",162,continuation_from_p80_plus_seed_small_angle,323,323,evaluation_budget_exhausted,False,3.8480454001110047,1.0,0.9622863807300912,0.0,10.043053538261953,10.043053538261953,0.9622863807300912,0.004305353826195279,0.9622863807300912
grover_cost_phase,82,2601,logical_feasible_routes_20_routes,20,"H_G,F=|s_F><s_F| (rank-one feasible Grover mixer)",164,continuation_from_p81_plus_seed_small_angle,326,326,evaluation_budget_exhausted,False,3.5965500000165775,1.0,0.9610823425216809,0.0,10.04333534837331,10.04333534837331,0.9610823425216809,0.004333534837330966,0.9610823425216809
grover_cost_phase,83,2601,logical_feasible_routes_20_routes,20,"H_G,F=|s_F><s_F| (rank-one feasible Grover mixer)",166,continuation_from_p82_plus_seed_small_angle,329,329,evaluation_budget_exhausted,False,3.781172399991192,1.0,0.9590616011057487,0.0,10.042829853562651,10.042829853562651,0.9590616011057487,0.004282985356265101,0.9590616011057487
grover_cost_phase,84,2601,logical_feasible_routes_20_routes,20,"H_G,F=|s_F><s_F| (rank-one feasible Grover mixer)",168,continuation_from_p83_plus_seed_small_angle,332,332,evaluation_budget_exhausted,False,7.657565900008194,1.0,0.9783163274028189,0.0,10.023836249380016,10.023836249380016,0.9783163274028189,0.002383624938001638,0.9783163274028189
grover_cost_phase,85,2601,logical_feasible_routes_20_routes,20,"H_G,F=|s_F><s_F| (rank-one feasible Grover mixer)",170,continuation_from_p84_plus_seed_small_angle,335,335,evaluation_budget_exhausted,False,3.726022900082171,1.0,0.9798707742182932,0.0,10.022019665028111,10.022019665028111,0.9798707742182932,0.0022019665028111036,0.9798707742182932
grover_cost_phase,86,2601,logical_feasible_routes_20_routes,20,"H_G,F=|s_F><s_F| (rank-one feasible Grover mixer)",172,continuation_from_p85_plus_seed_small_angle,338,338,evaluation_budget_exhausted,False,4.4067087000003085,1.0,0.9818203436693735,0.0,10.01991191742194,10.01991191742194,0.9818203436693735,0.001991191742193976,0.9818203436693735
grover_cost_phase,87,2601,logical_feasible_routes_20_routes,20,"H_G,F=|s_F><s_F| (rank-one feasible Grover mixer)",174,continuation_from_p86_plus_seed_small_angle,341,341,evaluation_budget_exhausted,False,3.079337199917063,1.0,0.9869346104240054,0.0,10.018877637464218,10.018877637464218,0.9869346104240054,0.001887763746421811,0.9869346104240054
grover_cost_phase,88,2601,logical_feasible_routes_20_routes,20,"H_G,F=|s_F><s_F| (rank-one feasible Grover mixer)",176,continuation_from_p87_plus_seed_small_angle,344,344,evaluation_budget_exhausted,False,3.756887700059451,1.0,0.9903260334957096,0.0,10.01395857097534,10.01395857097534,0.9903260334957096,0.0013958570975340478,0.9903260334957096
grover_cost_phase,89,2601,logical_feasible_routes_20_routes,20,"H_G,F=|s_F><s_F| (rank-one feasible Grover mixer)",178,continuation_from_p88_plus_seed_small_angle,347,347,evaluation_budget_exhausted,False,3.975262299994938,1.0,0.9940064729907951,0.0,10.007363753429381,10.007363753429381,0.9940064729907951,0.0007363753429380892,0.9940064729907951
grover_cost_phase,90,2601,logical_feasible_routes_20_routes,20,"H_G,F=|s_F><s_F| (rank-one feasible Grover mixer)",180,continuation_from_p89_plus_seed_small_angle,350,350,evaluation_budget_exhausted,False,4.647855899995193,1.0,0.9947486220816915,0.0,10.007162237895018,10.007162237895018,0.9947486220816915,0.0007162237895018464,0.9947486220816915
grover_cost_phase,91,2601,logical_feasible_routes_20_routes,20,"H_G,F=|s_F><s_F| (rank-one feasible Grover mixer)",182,continuation_from_p90_plus_seed_small_angle,353,353,evaluation_budget_exhausted,False,4.190798799972981,1.0,0.9970872350229895,0.0,10.004043587543302,10.004043587543302,0.9970872350229895,0.0004043587543302252,0.9970872350229895
grover_cost_phase,92,2601,logical_feasible_routes_20_routes,20,"H_G,F=|s_F><s_F| (rank-one feasible Grover mixer)",184,continuation_from_p91_plus_seed_small_angle,356,356,evaluation_budget_exhausted,False,3.7263053000206128,1.0,0.9973704497366013,0.0,10.003745686035105,10.003745686035105,0.9973704497366013,0.00037456860351046115,0.9973704497366013
grover_cost_phase,93,2601,logical_feasible_routes_20_routes,20,"H_G,F=|s_F><s_F| (rank-one feasible Grover mixer)",186,continuation_from_p92_plus_seed_small_angle,359,359,evaluation_budget_exhausted,False,4.134856499964371,1.0,0.9977441298920214,0.0,10.003485644681286,10.003485644681286,0.9977441298920214,0.0003485644681285649,0.9977441298920214
grover_cost_phase,94,2601,logical_feasible_routes_20_routes,20,"H_G,F=|s_F><s_F| (rank-one feasible Grover mixer)",188,continuation_from_p93_plus_seed_small_angle,362,362,evaluation_budget_exhausted,False,4.940790900029242,1.0,0.9983064093445556,0.0,10.003240707409741,10.003240707409741,0.9983064093445556,0.00032407074097413614,0.9983064093445556
grover_cost_phase,95,2601,logical_feasible_routes_20_routes,20,"H_G,F=|s_F><s_F| (rank-one feasible Grover mixer)",190,continuation_from_p94_plus_seed_small_angle,365,365,evaluation_budget_exhausted,False,4.883541899966076,1.0,0.9983033286516587,0.0,10.002519898388442,10.002519898388442,0.9983033286516587,0.0002519898388442243,0.9983033286516587
grover_cost_phase,96,2601,logical_feasible_routes_20_routes,20,"H_G,F=|s_F><s_F| (rank-one feasible Grover mixer)",192,continuation_from_p95_plus_seed_small_angle,368,368,evaluation_budget_exhausted,False,4.98132020002231,1.0,0.9982477577908804,0.0,10.002598664996158,10.002598664996158,0.9982477577908804,0.0002598664996158462,0.9982477577908804
grover_cost_phase,97,2601,logical_feasible_routes_20_routes,20,"H_G,F=|s_F><s_F| (rank-one feasible Grover mixer)",194,continuation_from_p96_plus_seed_small_angle,371,371,evaluation_budget_exhausted,False,5.30518049991224,1.0,0.9982159187496916,0.0,10.002644682199849,10.002644682199849,0.9982159187496916,0.00026446821998487023,0.9982159187496916
grover_cost_phase,98,2601,logical_feasible_routes_20_routes,20,"H_G,F=|s_F><s_F| (rank-one feasible Grover mixer)",196,continuation_from_p97_plus_seed_small_angle,374,374,evaluation_budget_exhausted,False,4.995614400017075,1.0,0.9981797483093505,0.0,10.002525185328375,10.002525185328375,0.9981797483093505,0.0002525185328375201,0.9981797483093505
grover_cost_phase,99,2601,logical_feasible_routes_20_routes,20,"H_G,F=|s_F><s_F| (rank-one feasible Grover mixer)",198,continuation_from_p98_plus_seed_small_angle,377,377,evaluation_budget_exhausted,False,5.1405200000153854,1.0,0.9989781988058406,0.0,10.001475135954479,10.001475135954479,0.9989781988058406,0.0001475135954478901,0.9989781988058406
grover_cost_phase,100,2601,logical_feasible_routes_20_routes,20,"H_G,F=|s_F><s_F| (rank-one feasible Grover mixer)",200,continuation_from_p99_plus_seed_small_angle,380,380,evaluation_budget_exhausted,False,4.823727699927986,1.0,0.9991472087501454,0.0,10.001230060925236,10.001230060925236,0.9991472087501454,0.00012300609252360317,0.9991472087501454
grover_cost_phase,101,2601,logical_feasible_routes_20_routes,20,"H_G,F=|s_F><s_F| (rank-one feasible Grover mixer)",202,continuation_from_p100_plus_seed_small_angle,383,383,evaluation_budget_exhausted,False,4.469968600082211,1.0,0.9991548258093012,0.0,10.001228055297997,10.001228055297997,0.9991548258093012,0.00012280552979966332,0.9991548258093012
grover_cost_phase,102,2601,logical_feasible_routes_20_routes,20,"H_G,F=|s_F><s_F| (rank-one feasible Grover mixer)",204,continuation_from_p101_plus_seed_small_angle,386,386,evaluation_budget_exhausted,False,4.730561799951829,1.0,0.9991949598992872,0.0,10.001191012758872,10.001191012758872,0.9991949598992872,0.0001191012758871679,0.9991949598992872
grover_cost_phase,103,2601,logical_feasible_routes_20_routes,20,"H_G,F=|s_F><s_F| (rank-one feasible Grover mixer)",206,continuation_from_p102_plus_seed_small_angle,389,389,evaluation_budget_exhausted,False,5.577832799986936,1.0,0.9992200141523295,0.0,10.001264399359796,10.001264399359796,0.9992200141523295,0.00012643993597958315,0.9992200141523295
grover_cost_phase,104,2601,logical_feasible_routes_20_routes,20,"H_G,F=|s_F><s_F| (rank-one feasible Grover mixer)",208,continuation_from_p103_plus_seed_small_angle,392,392,evaluation_budget_exhausted,False,5.452685100026429,1.0,0.9994493618664582,0.0,10.000940724664236,10.000940724664236,0.9994493618664582,9.407246642361145e-05,0.9994493618664582
grover_cost_phase,105,2601,logical_feasible_routes_20_routes,20,"H_G,F=|s_F><s_F| (rank-one feasible Grover mixer)",210,continuation_from_p104_plus_seed_small_angle,395,395,evaluation_budget_exhausted,False,6.626195500022732,1.0,0.9995777326361212,0.0,10.0008201591184,10.0008201591184,0.9995777326361212,8.201591183993883e-05,0.9995777326361212
grover_cost_phase,106,2601,logical_feasible_routes_20_routes,20,"H_G,F=|s_F><s_F| (rank-one feasible Grover mixer)",212,continuation_from_p105_plus_seed_small_angle,398,398,evaluation_budget_exhausted,False,5.724969999981113,1.0,0.9995848372971283,0.0,10.000470693719095,10.000470693719095,0.9995848372971283,4.706937190945837e-05,0.9995848372971283
grover_cost_phase,107,2601,logical_feasible_routes_20_routes,20,"H_G,F=|s_F><s_F| (rank-one feasible Grover mixer)",214,continuation_from_p106_plus_seed_small_angle,400,400,evaluation_budget_exhausted,False,5.930961199919693,1.0,0.999628007838473,0.0,10.00042604879207,10.00042604879207,0.999628007838473,4.2604879206997734e-05,0.999628007838473
grover_cost_phase,108,2601,logical_feasible_routes_20_routes,20,"H_G,F=|s_F><s_F| (rank-one feasible Grover mixer)",216,continuation_from_p107_plus_seed_small_angle,400,400,evaluation_budget_exhausted,False,7.745013799984008,1.0,0.9996506107273858,0.0,10.000410620422548,10.000410620422548,0.9996506107273858,4.106204225475807e-05,0.9996506107273858
grover_cost_phase,109,2601,logical_feasible_routes_20_routes,20,"H_G,F=|s_F><s_F| (rank-one feasible Grover mixer)",218,continuation_from_p108_plus_seed_small_angle,400,400,evaluation_budget_exhausted,False,6.15983890008647,1.0,0.9998271160145782,0.0,10.000205467223005,10.000205467223005,0.9998271160145782,2.0546722300451847e-05,0.9998271160145782
grover_cost_phase,110,2601,logical_feasible_routes_20_routes,20,"H_G,F=|s_F><s_F| (rank-one feasible Grover mixer)",220,continuation_from_p109_plus_seed_small_angle,400,400,evaluation_budget_exhausted,False,5.502274799975567,1.0,0.9998456619047998,0.0,10.00023222582601,10.00023222582601,0.9998456619047998,2.3222582601079012e-05,0.9998456619047998
