algorithm,depth,optimizer_wall_time_seconds,evaluation_budget_used,optimizer_reason
penalty_x,1,0.1292566999909468,29,converged
penalty_x,2,0.5182061999803409,86,evaluation_budget_exhausted
penalty_x,3,0.6252048999886028,89,evaluation_budget_exhausted
penalty_x,4,0.9034867000300437,92,evaluation_budget_exhausted
penalty_x,5,0.9703045999631286,95,evaluation_budget_exhausted
penalty_x,6,1.0373446999583393,98,evaluation_budget_exhausted
penalty_x,7,1.2317449999973178,101,evaluation_budget_exhausted
penalty_x,8,1.0055690999724902,104,evaluation_budget_exhausted
penalty_x,9,0.9837974000256509,107,evaluation_budget_exhausted
penalty_x,10,1.3361955999862403,110,evaluation_budget_exhausted
penalty_x,11,1.6636993000283837,113,evaluation_budget_exhausted
penalty_x,12,1.70184860000154,116,evaluation_budget_exhausted
penalty_x,13,2.115892200032249,119,evaluation_budget_exhausted
penalty_x,14,2.151911300024949,122,evaluation_budget_exhausted
penalty_x,15,2.3033074000268243,125,evaluation_budget_exhausted
penalty_x,16,2.3893830999732018,128,evaluation_budget_exhausted
penalty_x,17,2.4209651999990456,131,evaluation_budget_exhausted
penalty_x,18,3.497732499963604,134,evaluation_budget_exhausted
penalty_x,19,2.5922054999973625,137,evaluation_budget_exhausted
penalty_x,20,2.991425500018522,140,evaluation_budget_exhausted
penalty_x,21,4.169233800028451,143,evaluation_budget_exhausted
penalty_x,22,3.8818336999975145,146,evaluation_budget_exhausted
penalty_x,23,4.38914789998671,149,evaluation_budget_exhausted
penalty_x,24,4.562095899949782,152,evaluation_budget_exhausted
penalty_x,25,5.273733899986837,155,evaluation_budget_exhausted
penalty_x,26,6.056105400028173,158,evaluation_budget_exhausted
penalty_x,27,7.886202799971215,161,evaluation_budget_exhausted
penalty_x,28,10.48318239999935,164,evaluation_budget_exhausted
penalty_x,29,10.105530500004534,167,evaluation_budget_exhausted
penalty_x,30,10.051427599973977,170,evaluation_budget_exhausted
penalty_x,31,9.029802099976223,173,evaluation_budget_exhausted
penalty_x,32,9.863366300007328,176,evaluation_budget_exhausted
penalty_x,33,11.044934800011106,179,evaluation_budget_exhausted
penalty_x,34,10.168249599984847,182,evaluation_budget_exhausted
penalty_x,35,10.588171300012618,185,evaluation_budget_exhausted
penalty_x,36,11.093270399956964,188,evaluation_budget_exhausted
penalty_x,37,12.064518600003794,191,evaluation_budget_exhausted
penalty_x,38,12.94349420000799,194,evaluation_budget_exhausted
penalty_x,39,13.041872399975546,197,evaluation_budget_exhausted
penalty_x,40,13.07825329998741,200,evaluation_budget_exhausted
penalty_x,41,14.22823690000223,203,evaluation_budget_exhausted
penalty_x,42,14.193864299973939,206,evaluation_budget_exhausted
penalty_x,43,15.280523299996275,209,evaluation_budget_exhausted
penalty_x,44,15.23655069997767,212,evaluation_budget_exhausted
penalty_x,45,16.676824299967848,215,evaluation_budget_exhausted
penalty_x,46,16.820699899981264,218,evaluation_budget_exhausted
penalty_x,47,21.508443300030194,221,evaluation_budget_exhausted
penalty_x,48,22.52578969998285,224,evaluation_budget_exhausted
penalty_x,49,23.0291419000132,227,evaluation_budget_exhausted
penalty_x,50,19.848720300011337,230,evaluation_budget_exhausted
penalty_x,51,21.707913299964275,233,evaluation_budget_exhausted
penalty_x,52,24.02560660004383,236,evaluation_budget_exhausted
penalty_x,53,22.57339180004783,239,evaluation_budget_exhausted
penalty_x,54,25.69186580000678,242,evaluation_budget_exhausted
penalty_x,55,27.718254600011278,245,evaluation_budget_exhausted
penalty_x,56,31.01500600000145,248,evaluation_budget_exhausted
penalty_x,57,26.274370900006033,251,evaluation_budget_exhausted
penalty_x,58,26.928869600000326,254,evaluation_budget_exhausted
penalty_x,59,27.60696879995521,257,evaluation_budget_exhausted
penalty_x,60,31.52201159996912,260,evaluation_budget_exhausted
penalty_x,61,28.474507200007793,263,evaluation_budget_exhausted
penalty_x,62,26.370038699998986,266,evaluation_budget_exhausted
penalty_x,63,28.042460399970878,269,evaluation_budget_exhausted
penalty_x,64,30.01742780004861,272,evaluation_budget_exhausted
penalty_x,65,30.576379299978726,275,evaluation_budget_exhausted
penalty_x,66,32.172261200030334,278,evaluation_budget_exhausted
penalty_x,67,30.042751599976327,281,evaluation_budget_exhausted
penalty_x,68,32.91119820001768,284,evaluation_budget_exhausted
penalty_x,69,38.33688969997456,287,evaluation_budget_exhausted
penalty_x,70,37.228322400012985,290,evaluation_budget_exhausted
penalty_x,71,38.313742299971636,293,evaluation_budget_exhausted
penalty_x,72,37.454207200033125,296,evaluation_budget_exhausted
penalty_x,73,36.71343850000994,299,evaluation_budget_exhausted
penalty_x,74,37.742385799996555,302,evaluation_budget_exhausted
penalty_x,75,40.719754500023555,305,evaluation_budget_exhausted
penalty_x,76,39.58808229997521,308,evaluation_budget_exhausted
penalty_x,77,41.92899760004366,311,evaluation_budget_exhausted
penalty_x,78,53.079524700006004,314,evaluation_budget_exhausted
penalty_x,79,46.52926080004545,317,evaluation_budget_exhausted
penalty_x,80,45.77450360002695,320,evaluation_budget_exhausted
penalty_x,81,50.94300079997629,323,evaluation_budget_exhausted
penalty_x,82,46.745343999995384,326,evaluation_budget_exhausted
penalty_x,83,47.08519509999314,329,evaluation_budget_exhausted
penalty_x,84,46.23557060002349,332,evaluation_budget_exhausted
penalty_x,85,48.45393260003766,335,evaluation_budget_exhausted
penalty_x,86,53.049901199992746,338,evaluation_budget_exhausted
penalty_x,87,50.67295330000343,341,evaluation_budget_exhausted
penalty_x,88,50.79030660004355,344,evaluation_budget_exhausted
penalty_x,89,49.71158000000287,347,evaluation_budget_exhausted
penalty_x,90,58.260727699962445,350,evaluation_budget_exhausted
penalty_x,91,58.32824190001702,353,evaluation_budget_exhausted
penalty_x,92,56.601380199950654,356,evaluation_budget_exhausted
penalty_x,93,57.268663199967705,359,evaluation_budget_exhausted
penalty_x,94,62.000082799990196,362,evaluation_budget_exhausted
penalty_x,95,57.44024410005659,365,evaluation_budget_exhausted
penalty_x,96,62.864692500035744,368,evaluation_budget_exhausted
penalty_x,97,61.87046859995462,371,evaluation_budget_exhausted
penalty_x,98,62.58429880003678,374,evaluation_budget_exhausted
penalty_x,99,65.03261360002216,377,evaluation_budget_exhausted
penalty_x,100,63.81801260000793,380,evaluation_budget_exhausted
penalty_x,101,67.1568530999939,383,evaluation_budget_exhausted
penalty_x,102,68.66600949998247,386,evaluation_budget_exhausted
penalty_x,103,70.90525999997044,389,evaluation_budget_exhausted
penalty_x,104,69.77964029996656,392,evaluation_budget_exhausted
penalty_x,105,71.7390185999684,395,evaluation_budget_exhausted
penalty_x,106,83.80594559997553,398,evaluation_budget_exhausted
penalty_x,107,75.88236970000435,400,evaluation_budget_exhausted
penalty_x,108,75.94702859997051,400,evaluation_budget_exhausted
penalty_x,109,74.28540240001166,400,evaluation_budget_exhausted
penalty_x,110,76.0898924000212,400,evaluation_budget_exhausted
grover_cost_phase,1,0.03612619999330491,17,converged
grover_cost_phase,2,0.0891138999722898,86,evaluation_budget_exhausted
grover_cost_phase,3,0.10013729997444898,89,evaluation_budget_exhausted
grover_cost_phase,4,0.12314160005189478,92,evaluation_budget_exhausted
grover_cost_phase,5,0.1256165000377223,95,evaluation_budget_exhausted
grover_cost_phase,6,0.12205530004575849,98,evaluation_budget_exhausted
grover_cost_phase,7,0.1408868000144139,101,evaluation_budget_exhausted
grover_cost_phase,8,0.17773039999883622,104,evaluation_budget_exhausted
grover_cost_phase,9,0.1671998999081552,107,evaluation_budget_exhausted
grover_cost_phase,10,0.3163784999633208,110,evaluation_budget_exhausted
grover_cost_phase,11,0.4740685001015663,113,evaluation_budget_exhausted
grover_cost_phase,12,0.37949740001931787,116,evaluation_budget_exhausted
grover_cost_phase,13,0.3388482000445947,119,evaluation_budget_exhausted
grover_cost_phase,14,0.34696329990401864,122,evaluation_budget_exhausted
grover_cost_phase,15,0.29536270000971854,125,evaluation_budget_exhausted
grover_cost_phase,16,0.4293620999669656,128,evaluation_budget_exhausted
grover_cost_phase,17,0.38266669993754476,131,evaluation_budget_exhausted
grover_cost_phase,18,0.40745329996570945,134,evaluation_budget_exhausted
grover_cost_phase,19,0.4043508000904694,137,evaluation_budget_exhausted
grover_cost_phase,20,0.8183156999293715,140,evaluation_budget_exhausted
grover_cost_phase,21,0.7012963000452146,143,evaluation_budget_exhausted
grover_cost_phase,22,0.7535935000050813,146,evaluation_budget_exhausted
grover_cost_phase,23,0.5468126999912784,149,evaluation_budget_exhausted
grover_cost_phase,24,0.4561930999625474,152,evaluation_budget_exhausted
grover_cost_phase,25,0.5408244000282139,155,evaluation_budget_exhausted
grover_cost_phase,26,0.5193593000294641,158,evaluation_budget_exhausted
grover_cost_phase,27,0.6506647999631241,161,evaluation_budget_exhausted
grover_cost_phase,28,0.7415778000140563,164,evaluation_budget_exhausted
grover_cost_phase,29,0.5946525000035763,167,evaluation_budget_exhausted
grover_cost_phase,30,0.7612214999971911,170,evaluation_budget_exhausted
grover_cost_phase,31,0.7206528999377042,173,evaluation_budget_exhausted
grover_cost_phase,32,1.1470764999976382,176,evaluation_budget_exhausted
grover_cost_phase,33,1.0773619000101462,179,evaluation_budget_exhausted
grover_cost_phase,34,1.2958918999647722,182,evaluation_budget_exhausted
grover_cost_phase,35,1.228629499906674,185,evaluation_budget_exhausted
grover_cost_phase,36,1.2759786000242457,188,evaluation_budget_exhausted
grover_cost_phase,37,1.3362978999502957,191,evaluation_budget_exhausted
grover_cost_phase,38,1.363039999967441,194,evaluation_budget_exhausted
grover_cost_phase,39,1.586940599954687,197,evaluation_budget_exhausted
grover_cost_phase,40,1.458755899919197,200,evaluation_budget_exhausted
grover_cost_phase,41,1.5526660999748856,203,evaluation_budget_exhausted
grover_cost_phase,42,1.8899808999849483,206,evaluation_budget_exhausted
grover_cost_phase,43,1.9455067000817508,209,evaluation_budget_exhausted
grover_cost_phase,44,2.1047499000560492,212,evaluation_budget_exhausted
grover_cost_phase,45,2.0759336000774056,215,evaluation_budget_exhausted
grover_cost_phase,46,1.4728815000271425,218,evaluation_budget_exhausted
grover_cost_phase,47,2.9191394000081345,221,evaluation_budget_exhausted
grover_cost_phase,48,2.8656617999076843,224,evaluation_budget_exhausted
grover_cost_phase,49,4.948934099986218,227,evaluation_budget_exhausted
grover_cost_phase,50,1.6071256999857724,230,evaluation_budget_exhausted
grover_cost_phase,51,6.736618499970064,233,evaluation_budget_exhausted
grover_cost_phase,52,5.929502499988303,236,evaluation_budget_exhausted
grover_cost_phase,53,1.8555241000140086,239,evaluation_budget_exhausted
grover_cost_phase,54,1.8106520000146702,242,evaluation_budget_exhausted
grover_cost_phase,55,2.412559099961072,245,evaluation_budget_exhausted
grover_cost_phase,56,2.314665299956687,248,evaluation_budget_exhausted
grover_cost_phase,57,2.7301607000408694,251,evaluation_budget_exhausted
grover_cost_phase,58,3.320922899991274,254,evaluation_budget_exhausted
grover_cost_phase,59,5.192802099976689,257,evaluation_budget_exhausted
grover_cost_phase,60,2.3367304999846965,260,evaluation_budget_exhausted
grover_cost_phase,61,2.0234516999917105,263,evaluation_budget_exhausted
grover_cost_phase,62,4.351081900065765,266,evaluation_budget_exhausted
grover_cost_phase,63,2.5163884999928996,269,evaluation_budget_exhausted
grover_cost_phase,64,2.37934589991346,272,evaluation_budget_exhausted
grover_cost_phase,65,2.330553299980238,275,evaluation_budget_exhausted
grover_cost_phase,66,2.803457499947399,278,evaluation_budget_exhausted
grover_cost_phase,67,2.4536186000332236,281,evaluation_budget_exhausted
grover_cost_phase,68,7.642717799986713,284,evaluation_budget_exhausted
grover_cost_phase,69,7.488379999995232,287,evaluation_budget_exhausted
grover_cost_phase,70,2.5978848999366164,290,evaluation_budget_exhausted
grover_cost_phase,71,2.4660402999725193,293,evaluation_budget_exhausted
grover_cost_phase,72,2.620865499950014,296,evaluation_budget_exhausted
grover_cost_phase,73,2.799490200006403,299,evaluation_budget_exhausted
grover_cost_phase,74,2.8376340999966487,302,evaluation_budget_exhausted
grover_cost_phase,75,2.839027200010605,305,evaluation_budget_exhausted
grover_cost_phase,76,2.8649914000416175,308,evaluation_budget_exhausted
grover_cost_phase,77,2.8043168999720365,311,evaluation_budget_exhausted
grover_cost_phase,78,3.8869383999845013,314,evaluation_budget_exhausted
grover_cost_phase,79,3.29803099995479,317,evaluation_budget_exhausted
grover_cost_phase,80,4.564264000044204,320,evaluation_budget_exhausted
grover_cost_phase,81,3.8480454001110047,323,evaluation_budget_exhausted
grover_cost_phase,82,3.5965500000165775,326,evaluation_budget_exhausted
grover_cost_phase,83,3.781172399991192,329,evaluation_budget_exhausted
grover_cost_phase,84,7.657565900008194,332,evaluation_budget_exhausted
grover_cost_phase,85,3.726022900082171,335,evaluation_budget_exhausted
grover_cost_phase,86,4.4067087000003085,338,evaluation_budget_exhausted
grover_cost_phase,87,3.079337199917063,341,evaluation_budget_exhausted
grover_cost_phase,88,3.756887700059451,344,evaluation_budget_exhausted
grover_cost_phase,89,3.975262299994938,347,evaluation_budget_exhausted
grover_cost_phase,90,4.647855899995193,350,evaluation_budget_exhausted
grover_cost_phase,91,4.190798799972981,353,evaluation_budget_exhausted
grover_cost_phase,92,3.7263053000206128,356,evaluation_budget_exhausted
grover_cost_phase,93,4.134856499964371,359,evaluation_budget_exhausted
grover_cost_phase,94,4.940790900029242,362,evaluation_budget_exhausted
grover_cost_phase,95,4.883541899966076,365,evaluation_budget_exhausted
grover_cost_phase,96,4.98132020002231,368,evaluation_budget_exhausted
grover_cost_phase,97,5.30518049991224,371,evaluation_budget_exhausted
grover_cost_phase,98,4.995614400017075,374,evaluation_budget_exhausted
grover_cost_phase,99,5.1405200000153854,377,evaluation_budget_exhausted
grover_cost_phase,100,4.823727699927986,380,evaluation_budget_exhausted
grover_cost_phase,101,4.469968600082211,383,evaluation_budget_exhausted
grover_cost_phase,102,4.730561799951829,386,evaluation_budget_exhausted
grover_cost_phase,103,5.577832799986936,389,evaluation_budget_exhausted
grover_cost_phase,104,5.452685100026429,392,evaluation_budget_exhausted
grover_cost_phase,105,6.626195500022732,395,evaluation_budget_exhausted
grover_cost_phase,106,5.724969999981113,398,evaluation_budget_exhausted
grover_cost_phase,107,5.930961199919693,400,evaluation_budget_exhausted
grover_cost_phase,108,7.745013799984008,400,evaluation_budget_exhausted
grover_cost_phase,109,6.15983890008647,400,evaluation_budget_exhausted
grover_cost_phase,110,5.502274799975567,400,evaluation_budget_exhausted
