A,p,selected_start_id,shots,replicate_id,p_feas_hat,p_opt_hat,invalid_mass_hat,feasible_observation_count,exact_optimum_observation_count,most_frequent_state_index,most_frequent_canonical_bitstring,most_frequent_qiskit_display_bitstring,most_frequent_observation_count
2,2,2,256,0,0.03515625,0.0,0.96484375,9,0,9217,10000000001001,10010000000001,4
2,2,2,256,1,0.04296875,0.0,0.95703125,11,0,8193,10000000000001,10000000000001,3
2,2,2,256,2,0.07421875,0.00390625,0.92578125,19,1,0,00000000000000,00000000000000,4
2,2,2,256,3,0.015625,0.0,0.984375,4,0,10753,10000000010101,10101000000001,7
2,2,2,256,4,0.05859375,0.0,0.94140625,15,0,0,00000000000000,00000000000000,4
2,2,2,256,5,0.0546875,0.00390625,0.9453125,14,1,10241,10000000000101,10100000000001,6
2,2,2,256,6,0.05078125,0.00390625,0.94921875,13,1,2,01000000000000,00000000000010,3
2,2,2,256,7,0.046875,0.0,0.953125,12,0,10768,00001000010101,10101000010000,4
2,2,2,256,8,0.04296875,0.0,0.95703125,11,0,0,00000000000000,00000000000000,5
2,2,2,256,9,0.0625,0.00390625,0.9375,16,1,1,10000000000000,00000000000001,4
2,2,2,256,10,0.0546875,0.00390625,0.9453125,14,1,0,00000000000000,00000000000000,4
2,2,2,256,11,0.0546875,0.0,0.9453125,14,0,8192,00000000000001,10000000000000,5
2,2,2,256,12,0.06640625,0.01171875,0.93359375,17,3,4097,10000000000010,01000000000001,4
2,2,2,256,13,0.04296875,0.0078125,0.95703125,11,2,8192,00000000000001,10000000000000,4
2,2,2,256,14,0.07421875,0.00390625,0.92578125,19,1,10241,10000000000101,10100000000001,4
2,2,2,256,15,0.05859375,0.0078125,0.94140625,15,2,8192,00000000000001,10000000000000,4
2,2,2,256,16,0.04296875,0.0,0.95703125,11,0,4105,10010000000010,01000000001001,4
2,2,2,256,17,0.0625,0.0078125,0.9375,16,2,8192,00000000000001,10000000000000,5
2,2,2,256,18,0.05078125,0.0,0.94921875,13,0,0,00000000000000,00000000000000,5
2,2,2,256,19,0.0546875,0.0,0.9453125,14,0,9216,00000000001001,10010000000000,4
2,2,2,256,20,0.03515625,0.0,0.96484375,9,0,8193,10000000000001,10000000000001,5
2,2,2,256,21,0.05859375,0.0,0.94140625,15,0,8192,00000000000001,10000000000000,5
2,2,2,256,22,0.04296875,0.0,0.95703125,11,0,0,00000000000000,00000000000000,6
2,2,2,256,23,0.04296875,0.00390625,0.95703125,11,1,8193,10000000000001,10000000000001,4
2,2,2,256,24,0.0546875,0.0,0.9453125,14,0,8193,10000000000001,10000000000001,8
2,2,2,256,25,0.04296875,0.00390625,0.95703125,11,1,1,10000000000000,00000000000001,4
2,2,2,256,26,0.05078125,0.00390625,0.94921875,13,1,4096,00000000000010,01000000000000,5
2,2,2,256,27,0.03125,0.0,0.96875,8,0,1,10000000000000,00000000000001,4
2,2,2,256,28,0.02734375,0.0,0.97265625,7,0,8705,10000000010001,10001000000001,5
2,2,2,256,29,0.05078125,0.0078125,0.94921875,13,2,8193,10000000000001,10000000000001,5
2,2,2,256,30,0.03125,0.0,0.96875,8,0,0,00000000000000,00000000000000,3
2,2,2,256,31,0.046875,0.0,0.953125,12,0,2,01000000000000,00000000000010,4
2,2,2,256,32,0.046875,0.0078125,0.953125,12,2,1,10000000000000,00000000000001,3
2,2,2,256,33,0.046875,0.00390625,0.953125,12,1,8192,00000000000001,10000000000000,5
2,2,2,256,34,0.03515625,0.00390625,0.96484375,9,1,0,00000000000000,00000000000000,4
2,2,2,256,35,0.05078125,0.00390625,0.94921875,13,1,8192,00000000000001,10000000000000,6
2,2,2,256,36,0.046875,0.0,0.953125,12,0,10824,00010010010101,10101001001000,4
2,2,2,256,37,0.0390625,0.0,0.9609375,10,0,10882,01000001010101,10101010000010,4
2,2,2,256,38,0.05078125,0.0,0.94921875,13,0,8193,10000000000001,10000000000001,4
2,2,2,256,39,0.05078125,0.0078125,0.94921875,13,2,8457,10010000100001,10000100001001,4
2,2,2,256,40,0.05859375,0.00390625,0.94140625,15,1,4096,00000000000010,01000000000000,4
2,2,2,256,41,0.05078125,0.0078125,0.94921875,13,2,9216,00000000001001,10010000000000,4
2,2,2,256,42,0.046875,0.00390625,0.953125,12,1,0,00000000000000,00000000000000,3
2,2,2,256,43,0.0625,0.0,0.9375,16,0,8201,10010000000001,10000000001001,3
2,2,2,256,44,0.0625,0.0,0.9375,16,0,8201,10010000000001,10000000001001,5
2,2,2,256,45,0.04296875,0.0,0.95703125,11,0,0,00000000000000,00000000000000,4
2,2,2,256,46,0.05078125,0.00390625,0.94921875,13,1,512,00000000010000,00001000000000,4
2,2,2,256,47,0.04296875,0.0,0.95703125,11,0,8201,10010000000001,10000000001001,5
2,2,2,256,48,0.05859375,0.0078125,0.94140625,15,2,0,00000000000000,00000000000000,4
2,2,2,256,49,0.0390625,0.0078125,0.9609375,10,2,1,10000000000000,00000000000001,4
2,2,2,256,50,0.03125,0.0078125,0.96875,8,2,8193,10000000000001,10000000000001,4
2,2,2,256,51,0.05859375,0.0078125,0.94140625,15,2,10752,00000000010101,10101000000000,4
2,2,2,256,52,0.04296875,0.0,0.95703125,11,0,8713,10010000010001,10001000001001,5
2,2,2,256,53,0.0546875,0.0,0.9453125,14,0,8192,00000000000001,10000000000000,5
2,2,2,256,54,0.0546875,0.00390625,0.9453125,14,1,0,00000000000000,00000000000000,3
2,2,2,256,55,0.04296875,0.0,0.95703125,11,0,8193,10000000000001,10000000000001,5
2,2,2,256,56,0.046875,0.0078125,0.953125,12,2,4096,00000000000010,01000000000000,4
2,2,2,256,57,0.046875,0.00390625,0.953125,12,1,1,10000000000000,00000000000001,4
2,2,2,256,58,0.03125,0.0,0.96875,8,0,8192,00000000000001,10000000000000,5
2,2,2,256,59,0.046875,0.0,0.953125,12,0,8192,00000000000001,10000000000000,5
2,2,2,256,60,0.0546875,0.0078125,0.9453125,14,2,512,00000000010000,00001000000000,4
2,2,2,256,61,0.0625,0.0078125,0.9375,16,2,4608,00000000010010,01001000000000,4
2,2,2,256,62,0.0390625,0.0078125,0.9609375,10,2,0,00000000000000,00000000000000,6
2,2,2,256,63,0.04296875,0.0,0.95703125,11,0,1,10000000000000,00000000000001,4
2,2,2,256,64,0.05078125,0.00390625,0.94921875,13,1,4224,00000001000010,01000010000000,5
2,2,2,256,65,0.0625,0.0,0.9375,16,0,2049,10000000000100,00100000000001,3
2,2,2,256,66,0.0390625,0.0,0.9609375,10,0,8192,00000000000001,10000000000000,5
2,2,2,256,67,0.04296875,0.00390625,0.95703125,11,1,9,10010000000000,00000000001001,4
2,2,2,256,68,0.0546875,0.00390625,0.9453125,14,1,1,10000000000000,00000000000001,4
2,2,2,256,69,0.03515625,0.0078125,0.96484375,9,2,8192,00000000000001,10000000000000,4
2,2,2,256,70,0.06640625,0.0,0.93359375,17,0,8192,00000000000001,10000000000000,3
2,2,2,256,71,0.046875,0.0,0.953125,12,0,1,10000000000000,00000000000001,4
2,2,2,256,72,0.05078125,0.00390625,0.94921875,13,1,0,00000000000000,00000000000000,4
2,2,2,256,73,0.04296875,0.00390625,0.95703125,11,1,8201,10010000000001,10000000001001,4
2,2,2,256,74,0.046875,0.00390625,0.953125,12,1,8706,01000000010001,10001000000010,5
2,2,2,256,75,0.04296875,0.00390625,0.95703125,11,1,8194,01000000000001,10000000000010,5
2,2,2,256,76,0.0390625,0.00390625,0.9609375,10,1,8193,10000000000001,10000000000001,6
2,2,2,256,77,0.05078125,0.0,0.94921875,13,0,1,10000000000000,00000000000001,5
2,2,2,256,78,0.06640625,0.0078125,0.93359375,17,2,0,00000000000000,00000000000000,4
2,2,2,256,79,0.01953125,0.0,0.98046875,5,0,8192,00000000000001,10000000000000,5
2,2,2,256,80,0.0546875,0.00390625,0.9453125,14,1,0,00000000000000,00000000000000,5
2,2,2,256,81,0.0703125,0.0,0.9296875,18,0,8194,01000000000001,10000000000010,5
2,2,2,256,82,0.05078125,0.00390625,0.94921875,13,1,8704,00000000010001,10001000000000,4
2,2,2,256,83,0.0546875,0.0078125,0.9453125,14,2,0,00000000000000,00000000000000,4
2,2,2,256,84,0.0703125,0.00390625,0.9296875,18,1,0,00000000000000,00000000000000,3
2,2,2,256,85,0.05859375,0.0,0.94140625,15,0,8192,00000000000001,10000000000000,4
2,2,2,256,86,0.0546875,0.01171875,0.9453125,14,3,512,00000000010000,00001000000000,4
2,2,2,256,87,0.03125,0.00390625,0.96875,8,1,9217,10000000001001,10010000000001,5
2,2,2,256,88,0.0546875,0.00390625,0.9453125,14,1,0,00000000000000,00000000000000,5
2,2,2,256,89,0.06640625,0.00390625,0.93359375,17,1,1,10000000000000,00000000000001,3
2,2,2,256,90,0.0234375,0.00390625,0.9765625,6,1,8193,10000000000001,10000000000001,4
2,2,2,256,91,0.03125,0.00390625,0.96875,8,1,4609,10000000010010,01001000000001,5
2,2,2,256,92,0.06640625,0.0,0.93359375,17,0,4608,00000000010010,01001000000000,4
2,2,2,256,93,0.03125,0.0,0.96875,8,0,9216,00000000001001,10010000000000,4
2,2,2,256,94,0.04296875,0.0,0.95703125,11,0,1,10000000000000,00000000000001,3
2,2,2,256,95,0.05078125,0.0,0.94921875,13,0,8192,00000000000001,10000000000000,4
2,2,2,256,96,0.0546875,0.00390625,0.9453125,14,1,0,00000000000000,00000000000000,8
2,2,2,256,97,0.0546875,0.00390625,0.9453125,14,1,8196,00100000000001,10000000000100,3
2,2,2,256,98,0.05078125,0.0,0.94921875,13,0,4096,00000000000010,01000000000000,6
2,2,2,256,99,0.07421875,0.00390625,0.92578125,19,1,8193,10000000000001,10000000000001,5
2,2,2,256,100,0.046875,0.00390625,0.953125,12,1,9,10010000000000,00000000001001,4
2,2,2,256,101,0.046875,0.0,0.953125,12,0,8193,10000000000001,10000000000001,4
2,2,2,256,102,0.04296875,0.0,0.95703125,11,0,0,00000000000000,00000000000000,4
2,2,2,256,103,0.07421875,0.00390625,0.92578125,19,1,8704,00000000010001,10001000000000,6
2,2,2,256,104,0.03125,0.0,0.96875,8,0,1025,10000000001000,00010000000001,3
2,2,2,256,105,0.06640625,0.00390625,0.93359375,17,1,8192,00000000000001,10000000000000,5
2,2,2,256,106,0.0390625,0.00390625,0.9609375,10,1,0,00000000000000,00000000000000,4
2,2,2,256,107,0.05859375,0.0078125,0.94140625,15,2,0,00000000000000,00000000000000,3
2,2,2,256,108,0.046875,0.0078125,0.953125,12,2,1,10000000000000,00000000000001,4
2,2,2,256,109,0.05859375,0.00390625,0.94140625,15,1,8193,10000000000001,10000000000001,6
2,2,2,256,110,0.03515625,0.0,0.96484375,9,0,8201,10010000000001,10000000001001,4
2,2,2,256,111,0.0390625,0.0,0.9609375,10,0,1,10000000000000,00000000000001,4
2,2,2,256,112,0.02734375,0.0,0.97265625,7,0,10241,10000000000101,10100000000001,5
2,2,2,256,113,0.0546875,0.00390625,0.9453125,14,1,1,10000000000000,00000000000001,5
2,2,2,256,114,0.0546875,0.00390625,0.9453125,14,1,8193,10000000000001,10000000000001,4
2,2,2,256,115,0.0703125,0.0,0.9296875,18,0,8225,10000100000001,10000000100001,4
2,2,2,256,116,0.0546875,0.0,0.9453125,14,0,9,10010000000000,00000000001001,4
2,2,2,256,117,0.0390625,0.0,0.9609375,10,0,8201,10010000000001,10000000001001,4
2,2,2,256,118,0.0703125,0.0078125,0.9296875,18,2,10752,00000000010101,10101000000000,4
2,2,2,256,119,0.05859375,0.0,0.94140625,15,0,8192,00000000000001,10000000000000,5
2,2,2,256,120,0.04296875,0.0,0.95703125,11,0,1,10000000000000,00000000000001,4
2,2,2,256,121,0.046875,0.00390625,0.953125,12,1,8457,10010000100001,10000100001001,3
2,2,2,256,122,0.05859375,0.00390625,0.94140625,15,1,8193,10000000000001,10000000000001,3
2,2,2,256,123,0.05078125,0.00390625,0.94921875,13,1,0,00000000000000,00000000000000,3
2,2,2,256,124,0.0546875,0.00390625,0.9453125,14,1,513,10000000010000,00001000000001,4
2,2,2,256,125,0.04296875,0.00390625,0.95703125,11,1,9225,10010000001001,10010000001001,4
2,2,2,256,126,0.04296875,0.00390625,0.95703125,11,1,8193,10000000000001,10000000000001,4
2,2,2,256,127,0.05859375,0.00390625,0.94140625,15,1,10752,00000000010101,10101000000000,5
2,2,2,256,128,0.0234375,0.0,0.9765625,6,0,10241,10000000000101,10100000000001,7
2,2,2,256,129,0.02734375,0.0,0.97265625,7,0,8192,00000000000001,10000000000000,5
2,2,2,256,130,0.05859375,0.0,0.94140625,15,0,576,00000010010000,00001001000000,4
2,2,2,256,131,0.046875,0.0,0.953125,12,0,8192,00000000000001,10000000000000,6
2,2,2,256,132,0.0546875,0.00390625,0.9453125,14,1,0,00000000000000,00000000000000,4
2,2,2,256,133,0.0625,0.0078125,0.9375,16,2,512,00000000010000,00001000000000,4
2,2,2,256,134,0.05078125,0.0,0.94921875,13,0,9,10010000000000,00000000001001,4
2,2,2,256,135,0.04296875,0.0,0.95703125,11,0,8201,10010000000001,10000000001001,5
2,2,2,256,136,0.0625,0.0,0.9375,16,0,4105,10010000000010,01000000001001,3
2,2,2,256,137,0.0390625,0.0,0.9609375,10,0,8192,00000000000001,10000000000000,4
2,2,2,256,138,0.05078125,0.00390625,0.94921875,13,1,8201,10010000000001,10000000001001,4
2,2,2,256,139,0.0546875,0.0078125,0.9453125,14,2,8194,01000000000001,10000000000010,4
2,2,2,256,140,0.046875,0.0078125,0.953125,12,2,4617,10010000010010,01001000001001,4
2,2,2,256,141,0.02734375,0.00390625,0.97265625,7,1,8194,01000000000001,10000000000010,3
2,2,2,256,142,0.0625,0.00390625,0.9375,16,1,1,10000000000000,00000000000001,5
2,2,2,256,143,0.03125,0.00390625,0.96875,8,1,8193,10000000000001,10000000000001,4
2,2,2,256,144,0.03125,0.00390625,0.96875,8,1,8192,00000000000001,10000000000000,7
2,2,2,256,145,0.06640625,0.015625,0.93359375,17,4,4097,10000000000010,01000000000001,4
2,2,2,256,146,0.04296875,0.0,0.95703125,11,0,10241,10000000000101,10100000000001,6
2,2,2,256,147,0.03125,0.00390625,0.96875,8,1,9216,00000000001001,10010000000000,4
2,2,2,256,148,0.046875,0.00390625,0.953125,12,1,0,00000000000000,00000000000000,5
2,2,2,256,149,0.05859375,0.0,0.94140625,15,0,10761,10010000010101,10101000001001,5
2,2,2,256,150,0.02734375,0.00390625,0.97265625,7,1,0,00000000000000,00000000000000,4
2,2,2,256,151,0.06640625,0.01171875,0.93359375,17,3,1,10000000000000,00000000000001,4
2,2,2,256,152,0.04296875,0.0,0.95703125,11,0,4097,10000000000010,01000000000001,4
2,2,2,256,153,0.04296875,0.0,0.95703125,11,0,512,00000000010000,00001000000000,3
2,2,2,256,154,0.046875,0.0,0.953125,12,0,9289,10010010001001,10010001001001,4
2,2,2,256,155,0.046875,0.0,0.953125,12,0,0,00000000000000,00000000000000,4
2,2,2,256,156,0.0625,0.00390625,0.9375,16,1,0,00000000000000,00000000000000,3
2,2,2,256,157,0.02734375,0.0,0.97265625,7,0,513,10000000010000,00001000000001,4
2,2,2,256,158,0.05859375,0.00390625,0.94140625,15,1,0,00000000000000,00000000000000,3
2,2,2,256,159,0.0546875,0.0078125,0.9453125,14,2,0,00000000000000,00000000000000,4
2,2,2,256,160,0.07421875,0.0,0.92578125,19,0,1,10000000000000,00000000000001,4
2,2,2,256,161,0.0390625,0.0,0.9609375,10,0,1,10000000000000,00000000000001,3
2,2,2,256,162,0.08203125,0.0,0.91796875,21,0,9289,10010010001001,10010001001001,5
2,2,2,256,163,0.05078125,0.0078125,0.94921875,13,2,9,10010000000000,00000000001001,6
2,2,2,256,164,0.0625,0.0078125,0.9375,16,2,1,10000000000000,00000000000001,3
2,2,2,256,165,0.03125,0.0,0.96875,8,0,2,01000000000000,00000000000010,6
2,2,2,256,166,0.0546875,0.00390625,0.9453125,14,1,8704,00000000010001,10001000000000,5
2,2,2,256,167,0.046875,0.00390625,0.953125,12,1,8192,00000000000001,10000000000000,5
2,2,2,256,168,0.06640625,0.00390625,0.93359375,17,1,8192,00000000000001,10000000000000,5
2,2,2,256,169,0.0390625,0.0,0.9609375,10,0,8192,00000000000001,10000000000000,4
2,2,2,256,170,0.0546875,0.0,0.9453125,14,0,8193,10000000000001,10000000000001,4
2,2,2,256,171,0.0546875,0.0,0.9453125,14,0,0,00000000000000,00000000000000,3
2,2,2,256,172,0.0546875,0.00390625,0.9453125,14,1,0,00000000000000,00000000000000,3
2,2,2,256,173,0.03515625,0.0,0.96484375,9,0,8192,00000000000001,10000000000000,6
2,2,2,256,174,0.02734375,0.0,0.97265625,7,0,8192,00000000000001,10000000000000,4
2,2,2,256,175,0.06640625,0.0,0.93359375,17,0,0,00000000000000,00000000000000,5
2,2,2,256,176,0.04296875,0.0,0.95703125,11,0,4608,00000000010010,01001000000000,4
2,2,2,256,177,0.0625,0.0,0.9375,16,0,10754,01000000010101,10101000000010,4
2,2,2,256,178,0.0703125,0.01171875,0.9296875,18,3,14371,11000100000111,11100000100011,4
2,2,2,256,179,0.0625,0.00390625,0.9375,16,1,9,10010000000000,00000000001001,5
2,2,2,256,180,0.0703125,0.0,0.9296875,18,0,4097,10000000000010,01000000000001,4
2,2,2,256,181,0.078125,0.0078125,0.921875,20,2,10273,10000100000101,10100000100001,6
2,2,2,256,182,0.046875,0.0,0.953125,12,0,8193,10000000000001,10000000000001,6
2,2,2,256,183,0.04296875,0.0,0.95703125,11,0,8192,00000000000001,10000000000000,6
2,2,2,256,184,0.05078125,0.00390625,0.94921875,13,1,9218,01000000001001,10010000000010,5
2,2,2,256,185,0.0234375,0.0,0.9765625,6,0,8201,10010000000001,10000000001001,4
2,2,2,256,186,0.0390625,0.00390625,0.9609375,10,1,8193,10000000000001,10000000000001,5
2,2,2,256,187,0.046875,0.00390625,0.953125,12,1,9,10010000000000,00000000001001,3
2,2,2,256,188,0.0703125,0.00390625,0.9296875,18,1,8192,00000000000001,10000000000000,4
2,2,2,256,189,0.0390625,0.00390625,0.9609375,10,1,8201,10010000000001,10000000001001,4
2,2,2,256,190,0.05078125,0.0078125,0.94921875,13,2,4,00100000000000,00000000000100,4
2,2,2,256,191,0.046875,0.01171875,0.953125,12,3,10240,00000000000101,10100000000000,4
2,2,2,256,192,0.07421875,0.00390625,0.92578125,19,1,10241,10000000000101,10100000000001,4
2,2,2,256,193,0.03125,0.0,0.96875,8,0,4617,10010000010010,01001000001001,4
2,2,2,256,194,0.04296875,0.0,0.95703125,11,0,1,10000000000000,00000000000001,3
2,2,2,256,195,0.0546875,0.0078125,0.9453125,14,2,8194,01000000000001,10000000000010,3
2,2,2,256,196,0.05859375,0.0,0.94140625,15,0,4609,10000000010010,01001000000001,4
2,2,2,256,197,0.05078125,0.0,0.94921875,13,0,8193,10000000000001,10000000000001,4
2,2,2,256,198,0.04296875,0.00390625,0.95703125,11,1,8200,00010000000001,10000000001000,5
2,2,2,256,199,0.0703125,0.00390625,0.9296875,18,1,10273,10000100000101,10100000100001,4
2,2,2,1024,0,0.044921875,0.0,0.955078125,46,0,8192,00000000000001,10000000000000,16
2,2,2,1024,1,0.046875,0.001953125,0.953125,48,2,0,00000000000000,00000000000000,13
2,2,2,1024,2,0.052734375,0.0009765625,0.947265625,54,1,0,00000000000000,00000000000000,14
2,2,2,1024,3,0.04296875,0.0009765625,0.95703125,44,1,0,00000000000000,00000000000000,12
2,2,2,1024,4,0.0546875,0.0029296875,0.9453125,56,3,8193,10000000000001,10000000000001,11
2,2,2,1024,5,0.0478515625,0.001953125,0.9521484375,49,2,8193,10000000000001,10000000000001,14
2,2,2,1024,6,0.0625,0.0029296875,0.9375,64,3,8201,10010000000001,10000000001001,13
2,2,2,1024,7,0.048828125,0.0029296875,0.951171875,50,3,8201,10010000000001,10000000001001,11
2,2,2,1024,8,0.0380859375,0.0,0.9619140625,39,0,1,10000000000000,00000000000001,10
2,2,2,1024,9,0.0439453125,0.0009765625,0.9560546875,45,1,10752,00000000010101,10101000000000,11
2,2,2,1024,10,0.0537109375,0.001953125,0.9462890625,55,2,8194,01000000000001,10000000000010,11
2,2,2,1024,11,0.0546875,0.00390625,0.9453125,56,4,1,10000000000000,00000000000001,10
2,2,2,1024,12,0.0400390625,0.0,0.9599609375,41,0,8192,00000000000001,10000000000000,12
2,2,2,1024,13,0.056640625,0.00390625,0.943359375,58,4,0,00000000000000,00000000000000,13
2,2,2,1024,14,0.05859375,0.00390625,0.94140625,60,4,0,00000000000000,00000000000000,16
2,2,2,1024,15,0.0556640625,0.001953125,0.9443359375,57,2,0,00000000000000,00000000000000,20
2,2,2,1024,16,0.05078125,0.001953125,0.94921875,52,2,8192,00000000000001,10000000000000,12
2,2,2,1024,17,0.048828125,0.00390625,0.951171875,50,4,0,00000000000000,00000000000000,12
2,2,2,1024,18,0.0517578125,0.0009765625,0.9482421875,53,1,8193,10000000000001,10000000000001,11
2,2,2,1024,19,0.0439453125,0.00390625,0.9560546875,45,4,8192,00000000000001,10000000000000,12
2,2,2,1024,20,0.0478515625,0.0029296875,0.9521484375,49,3,8193,10000000000001,10000000000001,10
2,2,2,1024,21,0.0478515625,0.00390625,0.9521484375,49,4,8192,00000000000001,10000000000000,11
2,2,2,1024,22,0.0634765625,0.0029296875,0.9365234375,65,3,8192,00000000000001,10000000000000,11
2,2,2,1024,23,0.056640625,0.00390625,0.943359375,58,4,8192,00000000000001,10000000000000,10
2,2,2,1024,24,0.0478515625,0.001953125,0.9521484375,49,2,8193,10000000000001,10000000000001,11
2,2,2,1024,25,0.052734375,0.00390625,0.947265625,54,4,8192,00000000000001,10000000000000,11
2,2,2,1024,26,0.052734375,0.0009765625,0.947265625,54,1,8192,00000000000001,10000000000000,13
2,2,2,1024,27,0.068359375,0.0048828125,0.931640625,70,5,8193,10000000000001,10000000000001,13
2,2,2,1024,28,0.044921875,0.0009765625,0.955078125,46,1,0,00000000000000,00000000000000,11
2,2,2,1024,29,0.046875,0.00390625,0.953125,48,4,4097,10000000000010,01000000000001,10
2,2,2,1024,30,0.04296875,0.0029296875,0.95703125,44,3,8201,10010000000001,10000000001001,13
2,2,2,1024,31,0.0546875,0.001953125,0.9453125,56,2,8193,10000000000001,10000000000001,13
2,2,2,1024,32,0.0546875,0.0029296875,0.9453125,56,3,8192,00000000000001,10000000000000,13
2,2,2,1024,33,0.0390625,0.0,0.9609375,40,0,8192,00000000000001,10000000000000,17
2,2,2,1024,34,0.0517578125,0.001953125,0.9482421875,53,2,8201,10010000000001,10000000001001,16
2,2,2,1024,35,0.052734375,0.00390625,0.947265625,54,4,1,10000000000000,00000000000001,11
2,2,2,1024,36,0.0498046875,0.0009765625,0.9501953125,51,1,8192,00000000000001,10000000000000,13
2,2,2,1024,37,0.04296875,0.001953125,0.95703125,44,2,8192,00000000000001,10000000000000,13
2,2,2,1024,38,0.052734375,0.001953125,0.947265625,54,2,0,00000000000000,00000000000000,16
2,2,2,1024,39,0.0576171875,0.0029296875,0.9423828125,59,3,1,10000000000000,00000000000001,16
2,2,2,1024,40,0.044921875,0.0029296875,0.955078125,46,3,8192,00000000000001,10000000000000,15
2,2,2,1024,41,0.0478515625,0.0048828125,0.9521484375,49,5,8192,00000000000001,10000000000000,13
2,2,2,1024,42,0.0478515625,0.0068359375,0.9521484375,49,7,8201,10010000000001,10000000001001,9
2,2,2,1024,43,0.0517578125,0.0009765625,0.9482421875,53,1,8201,10010000000001,10000000001001,13
2,2,2,1024,44,0.0615234375,0.001953125,0.9384765625,63,2,8704,00000000010001,10001000000000,13
2,2,2,1024,45,0.060546875,0.001953125,0.939453125,62,2,8193,10000000000001,10000000000001,11
2,2,2,1024,46,0.041015625,0.001953125,0.958984375,42,2,8193,10000000000001,10000000000001,14
2,2,2,1024,47,0.05078125,0.00390625,0.94921875,52,4,8193,10000000000001,10000000000001,12
2,2,2,1024,48,0.05859375,0.00390625,0.94140625,60,4,0,00000000000000,00000000000000,11
2,2,2,1024,49,0.0537109375,0.00390625,0.9462890625,55,4,8192,00000000000001,10000000000000,11
2,2,2,1024,50,0.041015625,0.00390625,0.958984375,42,4,0,00000000000000,00000000000000,14
2,2,2,1024,51,0.05859375,0.0078125,0.94140625,60,8,8192,00000000000001,10000000000000,16
2,2,2,1024,52,0.05859375,0.0009765625,0.94140625,60,1,0,00000000000000,00000000000000,14
2,2,2,1024,53,0.05078125,0.0009765625,0.94921875,52,1,0,00000000000000,00000000000000,13
2,2,2,1024,54,0.0478515625,0.0009765625,0.9521484375,49,1,8193,10000000000001,10000000000001,16
2,2,2,1024,55,0.0400390625,0.0009765625,0.9599609375,41,1,8192,00000000000001,10000000000000,10
2,2,2,1024,56,0.0546875,0.00390625,0.9453125,56,4,8192,00000000000001,10000000000000,13
2,2,2,1024,57,0.052734375,0.001953125,0.947265625,54,2,8192,00000000000001,10000000000000,11
2,2,2,1024,58,0.048828125,0.0048828125,0.951171875,50,5,10240,00000000000101,10100000000000,9
2,2,2,1024,59,0.0537109375,0.0009765625,0.9462890625,55,1,8192,00000000000001,10000000000000,16
2,2,2,1024,60,0.048828125,0.0029296875,0.951171875,50,3,8193,10000000000001,10000000000001,12
2,2,2,1024,61,0.044921875,0.001953125,0.955078125,46,2,2,01000000000000,00000000000010,8
2,2,2,1024,62,0.0556640625,0.0029296875,0.9443359375,57,3,8193,10000000000001,10000000000001,10
2,2,2,1024,63,0.05078125,0.0048828125,0.94921875,52,5,8192,00000000000001,10000000000000,10
2,2,2,1024,64,0.0556640625,0.0009765625,0.9443359375,57,1,1,10000000000000,00000000000001,10
2,2,2,1024,65,0.05078125,0.0029296875,0.94921875,52,3,8192,00000000000001,10000000000000,15
2,2,2,1024,66,0.0537109375,0.0009765625,0.9462890625,55,1,0,00000000000000,00000000000000,12
2,2,2,1024,67,0.04296875,0.0029296875,0.95703125,44,3,0,00000000000000,00000000000000,15
2,2,2,1024,68,0.056640625,0.00390625,0.943359375,58,4,1,10000000000000,00000000000001,11
2,2,2,1024,69,0.0390625,0.001953125,0.9609375,40,2,8192,00000000000001,10000000000000,14
2,2,2,1024,70,0.0703125,0.0009765625,0.9296875,72,1,0,00000000000000,00000000000000,12
2,2,2,1024,71,0.0478515625,0.0009765625,0.9521484375,49,1,8192,00000000000001,10000000000000,12
2,2,2,1024,72,0.0556640625,0.0048828125,0.9443359375,57,5,8192,00000000000001,10000000000000,14
2,2,2,1024,73,0.0546875,0.0009765625,0.9453125,56,1,8192,00000000000001,10000000000000,13
2,2,2,1024,74,0.05859375,0.0029296875,0.94140625,60,3,8192,00000000000001,10000000000000,11
2,2,2,1024,75,0.05078125,0.0029296875,0.94921875,52,3,8193,10000000000001,10000000000001,14
2,2,2,1024,76,0.052734375,0.001953125,0.947265625,54,2,0,00000000000000,00000000000000,15
2,2,2,1024,77,0.037109375,0.001953125,0.962890625,38,2,8192,00000000000001,10000000000000,10
2,2,2,1024,78,0.060546875,0.00390625,0.939453125,62,4,1,10000000000000,00000000000001,11
2,2,2,1024,79,0.05078125,0.0029296875,0.94921875,52,3,8192,00000000000001,10000000000000,15
2,2,2,1024,80,0.05078125,0.0048828125,0.94921875,52,5,8193,10000000000001,10000000000001,14
2,2,2,1024,81,0.0595703125,0.0029296875,0.9404296875,61,3,8192,00000000000001,10000000000000,12
2,2,2,1024,82,0.048828125,0.0009765625,0.951171875,50,1,8192,00000000000001,10000000000000,11
2,2,2,1024,83,0.0576171875,0.0048828125,0.9423828125,59,5,1,10000000000000,00000000000001,14
2,2,2,1024,84,0.04296875,0.0029296875,0.95703125,44,3,1,10000000000000,00000000000001,10
2,2,2,1024,85,0.046875,0.00390625,0.953125,48,4,8192,00000000000001,10000000000000,13
2,2,2,1024,86,0.0478515625,0.0,0.9521484375,49,0,8201,10010000000001,10000000001001,16
2,2,2,1024,87,0.048828125,0.0029296875,0.951171875,50,3,8192,00000000000001,10000000000000,13
2,2,2,1024,88,0.04296875,0.0029296875,0.95703125,44,3,8192,00000000000001,10000000000000,15
2,2,2,1024,89,0.056640625,0.001953125,0.943359375,58,2,8201,10010000000001,10000000001001,10
2,2,2,1024,90,0.0419921875,0.0068359375,0.9580078125,43,7,8192,00000000000001,10000000000000,12
2,2,2,1024,91,0.05859375,0.0048828125,0.94140625,60,5,8192,00000000000001,10000000000000,10
2,2,2,1024,92,0.0478515625,0.0009765625,0.9521484375,49,1,1,10000000000000,00000000000001,10
2,2,2,1024,93,0.0517578125,0.0009765625,0.9482421875,53,1,8192,00000000000001,10000000000000,16
2,2,2,1024,94,0.0458984375,0.00390625,0.9541015625,47,4,8192,00000000000001,10000000000000,13
2,2,2,1024,95,0.044921875,0.0029296875,0.955078125,46,3,0,00000000000000,00000000000000,13
2,2,2,1024,96,0.0537109375,0.0029296875,0.9462890625,55,3,8192,00000000000001,10000000000000,12
2,2,2,1024,97,0.0478515625,0.001953125,0.9521484375,49,2,8201,10010000000001,10000000001001,15
2,2,2,1024,98,0.05078125,0.0009765625,0.94921875,52,1,8193,10000000000001,10000000000001,14
2,2,2,1024,99,0.0439453125,0.00390625,0.9560546875,45,4,0,00000000000000,00000000000000,12
2,2,2,1024,100,0.0546875,0.00390625,0.9453125,56,4,8193,10000000000001,10000000000001,16
2,2,2,1024,101,0.05078125,0.0029296875,0.94921875,52,3,8193,10000000000001,10000000000001,12
2,2,2,1024,102,0.0517578125,0.001953125,0.9482421875,53,2,0,00000000000000,00000000000000,11
2,2,2,1024,103,0.0439453125,0.00390625,0.9560546875,45,4,1,10000000000000,00000000000001,11
2,2,2,1024,104,0.048828125,0.0029296875,0.951171875,50,3,8192,00000000000001,10000000000000,15
2,2,2,1024,105,0.0537109375,0.0029296875,0.9462890625,55,3,0,00000000000000,00000000000000,15
2,2,2,1024,106,0.048828125,0.00390625,0.951171875,50,4,8193,10000000000001,10000000000001,11
2,2,2,1024,107,0.052734375,0.005859375,0.947265625,54,6,0,00000000000000,00000000000000,12
2,2,2,1024,108,0.048828125,0.0009765625,0.951171875,50,1,8192,00000000000001,10000000000000,14
2,2,2,1024,109,0.0419921875,0.001953125,0.9580078125,43,2,9,10010000000000,00000000001001,10
2,2,2,1024,110,0.048828125,0.001953125,0.951171875,50,2,0,00000000000000,00000000000000,13
2,2,2,1024,111,0.0419921875,0.001953125,0.9580078125,43,2,1,10000000000000,00000000000001,14
2,2,2,1024,112,0.0556640625,0.0048828125,0.9443359375,57,5,1,10000000000000,00000000000001,12
2,2,2,1024,113,0.0458984375,0.0029296875,0.9541015625,47,3,1,10000000000000,00000000000001,12
2,2,2,1024,114,0.052734375,0.0078125,0.947265625,54,8,8192,00000000000001,10000000000000,9
2,2,2,1024,115,0.05859375,0.005859375,0.94140625,60,6,8192,00000000000001,10000000000000,16
2,2,2,1024,116,0.05078125,0.001953125,0.94921875,52,2,8194,01000000000001,10000000000010,10
2,2,2,1024,117,0.060546875,0.0009765625,0.939453125,62,1,8201,10010000000001,10000000001001,11
2,2,2,1024,118,0.0703125,0.0029296875,0.9296875,72,3,8192,00000000000001,10000000000000,16
2,2,2,1024,119,0.0556640625,0.00390625,0.9443359375,57,4,8201,10010000000001,10000000001001,11
2,2,2,1024,120,0.044921875,0.0029296875,0.955078125,46,3,10752,00000000010101,10101000000000,11
2,2,2,1024,121,0.0458984375,0.0029296875,0.9541015625,47,3,1,10000000000000,00000000000001,11
2,2,2,1024,122,0.0517578125,0.00390625,0.9482421875,53,4,8193,10000000000001,10000000000001,10
2,2,2,1024,123,0.0537109375,0.0029296875,0.9462890625,55,3,8193,10000000000001,10000000000001,13
2,2,2,1024,124,0.0361328125,0.0029296875,0.9638671875,37,3,8192,00000000000001,10000000000000,12
2,2,2,1024,125,0.0546875,0.0048828125,0.9453125,56,5,1,10000000000000,00000000000001,12
2,2,2,1024,126,0.0537109375,0.0009765625,0.9462890625,55,1,0,00000000000000,00000000000000,14
2,2,2,1024,127,0.0654296875,0.0048828125,0.9345703125,67,5,8457,10010000100001,10000100001001,12
2,2,2,1024,128,0.0419921875,0.0009765625,0.9580078125,43,1,8192,00000000000001,10000000000000,15
2,2,2,1024,129,0.052734375,0.0009765625,0.947265625,54,1,8192,00000000000001,10000000000000,12
2,2,2,1024,130,0.0654296875,0.0078125,0.9345703125,67,8,8192,00000000000001,10000000000000,15
2,2,2,1024,131,0.052734375,0.0048828125,0.947265625,54,5,4097,10000000000010,01000000000001,11
2,2,2,1024,132,0.048828125,0.0048828125,0.951171875,50,5,8201,10010000000001,10000000001001,14
2,2,2,1024,133,0.0556640625,0.00390625,0.9443359375,57,4,0,00000000000000,00000000000000,14
2,2,2,1024,134,0.0556640625,0.0009765625,0.9443359375,57,1,0,00000000000000,00000000000000,13
2,2,2,1024,135,0.046875,0.001953125,0.953125,48,2,8192,00000000000001,10000000000000,13
2,2,2,1024,136,0.0419921875,0.001953125,0.9580078125,43,2,8192,00000000000001,10000000000000,16
2,2,2,1024,137,0.048828125,0.005859375,0.951171875,50,6,8192,00000000000001,10000000000000,9
2,2,2,1024,138,0.05078125,0.0029296875,0.94921875,52,3,8457,10010000100001,10000100001001,10
2,2,2,1024,139,0.052734375,0.0029296875,0.947265625,54,3,8192,00000000000001,10000000000000,10
2,2,2,1024,140,0.0556640625,0.0048828125,0.9443359375,57,5,8192,00000000000001,10000000000000,12
2,2,2,1024,141,0.04296875,0.0029296875,0.95703125,44,3,2,01000000000000,00000000000010,10
2,2,2,1024,142,0.046875,0.001953125,0.953125,48,2,8192,00000000000001,10000000000000,14
2,2,2,1024,143,0.048828125,0.00390625,0.951171875,50,4,9216,00000000001001,10010000000000,11
2,2,2,1024,144,0.0498046875,0.005859375,0.9501953125,51,6,8192,00000000000001,10000000000000,12
2,2,2,1024,145,0.060546875,0.0009765625,0.939453125,62,1,8192,00000000000001,10000000000000,12
2,2,2,1024,146,0.0546875,0.0029296875,0.9453125,56,3,8193,10000000000001,10000000000001,12
2,2,2,1024,147,0.0595703125,0.005859375,0.9404296875,61,6,8192,00000000000001,10000000000000,12
2,2,2,1024,148,0.046875,0.0048828125,0.953125,48,5,8192,00000000000001,10000000000000,14
2,2,2,1024,149,0.052734375,0.0048828125,0.947265625,54,5,9289,10010010001001,10010001001001,10
2,2,2,1024,150,0.0556640625,0.005859375,0.9443359375,57,6,8192,00000000000001,10000000000000,14
2,2,2,1024,151,0.0546875,0.0029296875,0.9453125,56,3,8192,00000000000001,10000000000000,10
2,2,2,1024,152,0.05078125,0.001953125,0.94921875,52,2,8193,10000000000001,10000000000001,12
2,2,2,1024,153,0.060546875,0.0029296875,0.939453125,62,3,8193,10000000000001,10000000000001,12
2,2,2,1024,154,0.0556640625,0.0009765625,0.9443359375,57,1,512,00000000010000,00001000000000,9
2,2,2,1024,155,0.0439453125,0.0,0.9560546875,45,0,8192,00000000000001,10000000000000,16
2,2,2,1024,156,0.0439453125,0.00390625,0.9560546875,45,4,10240,00000000000101,10100000000000,14
2,2,2,1024,157,0.0576171875,0.0029296875,0.9423828125,59,3,8192,00000000000001,10000000000000,12
2,2,2,1024,158,0.0390625,0.0029296875,0.9609375,40,3,8192,00000000000001,10000000000000,17
2,2,2,1024,159,0.0498046875,0.001953125,0.9501953125,51,2,8201,10010000000001,10000000001001,12
2,2,2,1024,160,0.0458984375,0.00390625,0.9541015625,47,4,8193,10000000000001,10000000000001,13
2,2,2,1024,161,0.0537109375,0.00390625,0.9462890625,55,4,0,00000000000000,00000000000000,13
2,2,2,1024,162,0.064453125,0.00390625,0.935546875,66,4,8192,00000000000001,10000000000000,16
2,2,2,1024,163,0.0595703125,0.00390625,0.9404296875,61,4,0,00000000000000,00000000000000,11
2,2,2,1024,164,0.060546875,0.0029296875,0.939453125,62,3,8192,00000000000001,10000000000000,16
2,2,2,1024,165,0.0478515625,0.0068359375,0.9521484375,49,7,8192,00000000000001,10000000000000,13
2,2,2,1024,166,0.0400390625,0.0048828125,0.9599609375,41,5,8192,00000000000001,10000000000000,15
2,2,2,1024,167,0.056640625,0.00390625,0.943359375,58,4,8193,10000000000001,10000000000001,14
2,2,2,1024,168,0.056640625,0.0029296875,0.943359375,58,3,8193,10000000000001,10000000000001,15
2,2,2,1024,169,0.048828125,0.0048828125,0.951171875,50,5,8193,10000000000001,10000000000001,10
2,2,2,1024,170,0.05859375,0.0068359375,0.94140625,60,7,0,00000000000000,00000000000000,13
2,2,2,1024,171,0.05859375,0.0068359375,0.94140625,60,7,8193,10000000000001,10000000000001,13
2,2,2,1024,172,0.0546875,0.00390625,0.9453125,56,4,0,00000000000000,00000000000000,13
2,2,2,1024,173,0.056640625,0.0048828125,0.943359375,58,5,0,00000000000000,00000000000000,13
2,2,2,1024,174,0.0458984375,0.0048828125,0.9541015625,47,5,8192,00000000000001,10000000000000,12
2,2,2,1024,175,0.048828125,0.0029296875,0.951171875,50,3,8192,00000000000001,10000000000000,16
2,2,2,1024,176,0.0478515625,0.0029296875,0.9521484375,49,3,1,10000000000000,00000000000001,14
2,2,2,1024,177,0.0537109375,0.001953125,0.9462890625,55,2,1,10000000000000,00000000000001,14
2,2,2,1024,178,0.0419921875,0.0029296875,0.9580078125,43,3,8193,10000000000001,10000000000001,13
2,2,2,1024,179,0.0625,0.0048828125,0.9375,64,5,8193,10000000000001,10000000000001,11
2,2,2,1024,180,0.041015625,0.0,0.958984375,42,0,8192,00000000000001,10000000000000,14
2,2,2,1024,181,0.0556640625,0.00390625,0.9443359375,57,4,8201,10010000000001,10000000001001,11
2,2,2,1024,182,0.0517578125,0.00390625,0.9482421875,53,4,0,00000000000000,00000000000000,10
2,2,2,1024,183,0.0419921875,0.0029296875,0.9580078125,43,3,8193,10000000000001,10000000000001,13
2,2,2,1024,184,0.0595703125,0.0029296875,0.9404296875,61,3,4608,00000000010010,01001000000000,11
2,2,2,1024,185,0.0517578125,0.0009765625,0.9482421875,53,1,8194,01000000000001,10000000000010,10
2,2,2,1024,186,0.0400390625,0.001953125,0.9599609375,41,2,4096,00000000000010,01000000000000,13
2,2,2,1024,187,0.0498046875,0.0029296875,0.9501953125,51,3,8193,10000000000001,10000000000001,11
2,2,2,1024,188,0.0576171875,0.00390625,0.9423828125,59,4,8193,10000000000001,10000000000001,10
2,2,2,1024,189,0.056640625,0.0009765625,0.943359375,58,1,8192,00000000000001,10000000000000,14
2,2,2,1024,190,0.041015625,0.0009765625,0.958984375,42,1,8193,10000000000001,10000000000001,17
2,2,2,1024,191,0.033203125,0.0009765625,0.966796875,34,1,1,10000000000000,00000000000001,15
2,2,2,1024,192,0.0537109375,0.0029296875,0.9462890625,55,3,8192,00000000000001,10000000000000,11
2,2,2,1024,193,0.046875,0.001953125,0.953125,48,2,1,10000000000000,00000000000001,11
2,2,2,1024,194,0.0361328125,0.001953125,0.9638671875,37,2,8192,00000000000001,10000000000000,13
2,2,2,1024,195,0.0673828125,0.00390625,0.9326171875,69,4,8192,00000000000001,10000000000000,15
2,2,2,1024,196,0.0546875,0.0029296875,0.9453125,56,3,8192,00000000000001,10000000000000,15
2,2,2,1024,197,0.0478515625,0.0048828125,0.9521484375,49,5,0,00000000000000,00000000000000,10
2,2,2,1024,198,0.0478515625,0.0029296875,0.9521484375,49,3,8192,00000000000001,10000000000000,14
2,2,2,1024,199,0.04296875,0.001953125,0.95703125,44,2,1,10000000000000,00000000000001,14
2,2,2,4096,0,0.052001953125,0.003173828125,0.947998046875,213,13,8193,10000000000001,10000000000001,50
2,2,2,4096,1,0.054443359375,0.003173828125,0.945556640625,223,13,8192,00000000000001,10000000000000,35
2,2,2,4096,2,0.0556640625,0.003173828125,0.9443359375,228,13,8193,10000000000001,10000000000001,41
2,2,2,4096,3,0.046630859375,0.00341796875,0.953369140625,191,14,8192,00000000000001,10000000000000,47
2,2,2,4096,4,0.052490234375,0.00390625,0.947509765625,215,16,8193,10000000000001,10000000000001,42
2,2,2,4096,5,0.050537109375,0.00439453125,0.949462890625,207,18,8193,10000000000001,10000000000001,40
2,2,2,4096,6,0.0498046875,0.0029296875,0.9501953125,204,12,0,00000000000000,00000000000000,42
2,2,2,4096,7,0.052001953125,0.0029296875,0.947998046875,213,12,8201,10010000000001,10000000001001,37
2,2,2,4096,8,0.046142578125,0.003173828125,0.953857421875,189,13,8192,00000000000001,10000000000000,44
2,2,2,4096,9,0.049560546875,0.001953125,0.950439453125,203,8,8193,10000000000001,10000000000001,45
2,2,2,4096,10,0.054931640625,0.002685546875,0.945068359375,225,11,8192,00000000000001,10000000000000,48
2,2,2,4096,11,0.048583984375,0.00390625,0.951416015625,199,16,0,00000000000000,00000000000000,38
2,2,2,4096,12,0.0595703125,0.00244140625,0.9404296875,244,10,8192,00000000000001,10000000000000,43
2,2,2,4096,13,0.0517578125,0.003662109375,0.9482421875,212,15,8192,00000000000001,10000000000000,47
2,2,2,4096,14,0.04833984375,0.001953125,0.95166015625,198,8,8192,00000000000001,10000000000000,45
2,2,2,4096,15,0.055908203125,0.002197265625,0.944091796875,229,9,0,00000000000000,00000000000000,37
2,2,2,4096,16,0.05078125,0.001953125,0.94921875,208,8,0,00000000000000,00000000000000,37
2,2,2,4096,17,0.05419921875,0.004150390625,0.94580078125,222,17,8201,10010000000001,10000000001001,36
2,2,2,4096,18,0.04736328125,0.001953125,0.95263671875,194,8,0,00000000000000,00000000000000,37
2,2,2,4096,19,0.043212890625,0.003173828125,0.956787109375,177,13,8192,00000000000001,10000000000000,38
2,2,2,4096,20,0.051513671875,0.00439453125,0.948486328125,211,18,8192,00000000000001,10000000000000,43
2,2,2,4096,21,0.048828125,0.00439453125,0.951171875,200,18,8192,00000000000001,10000000000000,44
2,2,2,4096,22,0.053466796875,0.0048828125,0.946533203125,219,20,8192,00000000000001,10000000000000,43
2,2,2,4096,23,0.05126953125,0.001953125,0.94873046875,210,8,0,00000000000000,00000000000000,43
2,2,2,4096,24,0.0517578125,0.001708984375,0.9482421875,212,7,8193,10000000000001,10000000000001,39
2,2,2,4096,25,0.053466796875,0.00439453125,0.946533203125,219,18,8192,00000000000001,10000000000000,50
2,2,2,4096,26,0.05615234375,0.00439453125,0.94384765625,230,18,8192,00000000000001,10000000000000,50
2,2,2,4096,27,0.04736328125,0.0029296875,0.95263671875,194,12,8192,00000000000001,10000000000000,41
2,2,2,4096,28,0.05419921875,0.00341796875,0.94580078125,222,14,8193,10000000000001,10000000000001,37
2,2,2,4096,29,0.048583984375,0.003173828125,0.951416015625,199,13,8192,00000000000001,10000000000000,45
2,2,2,4096,30,0.046875,0.0029296875,0.953125,192,12,8192,00000000000001,10000000000000,47
2,2,2,4096,31,0.05078125,0.004638671875,0.94921875,208,19,8192,00000000000001,10000000000000,59
2,2,2,4096,32,0.048095703125,0.002685546875,0.951904296875,197,11,8193,10000000000001,10000000000001,54
2,2,2,4096,33,0.0537109375,0.00244140625,0.9462890625,220,10,8192,00000000000001,10000000000000,45
2,2,2,4096,34,0.049560546875,0.003173828125,0.950439453125,203,13,8193,10000000000001,10000000000001,49
2,2,2,4096,35,0.058349609375,0.00341796875,0.941650390625,239,14,8192,00000000000001,10000000000000,56
2,2,2,4096,36,0.0576171875,0.00439453125,0.9423828125,236,18,8193,10000000000001,10000000000001,42
2,2,2,4096,37,0.051025390625,0.002197265625,0.948974609375,209,9,8192,00000000000001,10000000000000,40
2,2,2,4096,38,0.048583984375,0.0029296875,0.951416015625,199,12,8193,10000000000001,10000000000001,41
2,2,2,4096,39,0.04150390625,0.002685546875,0.95849609375,170,11,0,00000000000000,00000000000000,38
2,2,2,4096,40,0.0478515625,0.001708984375,0.9521484375,196,7,8192,00000000000001,10000000000000,51
2,2,2,4096,41,0.0517578125,0.00390625,0.9482421875,212,16,8192,00000000000001,10000000000000,39
2,2,2,4096,42,0.053466796875,0.003173828125,0.946533203125,219,13,8192,00000000000001,10000000000000,41
2,2,2,4096,43,0.05517578125,0.00439453125,0.94482421875,226,18,8192,00000000000001,10000000000000,37
2,2,2,4096,44,0.05322265625,0.003662109375,0.94677734375,218,15,0,00000000000000,00000000000000,39
2,2,2,4096,45,0.054931640625,0.0029296875,0.945068359375,225,12,1,10000000000000,00000000000001,39
2,2,2,4096,46,0.050048828125,0.003173828125,0.949951171875,205,13,1,10000000000000,00000000000001,48
2,2,2,4096,47,0.053955078125,0.0029296875,0.946044921875,221,12,8193,10000000000001,10000000000001,43
2,2,2,4096,48,0.0498046875,0.00341796875,0.9501953125,204,14,8193,10000000000001,10000000000001,46
2,2,2,4096,49,0.0537109375,0.00244140625,0.9462890625,220,10,8192,00000000000001,10000000000000,37
2,2,2,4096,50,0.048828125,0.003173828125,0.951171875,200,13,0,00000000000000,00000000000000,42
2,2,2,4096,51,0.0537109375,0.00244140625,0.9462890625,220,10,8192,00000000000001,10000000000000,42
2,2,2,4096,52,0.06005859375,0.00390625,0.93994140625,246,16,0,00000000000000,00000000000000,39
2,2,2,4096,53,0.05322265625,0.00244140625,0.94677734375,218,10,8201,10010000000001,10000000001001,38
2,2,2,4096,54,0.040771484375,0.004150390625,0.959228515625,167,17,8193,10000000000001,10000000000001,42
2,2,2,4096,55,0.052001953125,0.002197265625,0.947998046875,213,9,8192,00000000000001,10000000000000,42
2,2,2,4096,56,0.05419921875,0.004150390625,0.94580078125,222,17,8192,00000000000001,10000000000000,41
2,2,2,4096,57,0.04931640625,0.004638671875,0.95068359375,202,19,8193,10000000000001,10000000000001,45
2,2,2,4096,58,0.051513671875,0.003662109375,0.948486328125,211,15,0,00000000000000,00000000000000,52
2,2,2,4096,59,0.05078125,0.002685546875,0.94921875,208,11,8192,00000000000001,10000000000000,44
2,2,2,4096,60,0.05419921875,0.00390625,0.94580078125,222,16,8192,00000000000001,10000000000000,39
2,2,2,4096,61,0.053955078125,0.005615234375,0.946044921875,221,23,8193,10000000000001,10000000000001,49
2,2,2,4096,62,0.048583984375,0.002685546875,0.951416015625,199,11,8192,00000000000001,10000000000000,48
2,2,2,4096,63,0.049072265625,0.001953125,0.950927734375,201,8,8192,00000000000001,10000000000000,41
2,2,2,4096,64,0.056640625,0.002197265625,0.943359375,232,9,0,00000000000000,00000000000000,42
2,2,2,4096,65,0.048095703125,0.00341796875,0.951904296875,197,14,8192,00000000000001,10000000000000,52
2,2,2,4096,66,0.05126953125,0.00341796875,0.94873046875,210,14,8192,00000000000001,10000000000000,52
2,2,2,4096,67,0.052978515625,0.003173828125,0.947021484375,217,13,8192,00000000000001,10000000000000,52
2,2,2,4096,68,0.053955078125,0.0029296875,0.946044921875,221,12,8192,00000000000001,10000000000000,40
2,2,2,4096,69,0.0546875,0.0029296875,0.9453125,224,12,8193,10000000000001,10000000000001,51
2,2,2,4096,70,0.05029296875,0.002197265625,0.94970703125,206,9,8192,00000000000001,10000000000000,49
2,2,2,4096,71,0.046630859375,0.00244140625,0.953369140625,191,10,0,00000000000000,00000000000000,51
2,2,2,4096,72,0.052490234375,0.002197265625,0.947509765625,215,9,0,00000000000000,00000000000000,39
2,2,2,4096,73,0.05419921875,0.0048828125,0.94580078125,222,20,0,00000000000000,00000000000000,40
2,2,2,4096,74,0.045166015625,0.004150390625,0.954833984375,185,17,8193,10000000000001,10000000000001,44
2,2,2,4096,75,0.0654296875,0.00390625,0.9345703125,268,16,0,00000000000000,00000000000000,46
2,2,2,4096,76,0.05078125,0.003173828125,0.94921875,208,13,8192,00000000000001,10000000000000,43
2,2,2,4096,77,0.04736328125,0.005126953125,0.95263671875,194,21,8193,10000000000001,10000000000001,38
2,2,2,4096,78,0.0478515625,0.003662109375,0.9521484375,196,15,8192,00000000000001,10000000000000,39
2,2,2,4096,79,0.050048828125,0.0029296875,0.949951171875,205,12,8192,00000000000001,10000000000000,41
2,2,2,4096,80,0.049072265625,0.00341796875,0.950927734375,201,14,8192,00000000000001,10000000000000,46
2,2,2,4096,81,0.05029296875,0.004638671875,0.94970703125,206,19,0,00000000000000,00000000000000,44
2,2,2,4096,82,0.058349609375,0.00390625,0.941650390625,239,16,8192,00000000000001,10000000000000,42
2,2,2,4096,83,0.048828125,0.004638671875,0.951171875,200,19,8201,10010000000001,10000000001001,41
2,2,2,4096,84,0.0546875,0.00390625,0.9453125,224,16,1,10000000000000,00000000000001,46
2,2,2,4096,85,0.053955078125,0.002197265625,0.946044921875,221,9,0,00000000000000,00000000000000,49
2,2,2,4096,86,0.052734375,0.003662109375,0.947265625,216,15,8192,00000000000001,10000000000000,43
2,2,2,4096,87,0.052001953125,0.002197265625,0.947998046875,213,9,8192,00000000000001,10000000000000,42
2,2,2,4096,88,0.046875,0.0029296875,0.953125,192,12,8192,00000000000001,10000000000000,47
2,2,2,4096,89,0.05224609375,0.002685546875,0.94775390625,214,11,8192,00000000000001,10000000000000,44
2,2,2,4096,90,0.05859375,0.005126953125,0.94140625,240,21,8193,10000000000001,10000000000001,39
2,2,2,4096,91,0.05126953125,0.003662109375,0.94873046875,210,15,8192,00000000000001,10000000000000,36
2,2,2,4096,92,0.057861328125,0.0048828125,0.942138671875,237,20,8193,10000000000001,10000000000001,37
2,2,2,4096,93,0.055419921875,0.002197265625,0.944580078125,227,9,8192,00000000000001,10000000000000,42
2,2,2,4096,94,0.049072265625,0.00341796875,0.950927734375,201,14,8201,10010000000001,10000000001001,47
2,2,2,4096,95,0.04833984375,0.0009765625,0.95166015625,198,4,8192,00000000000001,10000000000000,51
2,2,2,4096,96,0.04833984375,0.002197265625,0.95166015625,198,9,8192,00000000000001,10000000000000,40
2,2,2,4096,97,0.0537109375,0.002685546875,0.9462890625,220,11,8192,00000000000001,10000000000000,58
2,2,2,4096,98,0.048095703125,0.00244140625,0.951904296875,197,10,8192,00000000000001,10000000000000,47
2,2,2,4096,99,0.05322265625,0.003173828125,0.94677734375,218,13,8192,00000000000001,10000000000000,42
2,2,2,4096,100,0.060302734375,0.003662109375,0.939697265625,247,15,8192,00000000000001,10000000000000,50
2,2,2,4096,101,0.0458984375,0.0029296875,0.9541015625,188,12,8192,00000000000001,10000000000000,41
2,2,2,4096,102,0.048828125,0.00341796875,0.951171875,200,14,8193,10000000000001,10000000000001,47
2,2,2,4096,103,0.04443359375,0.002197265625,0.95556640625,182,9,8192,00000000000001,10000000000000,38
2,2,2,4096,104,0.055908203125,0.0029296875,0.944091796875,229,12,8201,10010000000001,10000000001001,37
2,2,2,4096,105,0.05322265625,0.003662109375,0.94677734375,218,15,8193,10000000000001,10000000000001,52
2,2,2,4096,106,0.04833984375,0.002197265625,0.95166015625,198,9,0,00000000000000,00000000000000,39
2,2,2,4096,107,0.056396484375,0.003662109375,0.943603515625,231,15,8192,00000000000001,10000000000000,37
2,2,2,4096,108,0.053466796875,0.00244140625,0.946533203125,219,10,8192,00000000000001,10000000000000,44
2,2,2,4096,109,0.0537109375,0.001953125,0.9462890625,220,8,8193,10000000000001,10000000000001,35
2,2,2,4096,110,0.053466796875,0.00341796875,0.946533203125,219,14,8193,10000000000001,10000000000001,45
2,2,2,4096,111,0.0537109375,0.00146484375,0.9462890625,220,6,8192,00000000000001,10000000000000,39
2,2,2,4096,112,0.053955078125,0.00439453125,0.946044921875,221,18,8193,10000000000001,10000000000001,43
2,2,2,4096,113,0.052978515625,0.00341796875,0.947021484375,217,14,8201,10010000000001,10000000001001,39
2,2,2,4096,114,0.051025390625,0.00390625,0.948974609375,209,16,8193,10000000000001,10000000000001,45
2,2,2,4096,115,0.052001953125,0.00390625,0.947998046875,213,16,1,10000000000000,00000000000001,38
2,2,2,4096,116,0.04833984375,0.004638671875,0.95166015625,198,19,8192,00000000000001,10000000000000,48
2,2,2,4096,117,0.049560546875,0.00341796875,0.950439453125,203,14,8192,00000000000001,10000000000000,49
2,2,2,4096,118,0.049072265625,0.0029296875,0.950927734375,201,12,8201,10010000000001,10000000001001,39
2,2,2,4096,119,0.04931640625,0.002685546875,0.95068359375,202,11,8193,10000000000001,10000000000001,37
2,2,2,4096,120,0.050537109375,0.00146484375,0.949462890625,207,6,8201,10010000000001,10000000001001,45
2,2,2,4096,121,0.05224609375,0.004150390625,0.94775390625,214,17,8193,10000000000001,10000000000001,39
2,2,2,4096,122,0.0498046875,0.001220703125,0.9501953125,204,5,0,00000000000000,00000000000000,49
2,2,2,4096,123,0.054931640625,0.001708984375,0.945068359375,225,7,8192,00000000000001,10000000000000,47
2,2,2,4096,124,0.0595703125,0.00439453125,0.9404296875,244,18,8193,10000000000001,10000000000001,44
2,2,2,4096,125,0.053466796875,0.003662109375,0.946533203125,219,15,8192,00000000000001,10000000000000,43
2,2,2,4096,126,0.055419921875,0.002197265625,0.944580078125,227,9,0,00000000000000,00000000000000,34
2,2,2,4096,127,0.0556640625,0.0029296875,0.9443359375,228,12,8192,00000000000001,10000000000000,48
2,2,2,4096,128,0.048583984375,0.003173828125,0.951416015625,199,13,1,10000000000000,00000000000001,38
2,2,2,4096,129,0.052001953125,0.0048828125,0.947998046875,213,20,8192,00000000000001,10000000000000,48
2,2,2,4096,130,0.05615234375,0.00439453125,0.94384765625,230,18,8192,00000000000001,10000000000000,42
2,2,2,4096,131,0.0537109375,0.00244140625,0.9462890625,220,10,0,00000000000000,00000000000000,51
2,2,2,4096,132,0.04833984375,0.00390625,0.95166015625,198,16,8192,00000000000001,10000000000000,44
2,2,2,4096,133,0.0537109375,0.00244140625,0.9462890625,220,10,0,00000000000000,00000000000000,54
2,2,2,4096,134,0.052734375,0.00390625,0.947265625,216,16,8192,00000000000001,10000000000000,45
2,2,2,4096,135,0.048583984375,0.001220703125,0.951416015625,199,5,8192,00000000000001,10000000000000,39
2,2,2,4096,136,0.050048828125,0.00244140625,0.949951171875,205,10,0,00000000000000,00000000000000,39
2,2,2,4096,137,0.052734375,0.00244140625,0.947265625,216,10,8192,00000000000001,10000000000000,49
2,2,2,4096,138,0.0556640625,0.003173828125,0.9443359375,228,13,8192,00000000000001,10000000000000,40
2,2,2,4096,139,0.052001953125,0.00341796875,0.947998046875,213,14,8192,00000000000001,10000000000000,46
2,2,2,4096,140,0.054931640625,0.00244140625,0.945068359375,225,10,8201,10010000000001,10000000001001,41
2,2,2,4096,141,0.0498046875,0.002197265625,0.9501953125,204,9,8192,00000000000001,10000000000000,47
2,2,2,4096,142,0.050048828125,0.003662109375,0.949951171875,205,15,8193,10000000000001,10000000000001,45
2,2,2,4096,143,0.056396484375,0.0048828125,0.943603515625,231,20,8192,00000000000001,10000000000000,44
2,2,2,4096,144,0.05078125,0.001708984375,0.94921875,208,7,8192,00000000000001,10000000000000,43
2,2,2,4096,145,0.05810546875,0.00439453125,0.94189453125,238,18,0,00000000000000,00000000000000,39
2,2,2,4096,146,0.05224609375,0.004150390625,0.94775390625,214,17,8192,00000000000001,10000000000000,45
2,2,2,4096,147,0.052734375,0.00390625,0.947265625,216,16,8192,00000000000001,10000000000000,48
2,2,2,4096,148,0.054443359375,0.004638671875,0.945556640625,223,19,8193,10000000000001,10000000000001,54
2,2,2,4096,149,0.05126953125,0.00244140625,0.94873046875,210,10,0,00000000000000,00000000000000,36
2,2,2,4096,150,0.051025390625,0.001220703125,0.948974609375,209,5,8192,00000000000001,10000000000000,44
2,2,2,4096,151,0.049072265625,0.00341796875,0.950927734375,201,14,8192,00000000000001,10000000000000,59
2,2,2,4096,152,0.050537109375,0.004150390625,0.949462890625,207,17,0,00000000000000,00000000000000,39
2,2,2,4096,153,0.053955078125,0.001708984375,0.946044921875,221,7,8192,00000000000001,10000000000000,50
2,2,2,4096,154,0.05126953125,0.003662109375,0.94873046875,210,15,8192,00000000000001,10000000000000,39
2,2,2,4096,155,0.052490234375,0.004150390625,0.947509765625,215,17,0,00000000000000,00000000000000,38
2,2,2,4096,156,0.0517578125,0.00244140625,0.9482421875,212,10,8192,00000000000001,10000000000000,47
2,2,2,4096,157,0.0498046875,0.001953125,0.9501953125,204,8,0,00000000000000,00000000000000,44
2,2,2,4096,158,0.05126953125,0.00341796875,0.94873046875,210,14,0,00000000000000,00000000000000,44
2,2,2,4096,159,0.05224609375,0.00439453125,0.94775390625,214,18,8192,00000000000001,10000000000000,37
2,2,2,4096,160,0.05078125,0.001220703125,0.94921875,208,5,8192,00000000000001,10000000000000,40
2,2,2,4096,161,0.048095703125,0.003173828125,0.951904296875,197,13,8192,00000000000001,10000000000000,48
2,2,2,4096,162,0.0458984375,0.00341796875,0.9541015625,188,14,1,10000000000000,00000000000001,41
2,2,2,4096,163,0.0478515625,0.0029296875,0.9521484375,196,12,8192,00000000000001,10000000000000,41
2,2,2,4096,164,0.04833984375,0.00341796875,0.95166015625,198,14,8192,00000000000001,10000000000000,48
2,2,2,4096,165,0.049560546875,0.00244140625,0.950439453125,203,10,8192,00000000000001,10000000000000,48
2,2,2,4096,166,0.04638671875,0.002685546875,0.95361328125,190,11,8192,00000000000001,10000000000000,43
2,2,2,4096,167,0.053466796875,0.001953125,0.946533203125,219,8,8192,00000000000001,10000000000000,42
2,2,2,4096,168,0.05712890625,0.00634765625,0.94287109375,234,26,0,00000000000000,00000000000000,47
2,2,2,4096,169,0.057373046875,0.003173828125,0.942626953125,235,13,8192,00000000000001,10000000000000,38
2,2,2,4096,170,0.050048828125,0.003173828125,0.949951171875,205,13,0,00000000000000,00000000000000,37
2,2,2,4096,171,0.0546875,0.00244140625,0.9453125,224,10,8193,10000000000001,10000000000001,46
2,2,2,4096,172,0.050048828125,0.0029296875,0.949951171875,205,12,0,00000000000000,00000000000000,41
2,2,2,4096,173,0.046142578125,0.002197265625,0.953857421875,189,9,8192,00000000000001,10000000000000,41
2,2,2,4096,174,0.0537109375,0.003662109375,0.9462890625,220,15,8192,00000000000001,10000000000000,40
2,2,2,4096,175,0.048828125,0.003173828125,0.951171875,200,13,8192,00000000000001,10000000000000,42
2,2,2,4096,176,0.053466796875,0.005615234375,0.946533203125,219,23,8193,10000000000001,10000000000001,44
2,2,2,4096,177,0.045166015625,0.0029296875,0.954833984375,185,12,0,00000000000000,00000000000000,39
2,2,2,4096,178,0.05322265625,0.004638671875,0.94677734375,218,19,8192,00000000000001,10000000000000,46
2,2,2,4096,179,0.0517578125,0.00439453125,0.9482421875,212,18,8192,00000000000001,10000000000000,47
2,2,2,4096,180,0.052978515625,0.004150390625,0.947021484375,217,17,8193,10000000000001,10000000000001,44
2,2,2,4096,181,0.0556640625,0.001953125,0.9443359375,228,8,8192,00000000000001,10000000000000,48
2,2,2,4096,182,0.055908203125,0.002685546875,0.944091796875,229,11,1,10000000000000,00000000000001,36
2,2,2,4096,183,0.05419921875,0.003173828125,0.94580078125,222,13,8192,00000000000001,10000000000000,50
2,2,2,4096,184,0.052734375,0.00341796875,0.947265625,216,14,0,00000000000000,00000000000000,54
2,2,2,4096,185,0.049560546875,0.002685546875,0.950439453125,203,11,8192,00000000000001,10000000000000,41
2,2,2,4096,186,0.044677734375,0.00390625,0.955322265625,183,16,8192,00000000000001,10000000000000,43
2,2,2,4096,187,0.052001953125,0.002685546875,0.947998046875,213,11,8192,00000000000001,10000000000000,40
2,2,2,4096,188,0.047119140625,0.0029296875,0.952880859375,193,12,8193,10000000000001,10000000000001,43
2,2,2,4096,189,0.054931640625,0.002685546875,0.945068359375,225,11,8192,00000000000001,10000000000000,53
2,2,2,4096,190,0.046630859375,0.001708984375,0.953369140625,191,7,8192,00000000000001,10000000000000,45
2,2,2,4096,191,0.050048828125,0.001708984375,0.949951171875,205,7,8192,00000000000001,10000000000000,41
2,2,2,4096,192,0.056884765625,0.00390625,0.943115234375,233,16,8192,00000000000001,10000000000000,43
2,2,2,4096,193,0.04736328125,0.00244140625,0.95263671875,194,10,8192,00000000000001,10000000000000,56
2,2,2,4096,194,0.048095703125,0.001708984375,0.951904296875,197,7,1,10000000000000,00000000000001,48
2,2,2,4096,195,0.047607421875,0.0029296875,0.952392578125,195,12,8193,10000000000001,10000000000001,47
2,2,2,4096,196,0.04931640625,0.00341796875,0.95068359375,202,14,1,10000000000000,00000000000001,41
2,2,2,4096,197,0.052001953125,0.004150390625,0.947998046875,213,17,8192,00000000000001,10000000000000,49
2,2,2,4096,198,0.055419921875,0.001953125,0.944580078125,227,8,0,00000000000000,00000000000000,40
2,2,2,4096,199,0.05029296875,0.00244140625,0.94970703125,206,10,8201,10010000000001,10000000001001,43
2,2,2,16384,0,0.05126953125,0.00323486328125,0.94873046875,840,53,8192,00000000000001,10000000000000,176
2,2,2,16384,1,0.05340576171875,0.00286865234375,0.94659423828125,875,47,8192,00000000000001,10000000000000,157
2,2,2,16384,2,0.04815673828125,0.002685546875,0.95184326171875,789,44,8192,00000000000001,10000000000000,166
2,2,2,16384,3,0.05401611328125,0.00335693359375,0.94598388671875,885,55,8192,00000000000001,10000000000000,156
2,2,2,16384,4,0.05224609375,0.0030517578125,0.94775390625,856,50,8192,00000000000001,10000000000000,164
2,2,2,16384,5,0.05059814453125,0.002685546875,0.94940185546875,829,44,8192,00000000000001,10000000000000,169
2,2,2,16384,6,0.05029296875,0.0028076171875,0.94970703125,824,46,8192,00000000000001,10000000000000,156
2,2,2,16384,7,0.049072265625,0.0030517578125,0.950927734375,804,50,8193,10000000000001,10000000000001,170
2,2,2,16384,8,0.0479736328125,0.00311279296875,0.9520263671875,786,51,8193,10000000000001,10000000000001,161
2,2,2,16384,9,0.05401611328125,0.0037841796875,0.94598388671875,885,62,8192,00000000000001,10000000000000,171
2,2,2,16384,10,0.04766845703125,0.00250244140625,0.95233154296875,781,41,8192,00000000000001,10000000000000,169
2,2,2,16384,11,0.052001953125,0.0035400390625,0.947998046875,852,58,8192,00000000000001,10000000000000,185
2,2,2,16384,12,0.0516357421875,0.00250244140625,0.9483642578125,846,41,8192,00000000000001,10000000000000,147
2,2,2,16384,13,0.0460205078125,0.0029296875,0.9539794921875,754,48,8192,00000000000001,10000000000000,174
2,2,2,16384,14,0.0498046875,0.0030517578125,0.9501953125,816,50,8192,00000000000001,10000000000000,155
2,2,2,16384,15,0.05322265625,0.003662109375,0.94677734375,872,60,8192,00000000000001,10000000000000,181
2,2,2,16384,16,0.05133056640625,0.00341796875,0.94866943359375,841,56,8192,00000000000001,10000000000000,178
2,2,2,16384,17,0.05169677734375,0.0032958984375,0.94830322265625,847,54,8192,00000000000001,10000000000000,163
2,2,2,16384,18,0.05413818359375,0.00439453125,0.94586181640625,887,72,8193,10000000000001,10000000000001,155
2,2,2,16384,19,0.05609130859375,0.00408935546875,0.94390869140625,919,67,8192,00000000000001,10000000000000,180
2,2,2,16384,20,0.05377197265625,0.004150390625,0.94622802734375,881,68,8192,00000000000001,10000000000000,164
2,2,2,16384,21,0.05218505859375,0.003173828125,0.94781494140625,855,52,8192,00000000000001,10000000000000,169
2,2,2,16384,22,0.052490234375,0.00299072265625,0.947509765625,860,49,8192,00000000000001,10000000000000,160
2,2,2,16384,23,0.0526123046875,0.00408935546875,0.9473876953125,862,67,8192,00000000000001,10000000000000,167
2,2,2,16384,24,0.04998779296875,0.0030517578125,0.95001220703125,819,50,8192,00000000000001,10000000000000,153
2,2,2,16384,25,0.051513671875,0.0029296875,0.948486328125,844,48,8192,00000000000001,10000000000000,169
2,2,2,16384,26,0.05181884765625,0.0028076171875,0.94818115234375,849,46,8192,00000000000001,10000000000000,193
2,2,2,16384,27,0.0531005859375,0.0032958984375,0.9468994140625,870,54,8192,00000000000001,10000000000000,157
2,2,2,16384,28,0.0545654296875,0.0032958984375,0.9454345703125,894,54,8192,00000000000001,10000000000000,149
2,2,2,16384,29,0.05133056640625,0.00299072265625,0.94866943359375,841,49,8192,00000000000001,10000000000000,145
2,2,2,16384,30,0.0513916015625,0.00360107421875,0.9486083984375,842,59,8192,00000000000001,10000000000000,171
2,2,2,16384,31,0.05078125,0.0028076171875,0.94921875,832,46,8192,00000000000001,10000000000000,161
2,2,2,16384,32,0.05169677734375,0.00274658203125,0.94830322265625,847,45,8192,00000000000001,10000000000000,178
2,2,2,16384,33,0.0521240234375,0.00311279296875,0.9478759765625,854,51,8193,10000000000001,10000000000001,171
2,2,2,16384,34,0.050537109375,0.0032958984375,0.949462890625,828,54,8192,00000000000001,10000000000000,154
2,2,2,16384,35,0.052978515625,0.00299072265625,0.947021484375,868,49,8192,00000000000001,10000000000000,172
2,2,2,16384,36,0.05303955078125,0.00262451171875,0.94696044921875,869,43,8192,00000000000001,10000000000000,148
2,2,2,16384,37,0.0537109375,0.00390625,0.9462890625,880,64,8192,00000000000001,10000000000000,160
2,2,2,16384,38,0.05096435546875,0.00396728515625,0.94903564453125,835,65,0,00000000000000,00000000000000,160
2,2,2,16384,39,0.052734375,0.00335693359375,0.947265625,864,55,8192,00000000000001,10000000000000,163
2,2,2,16384,40,0.05133056640625,0.0028076171875,0.94866943359375,841,46,8192,00000000000001,10000000000000,166
2,2,2,16384,41,0.05206298828125,0.003662109375,0.94793701171875,853,60,8192,00000000000001,10000000000000,182
2,2,2,16384,42,0.0506591796875,0.00360107421875,0.9493408203125,830,59,8193,10000000000001,10000000000001,149
2,2,2,16384,43,0.0528564453125,0.00299072265625,0.9471435546875,866,49,8192,00000000000001,10000000000000,173
2,2,2,16384,44,0.05084228515625,0.0035400390625,0.94915771484375,833,58,8192,00000000000001,10000000000000,161
2,2,2,16384,45,0.049560546875,0.00299072265625,0.950439453125,812,49,8192,00000000000001,10000000000000,159
2,2,2,16384,46,0.05279541015625,0.002685546875,0.94720458984375,865,44,8192,00000000000001,10000000000000,167
2,2,2,16384,47,0.05218505859375,0.00238037109375,0.94781494140625,855,39,8192,00000000000001,10000000000000,168
2,2,2,16384,48,0.049560546875,0.0037841796875,0.950439453125,812,62,8192,00000000000001,10000000000000,175
2,2,2,16384,49,0.050048828125,0.00372314453125,0.949951171875,820,61,8192,00000000000001,10000000000000,172
2,2,2,16384,50,0.052978515625,0.0037841796875,0.947021484375,868,62,8192,00000000000001,10000000000000,161
2,2,2,16384,51,0.051025390625,0.003173828125,0.948974609375,836,52,8192,00000000000001,10000000000000,148
2,2,2,16384,52,0.050537109375,0.00335693359375,0.949462890625,828,55,0,00000000000000,00000000000000,142
2,2,2,16384,53,0.05120849609375,0.00372314453125,0.94879150390625,839,61,8192,00000000000001,10000000000000,154
2,2,2,16384,54,0.05108642578125,0.0035400390625,0.94891357421875,837,58,8192,00000000000001,10000000000000,155
2,2,2,16384,55,0.05047607421875,0.00335693359375,0.94952392578125,827,55,8192,00000000000001,10000000000000,171
2,2,2,16384,56,0.05096435546875,0.003173828125,0.94903564453125,835,52,8192,00000000000001,10000000000000,168
2,2,2,16384,57,0.051025390625,0.00323486328125,0.948974609375,836,53,8192,00000000000001,10000000000000,175
2,2,2,16384,58,0.05157470703125,0.002685546875,0.94842529296875,845,44,0,00000000000000,00000000000000,155
2,2,2,16384,59,0.05126953125,0.00360107421875,0.94873046875,840,59,8193,10000000000001,10000000000001,155
2,2,2,16384,60,0.0482177734375,0.00274658203125,0.9517822265625,790,45,8193,10000000000001,10000000000001,147
2,2,2,16384,61,0.051025390625,0.00396728515625,0.948974609375,836,65,8192,00000000000001,10000000000000,174
2,2,2,16384,62,0.052490234375,0.00323486328125,0.947509765625,860,53,8192,00000000000001,10000000000000,166
2,2,2,16384,63,0.05181884765625,0.00299072265625,0.94818115234375,849,49,8193,10000000000001,10000000000001,156
2,2,2,16384,64,0.05206298828125,0.0030517578125,0.94793701171875,853,50,8192,00000000000001,10000000000000,148
2,2,2,16384,65,0.0487060546875,0.0029296875,0.9512939453125,798,48,8192,00000000000001,10000000000000,172
2,2,2,16384,66,0.0516357421875,0.0029296875,0.9483642578125,846,48,8192,00000000000001,10000000000000,170
2,2,2,16384,67,0.0513916015625,0.0025634765625,0.9486083984375,842,42,8193,10000000000001,10000000000001,159
2,2,2,16384,68,0.0543212890625,0.00384521484375,0.9456787109375,890,63,8192,00000000000001,10000000000000,167
2,2,2,16384,69,0.04925537109375,0.00335693359375,0.95074462890625,807,55,8192,00000000000001,10000000000000,175
2,2,2,16384,70,0.0526123046875,0.00341796875,0.9473876953125,862,56,8193,10000000000001,10000000000001,177
2,2,2,16384,71,0.0533447265625,0.00341796875,0.9466552734375,874,56,8192,00000000000001,10000000000000,169
2,2,2,16384,72,0.0513916015625,0.00341796875,0.9486083984375,842,56,8192,00000000000001,10000000000000,167
2,2,2,16384,73,0.05133056640625,0.00299072265625,0.94866943359375,841,49,8192,00000000000001,10000000000000,184
2,2,2,16384,74,0.05242919921875,0.003662109375,0.94757080078125,859,60,8192,00000000000001,10000000000000,145
2,2,2,16384,75,0.05023193359375,0.0029296875,0.94976806640625,823,48,8192,00000000000001,10000000000000,177
2,2,2,16384,76,0.052978515625,0.00225830078125,0.947021484375,868,37,8192,00000000000001,10000000000000,157
2,2,2,16384,77,0.0499267578125,0.003662109375,0.9500732421875,818,60,8193,10000000000001,10000000000001,140
2,2,2,16384,78,0.05157470703125,0.00238037109375,0.94842529296875,845,39,8192,00000000000001,10000000000000,170
2,2,2,16384,79,0.050537109375,0.0029296875,0.949462890625,828,48,8192,00000000000001,10000000000000,158
2,2,2,16384,80,0.0535888671875,0.003662109375,0.9464111328125,878,60,8192,00000000000001,10000000000000,153
2,2,2,16384,81,0.04840087890625,0.0032958984375,0.95159912109375,793,54,8192,00000000000001,10000000000000,147
2,2,2,16384,82,0.05322265625,0.00384521484375,0.94677734375,872,63,8192,00000000000001,10000000000000,161
2,2,2,16384,83,0.05084228515625,0.00274658203125,0.94915771484375,833,45,8192,00000000000001,10000000000000,179
2,2,2,16384,84,0.0501708984375,0.0028076171875,0.9498291015625,822,46,8192,00000000000001,10000000000000,157
2,2,2,16384,85,0.05108642578125,0.00286865234375,0.94891357421875,837,47,8192,00000000000001,10000000000000,160
2,2,2,16384,86,0.0506591796875,0.0025634765625,0.9493408203125,830,42,8192,00000000000001,10000000000000,151
2,2,2,16384,87,0.0531005859375,0.00341796875,0.9468994140625,870,56,8193,10000000000001,10000000000001,149
2,2,2,16384,88,0.050537109375,0.00244140625,0.949462890625,828,40,8192,00000000000001,10000000000000,162
2,2,2,16384,89,0.05169677734375,0.00384521484375,0.94830322265625,847,63,8192,00000000000001,10000000000000,157
2,2,2,16384,90,0.048828125,0.0028076171875,0.951171875,800,46,8192,00000000000001,10000000000000,155
2,2,2,16384,91,0.05096435546875,0.00262451171875,0.94903564453125,835,43,8192,00000000000001,10000000000000,162
2,2,2,16384,92,0.05108642578125,0.0032958984375,0.94891357421875,837,54,8192,00000000000001,10000000000000,160
2,2,2,16384,93,0.05029296875,0.0029296875,0.94970703125,824,48,8192,00000000000001,10000000000000,166
2,2,2,16384,94,0.05120849609375,0.00244140625,0.94879150390625,839,40,8192,00000000000001,10000000000000,168
2,2,2,16384,95,0.051025390625,0.003662109375,0.948974609375,836,60,8192,00000000000001,10000000000000,154
2,2,2,16384,96,0.04791259765625,0.0032958984375,0.95208740234375,785,54,8192,00000000000001,10000000000000,174
2,2,2,16384,97,0.05267333984375,0.00347900390625,0.94732666015625,863,57,0,00000000000000,00000000000000,154
2,2,2,16384,98,0.05029296875,0.0025634765625,0.94970703125,824,42,8192,00000000000001,10000000000000,154
2,2,2,16384,99,0.05291748046875,0.0032958984375,0.94708251953125,867,54,8193,10000000000001,10000000000001,159
2,2,2,16384,100,0.04937744140625,0.0030517578125,0.95062255859375,809,50,8192,00000000000001,10000000000000,173
2,2,2,16384,101,0.0513916015625,0.0030517578125,0.9486083984375,842,50,8192,00000000000001,10000000000000,155
2,2,2,16384,102,0.0531005859375,0.002685546875,0.9468994140625,870,44,8192,00000000000001,10000000000000,169
2,2,2,16384,103,0.05572509765625,0.0028076171875,0.94427490234375,913,46,8192,00000000000001,10000000000000,175
2,2,2,16384,104,0.05047607421875,0.00286865234375,0.94952392578125,827,47,8192,00000000000001,10000000000000,159
2,2,2,16384,105,0.0521240234375,0.00323486328125,0.9478759765625,854,53,8193,10000000000001,10000000000001,154
2,2,2,16384,106,0.0472412109375,0.002197265625,0.9527587890625,774,36,8192,00000000000001,10000000000000,174
2,2,2,16384,107,0.05377197265625,0.00347900390625,0.94622802734375,881,57,1,10000000000000,00000000000001,151
2,2,2,16384,108,0.0487060546875,0.00274658203125,0.9512939453125,798,45,8192,00000000000001,10000000000000,167
2,2,2,16384,109,0.0496826171875,0.0030517578125,0.9503173828125,814,50,8193,10000000000001,10000000000001,144
2,2,2,16384,110,0.05010986328125,0.0028076171875,0.94989013671875,821,46,8192,00000000000001,10000000000000,155
2,2,2,16384,111,0.05029296875,0.00390625,0.94970703125,824,64,8192,00000000000001,10000000000000,168
2,2,2,16384,112,0.0504150390625,0.003173828125,0.9495849609375,826,52,8192,00000000000001,10000000000000,189
2,2,2,16384,113,0.0528564453125,0.002685546875,0.9471435546875,866,44,8192,00000000000001,10000000000000,156
2,2,2,16384,114,0.051513671875,0.00299072265625,0.948486328125,844,49,8192,00000000000001,10000000000000,158
2,2,2,16384,115,0.0504150390625,0.00335693359375,0.9495849609375,826,55,8192,00000000000001,10000000000000,153
2,2,2,16384,116,0.05059814453125,0.0037841796875,0.94940185546875,829,62,8192,00000000000001,10000000000000,154
2,2,2,16384,117,0.050048828125,0.0032958984375,0.949951171875,820,54,8192,00000000000001,10000000000000,176
2,2,2,16384,118,0.05242919921875,0.00323486328125,0.94757080078125,859,53,8192,00000000000001,10000000000000,191
2,2,2,16384,119,0.048583984375,0.002685546875,0.951416015625,796,44,8192,00000000000001,10000000000000,161
2,2,2,16384,120,0.0509033203125,0.00238037109375,0.9490966796875,834,39,8192,00000000000001,10000000000000,175
2,2,2,16384,121,0.0513916015625,0.00238037109375,0.9486083984375,842,39,8192,00000000000001,10000000000000,171
2,2,2,16384,122,0.05145263671875,0.0025634765625,0.94854736328125,843,42,8192,00000000000001,10000000000000,154
2,2,2,16384,123,0.0528564453125,0.0030517578125,0.9471435546875,866,50,8192,00000000000001,10000000000000,181
2,2,2,16384,124,0.05303955078125,0.0029296875,0.94696044921875,869,48,8192,00000000000001,10000000000000,162
2,2,2,16384,125,0.04925537109375,0.00286865234375,0.95074462890625,807,47,8192,00000000000001,10000000000000,178
2,2,2,16384,126,0.05145263671875,0.0040283203125,0.94854736328125,843,66,8193,10000000000001,10000000000001,162
2,2,2,16384,127,0.05169677734375,0.00274658203125,0.94830322265625,847,45,8192,00000000000001,10000000000000,141
2,2,2,16384,128,0.05255126953125,0.00311279296875,0.94744873046875,861,51,8192,00000000000001,10000000000000,179
2,2,2,16384,129,0.05010986328125,0.00250244140625,0.94989013671875,821,41,0,00000000000000,00000000000000,150
2,2,2,16384,130,0.05242919921875,0.0029296875,0.94757080078125,859,48,8192,00000000000001,10000000000000,171
2,2,2,16384,131,0.048583984375,0.0030517578125,0.951416015625,796,50,8192,00000000000001,10000000000000,143
2,2,2,16384,132,0.05120849609375,0.0035400390625,0.94879150390625,839,58,8192,00000000000001,10000000000000,176
2,2,2,16384,133,0.05328369140625,0.003173828125,0.94671630859375,873,52,8192,00000000000001,10000000000000,159
2,2,2,16384,134,0.04888916015625,0.0030517578125,0.95111083984375,801,50,8192,00000000000001,10000000000000,156
2,2,2,16384,135,0.05120849609375,0.00250244140625,0.94879150390625,839,41,8192,00000000000001,10000000000000,192
2,2,2,16384,136,0.052978515625,0.00341796875,0.947021484375,868,56,8192,00000000000001,10000000000000,162
2,2,2,16384,137,0.0479736328125,0.0032958984375,0.9520263671875,786,54,8192,00000000000001,10000000000000,181
2,2,2,16384,138,0.05328369140625,0.00341796875,0.94671630859375,873,56,8193,10000000000001,10000000000001,160
2,2,2,16384,139,0.05145263671875,0.002685546875,0.94854736328125,843,44,8192,00000000000001,10000000000000,147
2,2,2,16384,140,0.050048828125,0.00225830078125,0.949951171875,820,37,8192,00000000000001,10000000000000,165
2,2,2,16384,141,0.05029296875,0.00213623046875,0.94970703125,824,35,8192,00000000000001,10000000000000,156
2,2,2,16384,142,0.04815673828125,0.00274658203125,0.95184326171875,789,45,8193,10000000000001,10000000000001,151
2,2,2,16384,143,0.05242919921875,0.00347900390625,0.94757080078125,859,57,8192,00000000000001,10000000000000,158
2,2,2,16384,144,0.05010986328125,0.0023193359375,0.94989013671875,821,38,8192,00000000000001,10000000000000,164
2,2,2,16384,145,0.0526123046875,0.0030517578125,0.9473876953125,862,50,8192,00000000000001,10000000000000,159
2,2,2,16384,146,0.04998779296875,0.003173828125,0.95001220703125,819,52,8192,00000000000001,10000000000000,158
2,2,2,16384,147,0.052734375,0.00274658203125,0.947265625,864,45,8192,00000000000001,10000000000000,165
2,2,2,16384,148,0.05328369140625,0.0029296875,0.94671630859375,873,48,0,00000000000000,00000000000000,147
2,2,2,16384,149,0.05047607421875,0.00238037109375,0.94952392578125,827,39,8192,00000000000001,10000000000000,137
2,2,2,16384,150,0.0467529296875,0.00286865234375,0.9532470703125,766,47,8192,00000000000001,10000000000000,178
2,2,2,16384,151,0.05072021484375,0.00244140625,0.94927978515625,831,40,8192,00000000000001,10000000000000,160
2,2,2,16384,152,0.0526123046875,0.003662109375,0.9473876953125,862,60,8192,00000000000001,10000000000000,167
2,2,2,16384,153,0.0528564453125,0.00311279296875,0.9471435546875,866,51,8192,00000000000001,10000000000000,162
2,2,2,16384,154,0.05413818359375,0.00396728515625,0.94586181640625,887,65,8192,00000000000001,10000000000000,158
2,2,2,16384,155,0.0499267578125,0.0028076171875,0.9500732421875,818,46,8192,00000000000001,10000000000000,180
2,2,2,16384,156,0.05126953125,0.0028076171875,0.94873046875,840,46,8192,00000000000001,10000000000000,166
2,2,2,16384,157,0.05108642578125,0.0028076171875,0.94891357421875,837,46,8192,00000000000001,10000000000000,164
2,2,2,16384,158,0.04998779296875,0.00335693359375,0.95001220703125,819,55,8192,00000000000001,10000000000000,154
2,2,2,16384,159,0.05255126953125,0.0035400390625,0.94744873046875,861,58,8192,00000000000001,10000000000000,183
2,2,2,16384,160,0.0513916015625,0.0029296875,0.9486083984375,842,48,8192,00000000000001,10000000000000,154
2,2,2,16384,161,0.050048828125,0.0037841796875,0.949951171875,820,62,8192,00000000000001,10000000000000,168
2,2,2,16384,162,0.0513916015625,0.0029296875,0.9486083984375,842,48,8192,00000000000001,10000000000000,159
2,2,2,16384,163,0.0531005859375,0.004150390625,0.9468994140625,870,68,8192,00000000000001,10000000000000,177
2,2,2,16384,164,0.05126953125,0.00262451171875,0.94873046875,840,43,8192,00000000000001,10000000000000,145
2,2,2,16384,165,0.05340576171875,0.00335693359375,0.94659423828125,875,55,8192,00000000000001,10000000000000,157
2,2,2,16384,166,0.05218505859375,0.00286865234375,0.94781494140625,855,47,8192,00000000000001,10000000000000,187
2,2,2,16384,167,0.0523681640625,0.0035400390625,0.9476318359375,858,58,8192,00000000000001,10000000000000,181
2,2,2,16384,168,0.0523681640625,0.003662109375,0.9476318359375,858,60,8192,00000000000001,10000000000000,159
2,2,2,16384,169,0.049560546875,0.0035400390625,0.950439453125,812,58,8192,00000000000001,10000000000000,179
2,2,2,16384,170,0.0523681640625,0.0030517578125,0.9476318359375,858,50,8192,00000000000001,10000000000000,174
2,2,2,16384,171,0.04791259765625,0.00311279296875,0.95208740234375,785,51,8192,00000000000001,10000000000000,181
2,2,2,16384,172,0.05303955078125,0.00311279296875,0.94696044921875,869,51,8192,00000000000001,10000000000000,167
2,2,2,16384,173,0.05230712890625,0.00286865234375,0.94769287109375,857,47,8192,00000000000001,10000000000000,171
2,2,2,16384,174,0.04949951171875,0.0030517578125,0.95050048828125,811,50,8192,00000000000001,10000000000000,180
2,2,2,16384,175,0.0479736328125,0.00341796875,0.9520263671875,786,56,8192,00000000000001,10000000000000,139
2,2,2,16384,176,0.05242919921875,0.0030517578125,0.94757080078125,859,50,8192,00000000000001,10000000000000,161
2,2,2,16384,177,0.04669189453125,0.00372314453125,0.95330810546875,765,61,8192,00000000000001,10000000000000,158
2,2,2,16384,178,0.0521240234375,0.003173828125,0.9478759765625,854,52,8192,00000000000001,10000000000000,169
2,2,2,16384,179,0.05303955078125,0.0032958984375,0.94696044921875,869,54,8192,00000000000001,10000000000000,185
2,2,2,16384,180,0.0535888671875,0.00396728515625,0.9464111328125,878,65,8193,10000000000001,10000000000001,150
2,2,2,16384,181,0.05291748046875,0.00311279296875,0.94708251953125,867,51,8192,00000000000001,10000000000000,184
2,2,2,16384,182,0.05206298828125,0.003173828125,0.94793701171875,853,52,8192,00000000000001,10000000000000,168
2,2,2,16384,183,0.05035400390625,0.0030517578125,0.94964599609375,825,50,8193,10000000000001,10000000000001,142
2,2,2,16384,184,0.05181884765625,0.00323486328125,0.94818115234375,849,53,8192,00000000000001,10000000000000,157
2,2,2,16384,185,0.05377197265625,0.00341796875,0.94622802734375,881,56,8192,00000000000001,10000000000000,171
2,2,2,16384,186,0.0516357421875,0.003662109375,0.9483642578125,846,60,8192,00000000000001,10000000000000,148
2,2,2,16384,187,0.052001953125,0.00250244140625,0.947998046875,852,41,8192,00000000000001,10000000000000,181
2,2,2,16384,188,0.0506591796875,0.00286865234375,0.9493408203125,830,47,8192,00000000000001,10000000000000,172
2,2,2,16384,189,0.05181884765625,0.00408935546875,0.94818115234375,849,67,0,00000000000000,00000000000000,152
2,2,2,16384,190,0.05316162109375,0.0029296875,0.94683837890625,871,48,8192,00000000000001,10000000000000,158
2,2,2,16384,191,0.0501708984375,0.003662109375,0.9498291015625,822,60,8193,10000000000001,10000000000001,152
2,2,2,16384,192,0.05377197265625,0.003662109375,0.94622802734375,881,60,8192,00000000000001,10000000000000,157
2,2,2,16384,193,0.05194091796875,0.0028076171875,0.94805908203125,851,46,8192,00000000000001,10000000000000,168
2,2,2,16384,194,0.05181884765625,0.00311279296875,0.94818115234375,849,51,8193,10000000000001,10000000000001,155
2,2,2,16384,195,0.04974365234375,0.00323486328125,0.95025634765625,815,53,8192,00000000000001,10000000000000,150
2,2,2,16384,196,0.04803466796875,0.00341796875,0.95196533203125,787,56,8192,00000000000001,10000000000000,159
2,2,2,16384,197,0.04913330078125,0.0023193359375,0.95086669921875,805,38,8192,00000000000001,10000000000000,174
2,2,2,16384,198,0.04486083984375,0.0030517578125,0.95513916015625,735,50,8192,00000000000001,10000000000000,168
2,2,2,16384,199,0.051513671875,0.00262451171875,0.948486328125,844,43,8192,00000000000001,10000000000000,182
