group,stage,description,repeat_id,duration_ns,duration_ms
Model,contract_validation,Load and validate all frozen contracts/results,0,23872233,23.872233
Model,contract_validation,Load and validate all frozen contracts/results,1,25847841,25.847841
Model,contract_validation,Load and validate all frozen contracts/results,2,24270612,24.270612
Model,contract_validation,Load and validate all frozen contracts/results,3,25994824,25.994824
Model,contract_validation,Load and validate all frozen contracts/results,4,24178411,24.178411
Model,contract_validation,Load and validate all frozen contracts/results,5,23688843,23.688843
Model,contract_validation,Load and validate all frozen contracts/results,6,26497247,26.497247
Model,contract_validation,Load and validate all frozen contracts/results,7,23685656,23.685656
Model,contract_validation,Load and validate all frozen contracts/results,8,23990773,23.990773
Model,contract_validation,Load and validate all frozen contracts/results,9,25626460,25.62646
Model,contract_validation,Load and validate all frozen contracts/results,10,25114339,25.114339
Model,contract_validation,Load and validate all frozen contracts/results,11,25418253,25.418253
Model,contract_validation,Load and validate all frozen contracts/results,12,24426842,24.426842
Model,contract_validation,Load and validate all frozen contracts/results,13,25210328,25.210328
Model,contract_validation,Load and validate all frozen contracts/results,14,23416667,23.416667
Model,contract_validation,Load and validate all frozen contracts/results,15,25004084,25.004084
Model,contract_validation,Load and validate all frozen contracts/results,16,24128579,24.128579
Model,contract_validation,Load and validate all frozen contracts/results,17,25060409,25.060409
Model,contract_validation,Load and validate all frozen contracts/results,18,26070284,26.070284
Model,contract_validation,Load and validate all frozen contracts/results,19,23783678,23.783678
Model,contract_validation,Load and validate all frozen contracts/results,20,24813841,24.813841
Model,contract_validation,Load and validate all frozen contracts/results,21,24873201,24.873201
Model,contract_validation,Load and validate all frozen contracts/results,22,24981542,24.981542
Model,contract_validation,Load and validate all frozen contracts/results,23,25736083,25.736083
Model,contract_validation,Load and validate all frozen contracts/results,24,29358459,29.358459
Model,contract_validation,Load and validate all frozen contracts/results,25,26831728,26.831728
Model,contract_validation,Load and validate all frozen contracts/results,26,26945379,26.945379
Model,contract_validation,Load and validate all frozen contracts/results,27,25128144,25.128144
Model,contract_validation,Load and validate all frozen contracts/results,28,97320633,97.320633
Model,contract_validation,Load and validate all frozen contracts/results,29,25865604,25.865604
Model,contract_validation,Load and validate all frozen contracts/results,30,25090454,25.090454
Model,qubo_construction,Construct directed-flow QUBO coefficients,0,481854,0.481854
Model,qubo_construction,Construct directed-flow QUBO coefficients,1,492915,0.492915
Model,qubo_construction,Construct directed-flow QUBO coefficients,2,478729,0.478729
Model,qubo_construction,Construct directed-flow QUBO coefficients,3,474470,0.47447
Model,qubo_construction,Construct directed-flow QUBO coefficients,4,465124,0.465124
Model,qubo_construction,Construct directed-flow QUBO coefficients,5,481264,0.481264
Model,qubo_construction,Construct directed-flow QUBO coefficients,6,469071,0.469071
Model,qubo_construction,Construct directed-flow QUBO coefficients,7,462629,0.462629
Model,qubo_construction,Construct directed-flow QUBO coefficients,8,484230,0.48423
Model,qubo_construction,Construct directed-flow QUBO coefficients,9,485461,0.485461
Model,qubo_construction,Construct directed-flow QUBO coefficients,10,495350,0.49535
Model,qubo_construction,Construct directed-flow QUBO coefficients,11,464623,0.464623
Model,qubo_construction,Construct directed-flow QUBO coefficients,12,473879,0.473879
Model,qubo_construction,Construct directed-flow QUBO coefficients,13,461326,0.461326
Model,qubo_construction,Construct directed-flow QUBO coefficients,14,470293,0.470293
Model,qubo_construction,Construct directed-flow QUBO coefficients,15,458241,0.458241
Model,qubo_construction,Construct directed-flow QUBO coefficients,16,470774,0.470774
Model,qubo_construction,Construct directed-flow QUBO coefficients,17,464432,0.464432
Model,qubo_construction,Construct directed-flow QUBO coefficients,18,467278,0.467278
Model,qubo_construction,Construct directed-flow QUBO coefficients,19,457239,0.457239
Model,qubo_construction,Construct directed-flow QUBO coefficients,20,462699,0.462699
Model,qubo_construction,Construct directed-flow QUBO coefficients,21,462729,0.462729
Model,qubo_construction,Construct directed-flow QUBO coefficients,22,468910,0.46891
Model,qubo_construction,Construct directed-flow QUBO coefficients,23,460284,0.460284
Model,qubo_construction,Construct directed-flow QUBO coefficients,24,458130,0.45813
Model,qubo_construction,Construct directed-flow QUBO coefficients,25,468520,0.46852
Model,qubo_construction,Construct directed-flow QUBO coefficients,26,457008,0.457008
Model,qubo_construction,Construct directed-flow QUBO coefficients,27,468580,0.46858
Model,qubo_construction,Construct directed-flow QUBO coefficients,28,458301,0.458301
Model,qubo_construction,Construct directed-flow QUBO coefficients,29,482025,0.482025
Model,qubo_construction,Construct directed-flow QUBO coefficients,30,457830,0.45783
Model,ising_conversion,Convert canonical QUBO to Ising coefficients,0,227593,0.227593
Model,ising_conversion,Convert canonical QUBO to Ising coefficients,1,217103,0.217103
Model,ising_conversion,Convert canonical QUBO to Ising coefficients,2,223204,0.223204
Model,ising_conversion,Convert canonical QUBO to Ising coefficients,3,216031,0.216031
Model,ising_conversion,Convert canonical QUBO to Ising coefficients,4,226381,0.226381
Model,ising_conversion,Convert canonical QUBO to Ising coefficients,5,214649,0.214649
Model,ising_conversion,Convert canonical QUBO to Ising coefficients,6,220389,0.220389
Model,ising_conversion,Convert canonical QUBO to Ising coefficients,7,215240,0.21524
Model,ising_conversion,Convert canonical QUBO to Ising coefficients,8,217795,0.217795
Model,ising_conversion,Convert canonical QUBO to Ising coefficients,9,226050,0.22605
Model,ising_conversion,Convert canonical QUBO to Ising coefficients,10,220770,0.22077
Model,ising_conversion,Convert canonical QUBO to Ising coefficients,11,217143,0.217143
Model,ising_conversion,Convert canonical QUBO to Ising coefficients,12,218005,0.218005
Model,ising_conversion,Convert canonical QUBO to Ising coefficients,13,222643,0.222643
Model,ising_conversion,Convert canonical QUBO to Ising coefficients,14,220489,0.220489
Model,ising_conversion,Convert canonical QUBO to Ising coefficients,15,217274,0.217274
Model,ising_conversion,Convert canonical QUBO to Ising coefficients,16,219408,0.219408
Model,ising_conversion,Convert canonical QUBO to Ising coefficients,17,215330,0.21533
Model,ising_conversion,Convert canonical QUBO to Ising coefficients,18,228414,0.228414
Model,ising_conversion,Convert canonical QUBO to Ising coefficients,19,217234,0.217234
Model,ising_conversion,Convert canonical QUBO to Ising coefficients,20,219998,0.219998
Model,ising_conversion,Convert canonical QUBO to Ising coefficients,21,218886,0.218886
Model,ising_conversion,Convert canonical QUBO to Ising coefficients,22,228955,0.228955
Model,ising_conversion,Convert canonical QUBO to Ising coefficients,23,219377,0.219377
Model,ising_conversion,Convert canonical QUBO to Ising coefficients,24,220138,0.220138
Model,ising_conversion,Convert canonical QUBO to Ising coefficients,25,216923,0.216923
Model,ising_conversion,Convert canonical QUBO to Ising coefficients,26,221461,0.221461
Model,ising_conversion,Convert canonical QUBO to Ising coefficients,27,226501,0.226501
Model,ising_conversion,Convert canonical QUBO to Ising coefficients,28,220630,0.22063
Model,ising_conversion,Convert canonical QUBO to Ising coefficients,29,217644,0.217644
Model,ising_conversion,Convert canonical QUBO to Ising coefficients,30,221731,0.221731
Circuit,qiskit_circuit_build_p1,Build explicit parameterized p=1 Qiskit circuit,0,837836,0.837836
Circuit,qiskit_circuit_build_p1,Build explicit parameterized p=1 Qiskit circuit,1,829932,0.829932
Circuit,qiskit_circuit_build_p1,Build explicit parameterized p=1 Qiskit circuit,2,882539,0.882539
Circuit,qiskit_circuit_build_p1,Build explicit parameterized p=1 Qiskit circuit,3,855539,0.855539
Circuit,qiskit_circuit_build_p1,Build explicit parameterized p=1 Qiskit circuit,4,859475,0.859475
Circuit,qiskit_circuit_build_p1,Build explicit parameterized p=1 Qiskit circuit,5,859496,0.859496
Circuit,qiskit_circuit_build_p1,Build explicit parameterized p=1 Qiskit circuit,6,828218,0.828218
Circuit,qiskit_circuit_build_p1,Build explicit parameterized p=1 Qiskit circuit,7,827727,0.827727
Circuit,qiskit_circuit_build_p1,Build explicit parameterized p=1 Qiskit circuit,8,852092,0.852092
Circuit,qiskit_circuit_build_p1,Build explicit parameterized p=1 Qiskit circuit,9,837385,0.837385
Circuit,qiskit_circuit_build_p1,Build explicit parameterized p=1 Qiskit circuit,10,830773,0.830773
Circuit,qiskit_circuit_build_p1,Build explicit parameterized p=1 Qiskit circuit,11,831915,0.831915
Circuit,qiskit_circuit_build_p1,Build explicit parameterized p=1 Qiskit circuit,12,821254,0.821254
Circuit,qiskit_circuit_build_p1,Build explicit parameterized p=1 Qiskit circuit,13,829300,0.8293
Circuit,qiskit_circuit_build_p1,Build explicit parameterized p=1 Qiskit circuit,14,827126,0.827126
Circuit,qiskit_circuit_build_p1,Build explicit parameterized p=1 Qiskit circuit,15,836613,0.836613
Circuit,qiskit_circuit_build_p1,Build explicit parameterized p=1 Qiskit circuit,16,831103,0.831103
Circuit,qiskit_circuit_build_p1,Build explicit parameterized p=1 Qiskit circuit,17,827817,0.827817
Circuit,qiskit_circuit_build_p1,Build explicit parameterized p=1 Qiskit circuit,18,821515,0.821515
Circuit,qiskit_circuit_build_p1,Build explicit parameterized p=1 Qiskit circuit,19,830812,0.830812
Circuit,qiskit_circuit_build_p1,Build explicit parameterized p=1 Qiskit circuit,20,1448670,1.44867
Circuit,qiskit_circuit_build_p1,Build explicit parameterized p=1 Qiskit circuit,21,777904,0.777904
Circuit,qiskit_circuit_build_p1,Build explicit parameterized p=1 Qiskit circuit,22,772845,0.772845
Circuit,qiskit_circuit_build_p1,Build explicit parameterized p=1 Qiskit circuit,23,770260,0.77026
Circuit,qiskit_circuit_build_p1,Build explicit parameterized p=1 Qiskit circuit,24,768516,0.768516
Circuit,qiskit_circuit_build_p1,Build explicit parameterized p=1 Qiskit circuit,25,778105,0.778105
Circuit,qiskit_circuit_build_p1,Build explicit parameterized p=1 Qiskit circuit,26,773456,0.773456
Circuit,qiskit_circuit_build_p1,Build explicit parameterized p=1 Qiskit circuit,27,774588,0.774588
Circuit,qiskit_circuit_build_p1,Build explicit parameterized p=1 Qiskit circuit,28,774148,0.774148
Circuit,qiskit_circuit_build_p1,Build explicit parameterized p=1 Qiskit circuit,29,778675,0.778675
Circuit,qiskit_circuit_build_p1,Build explicit parameterized p=1 Qiskit circuit,30,766122,0.766122
Circuit,qiskit_circuit_build_p2,Build explicit parameterized p=2 Qiskit circuit,0,1297059,1.297059
Circuit,qiskit_circuit_build_p2,Build explicit parameterized p=2 Qiskit circuit,1,1275027,1.275027
Circuit,qiskit_circuit_build_p2,Build explicit parameterized p=2 Qiskit circuit,2,1320932,1.320932
Circuit,qiskit_circuit_build_p2,Build explicit parameterized p=2 Qiskit circuit,3,1429764,1.429764
Circuit,qiskit_circuit_build_p2,Build explicit parameterized p=2 Qiskit circuit,4,1389961,1.389961
Circuit,qiskit_circuit_build_p2,Build explicit parameterized p=2 Qiskit circuit,5,1381084,1.381084
Circuit,qiskit_circuit_build_p2,Build explicit parameterized p=2 Qiskit circuit,6,1377398,1.377398
Circuit,qiskit_circuit_build_p2,Build explicit parameterized p=2 Qiskit circuit,7,1385523,1.385523
Circuit,qiskit_circuit_build_p2,Build explicit parameterized p=2 Qiskit circuit,8,1395471,1.395471
Circuit,qiskit_circuit_build_p2,Build explicit parameterized p=2 Qiskit circuit,9,1378289,1.378289
Circuit,qiskit_circuit_build_p2,Build explicit parameterized p=2 Qiskit circuit,10,1389068,1.389068
Circuit,qiskit_circuit_build_p2,Build explicit parameterized p=2 Qiskit circuit,11,2249016,2.249016
Circuit,qiskit_circuit_build_p2,Build explicit parameterized p=2 Qiskit circuit,12,1306526,1.306526
Circuit,qiskit_circuit_build_p2,Build explicit parameterized p=2 Qiskit circuit,13,1299082,1.299082
Circuit,qiskit_circuit_build_p2,Build explicit parameterized p=2 Qiskit circuit,14,1293391,1.293391
Circuit,qiskit_circuit_build_p2,Build explicit parameterized p=2 Qiskit circuit,15,1286889,1.286889
Circuit,qiskit_circuit_build_p2,Build explicit parameterized p=2 Qiskit circuit,16,1306536,1.306536
Circuit,qiskit_circuit_build_p2,Build explicit parameterized p=2 Qiskit circuit,17,1291808,1.291808
Circuit,qiskit_circuit_build_p2,Build explicit parameterized p=2 Qiskit circuit,18,1291809,1.291809
Circuit,qiskit_circuit_build_p2,Build explicit parameterized p=2 Qiskit circuit,19,1307277,1.307277
Circuit,qiskit_circuit_build_p2,Build explicit parameterized p=2 Qiskit circuit,20,1295065,1.295065
Circuit,qiskit_circuit_build_p2,Build explicit parameterized p=2 Qiskit circuit,21,1290245,1.290245
Circuit,qiskit_circuit_build_p2,Build explicit parameterized p=2 Qiskit circuit,22,1295245,1.295245
Circuit,qiskit_circuit_build_p2,Build explicit parameterized p=2 Qiskit circuit,23,1306396,1.306396
Circuit,qiskit_circuit_build_p2,Build explicit parameterized p=2 Qiskit circuit,24,1298271,1.298271
Circuit,qiskit_circuit_build_p2,Build explicit parameterized p=2 Qiskit circuit,25,1291257,1.291257
Circuit,qiskit_circuit_build_p2,Build explicit parameterized p=2 Qiskit circuit,26,1284585,1.284585
Circuit,qiskit_circuit_build_p2,Build explicit parameterized p=2 Qiskit circuit,27,1277912,1.277912
Circuit,qiskit_circuit_build_p2,Build explicit parameterized p=2 Qiskit circuit,28,1283503,1.283503
Circuit,qiskit_circuit_build_p2,Build explicit parameterized p=2 Qiskit circuit,29,1283313,1.283313
Circuit,qiskit_circuit_build_p2,Build explicit parameterized p=2 Qiskit circuit,30,1422922,1.422922
Simulation,numpy_statevector_p1,Independent NumPy p=1 state evolution,0,4662517,4.662517
Simulation,numpy_statevector_p1,Independent NumPy p=1 state evolution,1,4483775,4.483775
Simulation,numpy_statevector_p1,Independent NumPy p=1 state evolution,2,4411691,4.411691
Simulation,numpy_statevector_p1,Independent NumPy p=1 state evolution,3,4669661,4.669661
Simulation,numpy_statevector_p1,Independent NumPy p=1 state evolution,4,4304572,4.304572
Simulation,numpy_statevector_p1,Independent NumPy p=1 state evolution,5,4392325,4.392325
Simulation,numpy_statevector_p1,Independent NumPy p=1 state evolution,6,4645425,4.645425
Simulation,numpy_statevector_p1,Independent NumPy p=1 state evolution,7,4314210,4.31421
Simulation,numpy_statevector_p1,Independent NumPy p=1 state evolution,8,4391564,4.391564
Simulation,numpy_statevector_p1,Independent NumPy p=1 state evolution,9,4645515,4.645515
Simulation,numpy_statevector_p1,Independent NumPy p=1 state evolution,10,4332995,4.332995
Simulation,numpy_statevector_p1,Independent NumPy p=1 state evolution,11,4397534,4.397534
Simulation,numpy_statevector_p1,Independent NumPy p=1 state evolution,12,4629786,4.629786
Simulation,numpy_statevector_p1,Independent NumPy p=1 state evolution,13,4318037,4.318037
Simulation,numpy_statevector_p1,Independent NumPy p=1 state evolution,14,4372929,4.372929
Simulation,numpy_statevector_p1,Independent NumPy p=1 state evolution,15,4638282,4.638282
Simulation,numpy_statevector_p1,Independent NumPy p=1 state evolution,16,4323748,4.323748
Simulation,numpy_statevector_p1,Independent NumPy p=1 state evolution,17,4405420,4.40542
Simulation,numpy_statevector_p1,Independent NumPy p=1 state evolution,18,4652108,4.652108
Simulation,numpy_statevector_p1,Independent NumPy p=1 state evolution,19,4333215,4.333215
Simulation,numpy_statevector_p1,Independent NumPy p=1 state evolution,20,4382507,4.382507
Simulation,numpy_statevector_p1,Independent NumPy p=1 state evolution,21,4645405,4.645405
Simulation,numpy_statevector_p1,Independent NumPy p=1 state evolution,22,4303249,4.303249
Simulation,numpy_statevector_p1,Independent NumPy p=1 state evolution,23,4390021,4.390021
Simulation,numpy_statevector_p1,Independent NumPy p=1 state evolution,24,4624626,4.624626
Simulation,numpy_statevector_p1,Independent NumPy p=1 state evolution,25,4374011,4.374011
Simulation,numpy_statevector_p1,Independent NumPy p=1 state evolution,26,4384461,4.384461
Simulation,numpy_statevector_p1,Independent NumPy p=1 state evolution,27,4659611,4.659611
Simulation,numpy_statevector_p1,Independent NumPy p=1 state evolution,28,4335640,4.33564
Simulation,numpy_statevector_p1,Independent NumPy p=1 state evolution,29,4394379,4.394379
Simulation,numpy_statevector_p1,Independent NumPy p=1 state evolution,30,4638051,4.638051
Simulation,numpy_statevector_p2,Independent NumPy p=2 state evolution,0,8960838,8.960838
Simulation,numpy_statevector_p2,Independent NumPy p=2 state evolution,1,8434179,8.434179
Simulation,numpy_statevector_p2,Independent NumPy p=2 state evolution,2,8565242,8.565242
Simulation,numpy_statevector_p2,Independent NumPy p=2 state evolution,3,8873586,8.873586
Simulation,numpy_statevector_p2,Independent NumPy p=2 state evolution,4,8297095,8.297095
Simulation,numpy_statevector_p2,Independent NumPy p=2 state evolution,5,8477360,8.47736
Simulation,numpy_statevector_p2,Independent NumPy p=2 state evolution,6,8857656,8.857656
Simulation,numpy_statevector_p2,Independent NumPy p=2 state evolution,7,8408541,8.408541
Simulation,numpy_statevector_p2,Independent NumPy p=2 state evolution,8,8585130,8.58513
Simulation,numpy_statevector_p2,Independent NumPy p=2 state evolution,9,8983910,8.98391
Simulation,numpy_statevector_p2,Independent NumPy p=2 state evolution,10,8398704,8.398704
Simulation,numpy_statevector_p2,Independent NumPy p=2 state evolution,11,8560174,8.560174
Simulation,numpy_statevector_p2,Independent NumPy p=2 state evolution,12,8945929,8.945929
Simulation,numpy_statevector_p2,Independent NumPy p=2 state evolution,13,8361655,8.361655
Simulation,numpy_statevector_p2,Independent NumPy p=2 state evolution,14,8401679,8.401679
Simulation,numpy_statevector_p2,Independent NumPy p=2 state evolution,15,8609475,8.609475
Simulation,numpy_statevector_p2,Independent NumPy p=2 state evolution,16,8161253,8.161253
Simulation,numpy_statevector_p2,Independent NumPy p=2 state evolution,17,8239839,8.239839
Simulation,numpy_statevector_p2,Independent NumPy p=2 state evolution,18,8426856,8.426856
Simulation,numpy_statevector_p2,Independent NumPy p=2 state evolution,19,7987450,7.98745
Simulation,numpy_statevector_p2,Independent NumPy p=2 state evolution,20,8082747,8.082747
Simulation,numpy_statevector_p2,Independent NumPy p=2 state evolution,21,8298789,8.298789
Simulation,numpy_statevector_p2,Independent NumPy p=2 state evolution,22,7805222,7.805222
Simulation,numpy_statevector_p2,Independent NumPy p=2 state evolution,23,7925756,7.925756
Simulation,numpy_statevector_p2,Independent NumPy p=2 state evolution,24,8107603,8.107603
Simulation,numpy_statevector_p2,Independent NumPy p=2 state evolution,25,7692693,7.692693
Simulation,numpy_statevector_p2,Independent NumPy p=2 state evolution,26,7730283,7.730283
Simulation,numpy_statevector_p2,Independent NumPy p=2 state evolution,27,8104958,8.104958
Simulation,numpy_statevector_p2,Independent NumPy p=2 state evolution,28,7520262,7.520262
Simulation,numpy_statevector_p2,Independent NumPy p=2 state evolution,29,7587307,7.587307
Simulation,numpy_statevector_p2,Independent NumPy p=2 state evolution,30,7914805,7.914805
Simulation,qiskit_statevector_p1,Qiskit Statevector execution of bound p=1 circuit,0,10431959,10.431959
Simulation,qiskit_statevector_p1,Qiskit Statevector execution of bound p=1 circuit,1,10289975,10.289975
Simulation,qiskit_statevector_p1,Qiskit Statevector execution of bound p=1 circuit,2,10145126,10.145126
Simulation,qiskit_statevector_p1,Qiskit Statevector execution of bound p=1 circuit,3,11398684,11.398684
Simulation,qiskit_statevector_p1,Qiskit Statevector execution of bound p=1 circuit,4,9990900,9.9909
Simulation,qiskit_statevector_p1,Qiskit Statevector execution of bound p=1 circuit,5,9879974,9.879974
Simulation,qiskit_statevector_p1,Qiskit Statevector execution of bound p=1 circuit,6,11071997,11.071997
Simulation,qiskit_statevector_p1,Qiskit Statevector execution of bound p=1 circuit,7,9708585,9.708585
Simulation,qiskit_statevector_p1,Qiskit Statevector execution of bound p=1 circuit,8,9712112,9.712112
Simulation,qiskit_statevector_p1,Qiskit Statevector execution of bound p=1 circuit,9,10853772,10.853772
Simulation,qiskit_statevector_p1,Qiskit Statevector execution of bound p=1 circuit,10,9470574,9.470574
Simulation,qiskit_statevector_p1,Qiskit Statevector execution of bound p=1 circuit,11,9414130,9.41413
Simulation,qiskit_statevector_p1,Qiskit Statevector execution of bound p=1 circuit,12,10556130,10.55613
Simulation,qiskit_statevector_p1,Qiskit Statevector execution of bound p=1 circuit,13,9277515,9.277515
Simulation,qiskit_statevector_p1,Qiskit Statevector execution of bound p=1 circuit,14,9208597,9.208597
Simulation,qiskit_statevector_p1,Qiskit Statevector execution of bound p=1 circuit,15,10332414,10.332414
Simulation,qiskit_statevector_p1,Qiskit Statevector execution of bound p=1 circuit,16,9025808,9.025808
Simulation,qiskit_statevector_p1,Qiskit Statevector execution of bound p=1 circuit,17,8939588,8.939588
Simulation,qiskit_statevector_p1,Qiskit Statevector execution of bound p=1 circuit,18,10008843,10.008843
Simulation,qiskit_statevector_p1,Qiskit Statevector execution of bound p=1 circuit,19,8824374,8.824374
Simulation,qiskit_statevector_p1,Qiskit Statevector execution of bound p=1 circuit,20,8760695,8.760695
Simulation,qiskit_statevector_p1,Qiskit Statevector execution of bound p=1 circuit,21,9778716,9.778716
Simulation,qiskit_statevector_p1,Qiskit Statevector execution of bound p=1 circuit,22,8607481,8.607481
Simulation,qiskit_statevector_p1,Qiskit Statevector execution of bound p=1 circuit,23,8504330,8.50433
Simulation,qiskit_statevector_p1,Qiskit Statevector execution of bound p=1 circuit,24,9581420,9.58142
Simulation,qiskit_statevector_p1,Qiskit Statevector execution of bound p=1 circuit,25,8447294,8.447294
Simulation,qiskit_statevector_p1,Qiskit Statevector execution of bound p=1 circuit,26,8299870,8.29987
Simulation,qiskit_statevector_p1,Qiskit Statevector execution of bound p=1 circuit,27,9419759,9.419759
Simulation,qiskit_statevector_p1,Qiskit Statevector execution of bound p=1 circuit,28,8524417,8.524417
Simulation,qiskit_statevector_p1,Qiskit Statevector execution of bound p=1 circuit,29,8205736,8.205736
Simulation,qiskit_statevector_p1,Qiskit Statevector execution of bound p=1 circuit,30,9169434,9.169434
Simulation,qiskit_statevector_p2,Qiskit Statevector execution of bound p=2 circuit,0,14297927,14.297927
Simulation,qiskit_statevector_p2,Qiskit Statevector execution of bound p=2 circuit,1,14089559,14.089559
Simulation,qiskit_statevector_p2,Qiskit Statevector execution of bound p=2 circuit,2,13878167,13.878167
Simulation,qiskit_statevector_p2,Qiskit Statevector execution of bound p=2 circuit,3,15535885,15.535885
Simulation,qiskit_statevector_p2,Qiskit Statevector execution of bound p=2 circuit,4,13620108,13.620108
Simulation,qiskit_statevector_p2,Qiskit Statevector execution of bound p=2 circuit,5,13464389,13.464389
Simulation,qiskit_statevector_p2,Qiskit Statevector execution of bound p=2 circuit,6,15105807,15.105807
Simulation,qiskit_statevector_p2,Qiskit Statevector execution of bound p=2 circuit,7,13506998,13.506998
Simulation,qiskit_statevector_p2,Qiskit Statevector execution of bound p=2 circuit,8,13342112,13.342112
Simulation,qiskit_statevector_p2,Qiskit Statevector execution of bound p=2 circuit,9,15041317,15.041317
Simulation,qiskit_statevector_p2,Qiskit Statevector execution of bound p=2 circuit,10,13426669,13.426669
Simulation,qiskit_statevector_p2,Qiskit Statevector execution of bound p=2 circuit,11,13310243,13.310243
Simulation,qiskit_statevector_p2,Qiskit Statevector execution of bound p=2 circuit,12,15126194,15.126194
Simulation,qiskit_statevector_p2,Qiskit Statevector execution of bound p=2 circuit,13,13391223,13.391223
Simulation,qiskit_statevector_p2,Qiskit Statevector execution of bound p=2 circuit,14,13319560,13.31956
Simulation,qiskit_statevector_p2,Qiskit Statevector execution of bound p=2 circuit,15,14976837,14.976837
Simulation,qiskit_statevector_p2,Qiskit Statevector execution of bound p=2 circuit,16,13348564,13.348564
Simulation,qiskit_statevector_p2,Qiskit Statevector execution of bound p=2 circuit,17,13347291,13.347291
Simulation,qiskit_statevector_p2,Qiskit Statevector execution of bound p=2 circuit,18,15038021,15.038021
Simulation,qiskit_statevector_p2,Qiskit Statevector execution of bound p=2 circuit,19,13387396,13.387396
Simulation,qiskit_statevector_p2,Qiskit Statevector execution of bound p=2 circuit,20,13285006,13.285006
Simulation,qiskit_statevector_p2,Qiskit Statevector execution of bound p=2 circuit,21,15074438,15.074438
Simulation,qiskit_statevector_p2,Qiskit Statevector execution of bound p=2 circuit,22,13741534,13.741534
Simulation,qiskit_statevector_p2,Qiskit Statevector execution of bound p=2 circuit,23,13343625,13.343625
Simulation,qiskit_statevector_p2,Qiskit Statevector execution of bound p=2 circuit,24,15030447,15.030447
Simulation,qiskit_statevector_p2,Qiskit Statevector execution of bound p=2 circuit,25,13368290,13.36829
Simulation,qiskit_statevector_p2,Qiskit Statevector execution of bound p=2 circuit,26,13394569,13.394569
Simulation,qiskit_statevector_p2,Qiskit Statevector execution of bound p=2 circuit,27,15006162,15.006162
Simulation,qiskit_statevector_p2,Qiskit Statevector execution of bound p=2 circuit,28,13343555,13.343555
Simulation,qiskit_statevector_p2,Qiskit Statevector execution of bound p=2 circuit,29,13325060,13.32506
Simulation,qiskit_statevector_p2,Qiskit Statevector execution of bound p=2 circuit,30,15081201,15.081201
Analysis,core_metric_calculation,Calculate final metrics over all 16384 states,0,27543549,27.543549
Analysis,core_metric_calculation,Calculate final metrics over all 16384 states,1,27605324,27.605324
Analysis,core_metric_calculation,Calculate final metrics over all 16384 states,2,27671056,27.671056
Analysis,core_metric_calculation,Calculate final metrics over all 16384 states,3,27629279,27.629279
Analysis,core_metric_calculation,Calculate final metrics over all 16384 states,4,27701623,27.701623
Analysis,core_metric_calculation,Calculate final metrics over all 16384 states,5,27615953,27.615953
Analysis,core_metric_calculation,Calculate final metrics over all 16384 states,6,27583334,27.583334
Analysis,core_metric_calculation,Calculate final metrics over all 16384 states,7,27587611,27.587611
Analysis,core_metric_calculation,Calculate final metrics over all 16384 states,8,27654535,27.654535
Analysis,core_metric_calculation,Calculate final metrics over all 16384 states,9,27640920,27.64092
Analysis,core_metric_calculation,Calculate final metrics over all 16384 states,10,27630771,27.630771
Analysis,core_metric_calculation,Calculate final metrics over all 16384 states,11,27618298,27.618298
Analysis,core_metric_calculation,Calculate final metrics over all 16384 states,12,27638926,27.638926
Analysis,core_metric_calculation,Calculate final metrics over all 16384 states,13,27580708,27.580708
Analysis,core_metric_calculation,Calculate final metrics over all 16384 states,14,27633817,27.633817
Analysis,core_metric_calculation,Calculate final metrics over all 16384 states,15,27699068,27.699068
Analysis,core_metric_calculation,Calculate final metrics over all 16384 states,16,27598631,27.598631
Analysis,core_metric_calculation,Calculate final metrics over all 16384 states,17,27508515,27.508515
Analysis,core_metric_calculation,Calculate final metrics over all 16384 states,18,27540354,27.540354
Analysis,core_metric_calculation,Calculate final metrics over all 16384 states,19,27612007,27.612007
Analysis,core_metric_calculation,Calculate final metrics over all 16384 states,20,27625903,27.625903
Analysis,core_metric_calculation,Calculate final metrics over all 16384 states,21,27579477,27.579477
Analysis,core_metric_calculation,Calculate final metrics over all 16384 states,22,27592500,27.5925
Analysis,core_metric_calculation,Calculate final metrics over all 16384 states,23,27590306,27.590306
Analysis,core_metric_calculation,Calculate final metrics over all 16384 states,24,27607337,27.607337
Analysis,core_metric_calculation,Calculate final metrics over all 16384 states,25,27610103,27.610103
Analysis,core_metric_calculation,Calculate final metrics over all 16384 states,26,27601647,27.601647
Analysis,core_metric_calculation,Calculate final metrics over all 16384 states,27,27639688,27.639688
Analysis,core_metric_calculation,Calculate final metrics over all 16384 states,28,27609121,27.609121
Analysis,core_metric_calculation,Calculate final metrics over all 16384 states,29,27601046,27.601046
Analysis,core_metric_calculation,Calculate final metrics over all 16384 states,30,27512021,27.512021
Analysis,finite_shot_sampling_4096,One multinomial finite-shot sample with 4096 shots,0,732841,0.732841
Analysis,finite_shot_sampling_4096,One multinomial finite-shot sample with 4096 shots,1,736318,0.736318
Analysis,finite_shot_sampling_4096,One multinomial finite-shot sample with 4096 shots,2,726549,0.726549
Analysis,finite_shot_sampling_4096,One multinomial finite-shot sample with 4096 shots,3,730076,0.730076
Analysis,finite_shot_sampling_4096,One multinomial finite-shot sample with 4096 shots,4,733202,0.733202
Analysis,finite_shot_sampling_4096,One multinomial finite-shot sample with 4096 shots,5,729024,0.729024
Analysis,finite_shot_sampling_4096,One multinomial finite-shot sample with 4096 shots,6,726830,0.72683
Analysis,finite_shot_sampling_4096,One multinomial finite-shot sample with 4096 shots,7,723553,0.723553
Analysis,finite_shot_sampling_4096,One multinomial finite-shot sample with 4096 shots,8,732970,0.73297
Analysis,finite_shot_sampling_4096,One multinomial finite-shot sample with 4096 shots,9,728593,0.728593
Analysis,finite_shot_sampling_4096,One multinomial finite-shot sample with 4096 shots,10,726970,0.72697
Analysis,finite_shot_sampling_4096,One multinomial finite-shot sample with 4096 shots,11,728823,0.728823
Analysis,finite_shot_sampling_4096,One multinomial finite-shot sample with 4096 shots,12,732429,0.732429
Analysis,finite_shot_sampling_4096,One multinomial finite-shot sample with 4096 shots,13,724255,0.724255
Analysis,finite_shot_sampling_4096,One multinomial finite-shot sample with 4096 shots,14,733712,0.733712
Analysis,finite_shot_sampling_4096,One multinomial finite-shot sample with 4096 shots,15,728102,0.728102
Analysis,finite_shot_sampling_4096,One multinomial finite-shot sample with 4096 shots,16,733021,0.733021
Analysis,finite_shot_sampling_4096,One multinomial finite-shot sample with 4096 shots,17,727421,0.727421
Analysis,finite_shot_sampling_4096,One multinomial finite-shot sample with 4096 shots,18,733181,0.733181
Analysis,finite_shot_sampling_4096,One multinomial finite-shot sample with 4096 shots,19,725807,0.725807
Analysis,finite_shot_sampling_4096,One multinomial finite-shot sample with 4096 shots,20,732560,0.73256
Analysis,finite_shot_sampling_4096,One multinomial finite-shot sample with 4096 shots,21,721960,0.72196
Analysis,finite_shot_sampling_4096,One multinomial finite-shot sample with 4096 shots,22,727471,0.727471
Analysis,finite_shot_sampling_4096,One multinomial finite-shot sample with 4096 shots,23,727070,0.72707
Analysis,finite_shot_sampling_4096,One multinomial finite-shot sample with 4096 shots,24,725076,0.725076
Analysis,finite_shot_sampling_4096,One multinomial finite-shot sample with 4096 shots,25,728733,0.728733
Analysis,finite_shot_sampling_4096,One multinomial finite-shot sample with 4096 shots,26,728823,0.728823
Analysis,finite_shot_sampling_4096,One multinomial finite-shot sample with 4096 shots,27,729746,0.729746
Analysis,finite_shot_sampling_4096,One multinomial finite-shot sample with 4096 shots,28,724865,0.724865
Analysis,finite_shot_sampling_4096,One multinomial finite-shot sample with 4096 shots,29,727961,0.727961
Analysis,finite_shot_sampling_4096,One multinomial finite-shot sample with 4096 shots,30,724956,0.724956
